# This file uses centimeters as units for non-parametric coordinates.

mtllib Gun_Revolver.mtl
g default
v -6.306159 20.646411 -3.781784
v -5.719200 20.653465 -3.785378
v -6.306159 19.902167 -2.790217
v -6.306159 20.156151 -2.766144
v -5.719200 19.899691 -2.782595
v -6.306159 20.308145 -2.790217
v -5.719200 20.310623 -2.782595
v -5.719200 20.643073 -3.024134
v -6.306159 20.636590 -3.028845
v -6.306159 21.752909 -4.190263
v -6.306159 21.871366 -3.759988
v -5.719199 21.744688 -4.188961
v -4.636657 20.646259 -3.781708
v -5.719199 21.864883 -3.755278
v -4.636657 20.636451 -3.028946
v -4.636657 21.871505 -3.760089
v -5.719199 22.197333 -3.513738
v -6.306159 22.199811 -3.521361
v -4.636657 21.753084 -4.190292
v -6.306159 23.058533 -4.138806
v -6.306159 23.485977 -4.056494
v -5.719199 23.066351 -4.137568
v -6.306159 22.934232 -3.759988
v -6.306159 22.605789 -3.521361
v -5.719199 22.608267 -3.513738
v -3.278351 19.922085 -2.851518
v -4.636657 19.727861 -2.879221
v -4.636657 19.902217 -2.790380
v -6.306159 19.372823 -2.182426
v -6.306159 19.727782 -2.879070
v 0.280988 19.372823 -2.182426
v -5.719200 19.724190 -2.872017
v -5.719199 22.940715 -3.755278
v -3.278351 20.584442 -3.066731
v -3.278351 19.756725 -2.935875
v -3.278351 20.589687 -3.752883
v -6.306159 19.647563 0.222111
v -6.306159 19.372826 -0.317094
v -5.719199 19.643787 0.214695
v -3.278354 21.891213 -3.774405
v -4.636657 22.934093 -3.760089
v -6.306159 20.105157 0.025175
v -3.278354 21.778067 -4.194248
v -4.636657 23.058363 -4.138833
v -6.306159 20.388130 0.098080
v -5.719199 20.105157 0.017160
v -6.306159 24.041782 -3.667039
v -5.719200 24.035898 -3.672925
v -6.306159 24.017311 -3.691511
v -2.132296 19.938932 -2.903365
v -5.719200 24.009144 -3.209487
v -6.306159 24.016768 -3.211965
v -2.132296 20.540339 -3.098774
v -2.132296 19.782429 -2.986319
v -4.636658 20.105157 0.025346
v -5.719199 20.737516 0.476596
v -2.132296 20.541711 -3.728438
v -3.278351 20.288226 -2.851518
v -3.278354 22.914387 -3.774405
v -6.306159 20.729894 0.479072
v -2.132298 21.923514 -3.797875
v -4.636658 19.647644 0.222270
v -5.719200 24.250685 -2.877037
v -6.306159 24.255392 -2.883521
v -1.459340 19.801523 -3.023796
v 0.280988 23.485977 -4.056494
v -4.636658 24.041909 -3.666913
v -3.278354 23.034605 -4.142595
v -2.132296 20.271382 -2.903365
v -2.132298 21.819020 -4.200735
v -1.447136 19.984386 -3.043263
v -1.447137 19.876143 -3.098415
v -1.447136 20.421336 -3.185236
v 0.280988 19.372826 -0.317094
v -6.306159 20.729894 0.885051
v -5.719199 20.737516 0.887527
v -1.447136 20.421694 -3.643966
v -1.202427 20.041663 -3.219544
v -1.168553 20.032002 -3.267290
v -1.202427 20.285581 -3.507854
v -5.719199 20.505491 1.210461
v -6.306159 20.498075 1.206682
v -4.636658 24.016928 -3.212017
v -1.202427 20.168648 -3.219544
v -1.142230 20.126620 -3.348892
v -1.140166 20.155849 -3.378122
v -1.202427 20.271382 -3.294184
v -6.306159 24.528316 -2.785062
v -5.719200 24.528316 -2.777048
v -4.636658 24.255496 -2.883660
v 0.280988 19.801523 -3.023796
v 0.280988 20.469239 -3.691511
v -3.278352 20.105157 0.049703
v -2.132298 22.882086 -3.797875
v -1.447136 22.086620 -3.916379
v -1.447136 22.025822 -4.233488
v -6.306159 24.807061 -2.784288
v -6.306159 25.113724 -2.182426
v -5.719200 24.810835 -2.776873
v -3.278354 24.059793 -3.649027
v -3.278352 19.659129 0.244808
v -4.636658 20.729729 0.884998
v 0.280988 24.017311 -3.691511
v -2.132298 22.994786 -4.148902
v -4.636658 20.497918 1.206601
v -3.278354 24.040096 -3.219544
v -1.202430 22.236569 -4.266869
v -1.121138 22.402799 -4.146097
v -1.200450 22.243275 -4.267930
v -1.154208 22.369719 -4.247903
v -1.651574 22.718978 -3.916379
v -1.154208 22.465719 -4.232698
v -1.651574 22.787986 -4.181655
v -6.306159 22.199811 1.009895
v -5.719199 22.197333 1.002273
v -6.306159 21.754849 1.691050
v -6.306159 21.310609 1.620689
v -5.719199 21.746628 1.689748
v -1.206612 22.602606 -4.211018
v -6.306159 21.871366 1.248523
v -2.132297 20.105157 0.089630
v -3.278354 24.269812 -2.903365
v 0.280988 22.243275 -4.267930
v -5.719199 21.864883 1.243812
v -3.278354 24.528316 -2.809591
v -4.636658 24.528316 -2.785234
v -6.306159 22.605789 1.009895
v -5.719199 22.608267 1.002273
v -3.278352 20.706564 0.877471
v -2.132297 24.089114 -3.619707
v -2.132297 19.677954 0.281753
v -4.636657 21.871505 1.248624
v -3.278352 20.474672 1.194758
v -2.132297 24.293281 -2.935667
v -2.132297 24.078068 -3.231882
v -6.306159 24.110070 0.295953
v -5.719199 24.103587 0.291242
v -5.719199 24.436037 0.049703
v -6.306159 24.438513 0.057325
v -4.636657 21.755026 1.691078
v -1.651574 20.105157 0.291242
v -6.306159 22.934232 1.248523
v -5.719199 23.067180 1.637915
v -6.306159 23.058959 1.639217
v -5.719199 23.976602 0.682061
v -6.306159 23.984612 0.682061
v -5.719199 22.940715 1.243812
v -6.306159 24.906777 0.089061
v 0.280988 25.013488 -2.432239
v -1.447136 19.776927 0.475995
v -1.651574 19.788977 0.452344
v -6.306159 24.125597 1.083700
v -1.651576 24.129605 -3.579218
v -2.132297 20.469241 1.191990
v -1.368581 19.801525 0.524275
v -5.719199 24.910368 0.082008
v -4.636658 24.806980 -2.784447
v -1.651576 24.129912 -3.248728
v -6.306159 24.017311 1.191990
v -5.719199 24.120005 1.089297
v -3.278352 21.891213 1.262940
v -1.121138 20.105157 0.682061
v -1.447136 24.256590 -3.497218
v -2.132297 20.668592 0.865133
v 0.280988 21.310609 1.620689
v -4.636657 23.058784 1.639245
v -4.636657 23.984787 0.682061
v -1.447136 24.269812 -3.294184
v -1.651574 20.476848 0.561292
v -4.636657 22.934093 1.248624
v -1.158468 20.069389 0.792139
v -4.636657 24.906701 0.089212
v -4.636657 24.110209 0.296054
v -1.289683 24.354418 -3.321673
v -2.132297 20.443586 1.166337
v -1.204775 24.334315 -3.329700
v 0.280988 19.801525 0.524275
v -3.278354 24.795493 -2.806985
v -4.636657 24.125722 1.083580
v -3.278352 21.780005 1.695035
v -4.636657 24.438566 0.057488
v -1.651574 20.476848 0.802831
v -1.651574 20.295534 1.018285
v -1.241726 24.495211 -3.213606
v -1.289683 24.464074 -3.170744
v -1.289683 24.587110 -3.121710
v -1.447136 24.411784 -3.098774
v -1.447136 24.528316 -3.051130
v -1.370705 24.641503 -3.067318
v -1.651576 24.528316 -2.904033
v -1.651576 24.750969 -2.894375
v -1.465223 24.694245 -3.023796
v -3.278352 22.914387 1.262940
v -2.132300 21.923514 1.286409
v 0.280988 22.302637 -2.524035
v 0.280988 21.802784 -2.131109
v -2.132297 24.776670 -2.843930
v -3.278352 24.895779 0.110647
v 0.280988 24.685025 -3.023796
v -6.306159 25.113724 -0.317094
v 0.280988 25.013488 -0.067281
v -3.202986 23.033801 1.643202
v -2.132300 21.820963 1.701521
v -3.278352 24.142731 1.066569
v 0.280988 22.919833 -2.131109
v 0.280988 22.455041 -2.522953
v -3.278352 24.446094 0.080653
v -3.278352 24.009144 0.682061
v 0.280988 24.017311 1.191990
v -1.651574 22.086620 1.404914
v -2.132300 22.882086 1.286409
v -2.132301 24.049072 0.682061
v -3.278352 24.129912 0.310370
v 0.280989 21.802784 -0.415552
v 0.280988 22.302637 -0.022626
v -1.651574 22.027760 1.734275
v -2.132301 24.162213 0.333839
v -2.132301 24.877875 0.145784
v -2.132300 22.992846 1.649688
v -2.132301 24.458431 0.118626
v -2.132301 24.170616 1.038685
v -1.367829 22.073725 1.741555
v -1.651574 22.282029 1.262940
v -1.121138 22.402799 1.634631
v -1.651574 22.718978 1.404914
v -1.651574 22.523569 1.262940
v -1.651574 22.786046 1.682442
v -1.206515 22.243275 1.768409
v -1.651577 24.823048 0.253391
v -1.651577 24.496216 0.234916
v -1.176021 22.313711 1.757253
v -1.651577 24.257680 0.951621
v -1.230134 22.627318 1.707582
v -4.636657 20.308091 -2.790380
v -1.160695 22.473504 1.731944
v -1.651577 24.171346 0.682061
v -1.651577 24.261137 0.405711
v -1.289683 24.548222 0.394977
v -1.289683 24.747580 0.401499
v -1.289683 24.397294 0.504634
v 0.280988 22.243275 1.768409
v -1.289683 24.381266 0.828034
v -1.289683 24.339644 0.682061
v -1.148674 24.613478 0.595819
v -1.157745 24.527238 0.682061
v -1.182444 24.685025 0.524275
v -1.145979 24.575323 0.633978
v 0.280988 24.685025 0.524275
v -4.636657 22.199865 -3.521523
v -6.306159 21.802784 -2.131109
v -4.636657 22.605736 -3.521523
v -6.306156 21.191718 -0.913338
v -3.278354 22.207393 -3.544688
v -6.306159 19.225106 -1.249759
v 0.280988 19.225106 -1.249759
v -6.306159 21.321625 -3.611973
v -6.306159 20.856833 -3.176276
v 0.280988 20.856833 -3.176276
v 0.280988 21.321625 -3.611973
v -3.278354 22.598208 -3.544688
v -6.306159 21.802784 -0.415552
v -6.306159 23.416464 -1.565579
v -6.306156 20.691868 -2.001276
v -6.306156 20.210704 -2.001275
v 0.280988 20.210704 -2.001275
v 0.280988 20.691868 -2.001276
v -1.447136 20.225925 -3.043263
v -4.636658 20.729729 0.479126
v -2.132298 22.219730 -3.582661
v -6.306159 20.856833 -2.566805
v -6.306159 21.321625 -2.131109
v 0.280988 21.321625 -2.131109
v 0.280988 20.856833 -2.566805
v -6.306159 23.416464 -0.956108
v -6.306159 22.919833 -0.415552
v -2.132298 22.585871 -3.582661
v -6.306156 21.191718 -1.608350
v -6.306159 22.919833 -3.611973
v -6.306159 22.455041 -3.176276
v 0.280988 22.455041 -3.216971
v 0.280988 22.919833 -3.611973
v -6.306159 22.302637 -2.566430
v -6.306159 22.302637 -3.174513
v 0.280988 22.302637 -3.219046
v -6.306159 22.455041 -2.566805
v -1.447136 22.282029 -3.774405
v -3.278352 20.706564 0.486652
v -6.306156 20.210704 -0.520412
v -6.306156 20.691868 -0.520412
v 0.280988 20.691868 -0.520412
v 0.280988 20.210704 -0.520412
v -1.651574 22.523569 -3.774405
v -6.306159 21.321625 -0.415552
v -6.306159 20.856833 0.020144
v 0.280988 20.856833 0.020144
v 0.280988 21.321625 -0.415552
v -6.306159 22.919833 -2.131109
v -6.306159 23.400995 -2.131109
v 0.280988 23.400995 -2.131109
v -6.306159 23.900845 -2.524035
v -6.306159 23.900845 -3.219046
v 0.280988 23.900845 -3.219046
v 0.280988 23.900845 -2.524035
v -4.636657 22.199865 1.010058
v -2.132297 20.668592 0.498990
v -4.636657 22.605736 1.010058
v -2.132297 24.528316 -2.849518
v -6.306159 24.362421 -2.001276
v -6.306159 23.881256 -2.001275
v 0.280988 23.881256 -2.001275
v 0.280988 24.362421 -2.001276
v -6.306156 19.745912 -1.249759
v -6.306156 19.745912 -1.565579
v -3.278352 22.207393 1.033223
v -1.651576 24.325323 -2.979770
v -3.278352 22.598208 1.033223
v -6.306159 22.302637 0.630781
v -6.306159 22.302637 0.021165
v 0.280988 22.302637 0.634966
v -6.306159 22.455041 0.020144
v -6.306159 22.455041 0.629616
v 0.280988 22.455041 0.634376
v 0.280988 22.455041 -0.021574
v -6.306156 19.745912 -0.956108
v -6.306159 25.109962 -1.249759
v 0.280988 25.261444 -1.249759
v -6.306159 22.919833 1.065312
v 0.280988 22.919833 1.065312
v -2.132300 22.219727 1.071196
v -6.306159 23.881256 -0.520412
v -6.306159 24.362416 -0.520412
v 0.280988 24.362416 -0.520412
v 0.280988 23.881256 -0.520412
v 0.280986 21.191718 -0.913338
v -2.132300 22.585874 1.071196
v -6.306159 23.900845 0.672386
v -6.306159 23.900845 -0.022626
v 0.280988 23.900845 -0.022626
v 0.280988 23.900845 0.672386
v -6.306159 23.485977 1.556973
v 0.280988 23.485977 1.556973
v 0.280990 23.416464 -1.565579
v -6.306159 23.400995 -3.611973
v -6.306159 23.756491 -3.332523
v 0.280988 23.416464 -0.956108
v 0.280988 23.400995 -0.415552
v 0.280988 22.919833 -0.415552
v -6.306159 21.802784 -3.611973
v 0.280988 22.085559 -3.611973
v -6.306159 24.862271 -1.608350
v -6.306159 24.862271 -1.249759
v -6.306159 20.856833 0.629616
v 0.280988 20.856833 0.629616
v -6.306159 24.862271 -0.913338
v 0.280985 19.745912 -1.565579
v 0.280988 19.745912 -1.249759
v -6.306159 23.734688 0.802998
v -6.306159 23.400995 1.065312
v 0.280988 21.310609 -4.120210
v 0.280988 19.745912 -0.956108
v -6.306159 21.321625 1.065312
v 0.280988 21.321625 1.065312
v 0.280988 23.400995 -3.611973
v -6.306159 21.802784 1.065312
v 0.280988 21.939062 0.945450
v 0.280988 20.469241 1.191990
v 0.280988 24.862271 -1.249759
v 0.280988 24.862271 -1.608350
v -6.306159 21.310609 -4.120210
v 0.280988 24.862271 -0.913338
v 0.280988 23.400995 1.065312
v -6.306159 23.400995 -0.415552
v -6.306159 26.299555 -1.672563
v -6.306159 26.309431 -1.249759
v 0.055039 26.689754 -1.249759
v 0.055039 26.679875 -1.616312
v -6.306159 26.299555 -0.826957
v 0.055039 26.679875 -0.883208
v 0.280987 25.432146 -0.443769
v -6.306159 25.432146 -0.317094
v -6.306159 25.432146 -2.182426
v 0.280987 25.432146 -2.055751
v 0.280987 25.429566 -1.249759
v 0.280987 26.005721 -0.443769
v -6.306159 26.029639 -0.317094
v -6.306159 26.005721 -2.182426
v 0.280987 26.005721 -2.055751
v 1.354778 25.432146 -2.055751
v 1.354778 25.429566 -1.249759
v 1.354778 26.005721 -2.055751
v 1.354778 25.990881 -1.249759
v 1.354778 25.432146 -0.443769
v 1.354778 26.005721 -0.443769
v 1.446119 26.675068 -2.058341
v 1.446119 26.684947 -1.249759
v 1.446119 26.675068 -0.441179
v -0.688771 25.113724 -2.182426
v -0.688771 25.432146 -2.074400
v -0.688771 26.005721 -2.074400
v -0.688771 26.299555 -1.624594
v -0.688771 26.309431 -1.249759
v -0.688771 26.299555 -0.874926
v -0.688771 26.005721 -0.425120
v -0.688771 25.432146 -0.425120
v -0.688771 25.113724 -0.317094
v -9.232590 25.113724 -2.182426
v -9.232590 25.105613 -1.249759
v -9.232590 25.452097 -1.249759
v -9.232590 25.432146 -2.182426
v -9.232590 25.113724 -0.317094
v -9.232590 25.432146 -0.317094
v -9.232590 26.029639 -0.317094
v -9.232590 26.016906 -1.249759
v -9.232594 26.005721 -2.182426
v -8.353085 26.299555 -0.826957
v -8.353085 26.309431 -1.249759
v -8.353085 26.299555 -1.672563
v -6.907678 25.109962 -1.249759
v -6.907678 25.113726 -2.182426
v -6.907678 25.113726 -0.317094
v -6.907678 18.444302 -1.249759
v -6.907678 18.447303 -2.182426
v -8.630899 18.444302 -1.249759
v -8.630899 18.447300 -2.182426
v -6.907678 18.447303 -0.317094
v -8.630899 18.447300 -0.317094
v -8.908353 21.074801 -0.482902
v -6.907678 21.105859 -0.482902
v -6.907678 21.124387 -1.249759
v -6.907678 21.105859 -2.016618
v -8.908353 21.074801 -2.016618
v -8.908356 21.071072 -1.249759
v -9.232590 21.748173 -0.047658
v -6.907678 21.748173 -0.047658
v -6.907678 21.788238 -1.249759
v -6.907678 21.748173 -2.451863
v -9.232590 21.748173 -2.451863
v -9.232590 21.743714 -1.249759
v -9.232590 22.392118 -0.047658
v -6.907678 22.392121 -0.047658
v -6.907678 22.324513 -1.249759
v -6.907678 22.392121 -2.451863
v -9.232590 22.392118 -2.451863
v -9.232590 22.386931 -1.249759
v -9.232590 22.858838 -0.524353
v -6.907678 22.858840 -0.524353
v -6.907678 22.812762 -1.249759
v -6.907678 22.858840 -1.975167
v -9.232590 22.858838 -1.975167
v -9.232590 22.852918 -1.249759
v -9.232590 23.981155 -0.317094
v -6.907678 23.981157 -0.317094
v -6.907678 23.956610 -1.249759
v -6.907678 23.981157 -2.182426
v -9.232590 23.981155 -2.182426
v -9.232590 23.974504 -1.249759
v -9.232590 24.627436 -0.135886
v -6.907678 24.627444 -0.135886
v -6.907678 24.624428 -1.249759
v -6.907678 24.627444 -2.363634
v -9.232590 24.627436 -2.363634
v -9.232590 24.620058 -1.249759
v -8.630899 19.300622 -1.249759
v -8.630899 19.303806 -0.504221
v -6.907678 19.303806 -0.504221
v -6.907678 19.306187 -1.249759
v -6.907678 19.303806 -1.995299
v -8.630899 19.303806 -1.995299
v -8.630899 19.823077 -1.249759
v -8.630899 19.826440 -0.495255
v -6.907678 19.826440 -0.495255
v -6.907678 19.834206 -1.249759
v -6.907678 19.826440 -2.004264
v -8.630899 19.826440 -2.004264
v -8.630899 20.603518 -1.249759
v -8.630899 20.607064 -0.118125
v -6.907678 20.607067 -0.118125
v -6.907678 20.620215 -1.249759
v -6.907678 20.607067 -2.381394
v -8.630899 20.607064 -2.381394
v 0.280988 25.187584 -0.783427
v 0.280988 25.187584 -1.716092
v 0.280988 19.298966 -0.783427
v 0.280988 19.298966 -1.716092
v 0.280988 21.190569 -1.609254
v 0.280990 22.919833 -1.575323
v 0.280987 22.919836 -0.946561
v -6.306159 21.205341 -0.590229
v -6.306159 21.196880 -1.915440
v -5.719200 25.113724 -0.317094
v -4.636658 25.113724 -0.317094
v -3.278352 25.113724 -0.317094
v -2.132302 25.113724 -0.317094
v -1.651578 25.113724 -0.317094
v -5.719199 24.017311 1.191990
v -5.719200 23.485977 1.556973
v -5.719199 21.310609 1.620689
v -5.719199 19.372826 -0.317094
v -5.719199 19.225106 -1.249759
v -5.719199 19.372823 -2.182426
v -5.719200 21.310609 -4.120210
v -5.719199 23.485977 -4.056494
v -5.719200 24.017311 -3.691511
v -5.719200 25.113724 -2.182426
v -5.719200 25.432146 -2.172448
v -5.719200 26.005721 -2.172150
v -5.719200 26.299555 -1.667979
v -5.719200 26.309431 -1.249759
v -5.719200 26.299555 -0.831452
v -5.719199 26.027138 -0.328373
v -5.719199 25.432146 -0.328670
v -4.636657 25.432146 -0.350186
v -4.636657 26.022370 -0.349921
v -4.636658 26.299555 -0.840994
v -4.636658 26.309431 -1.249759
v -4.636658 26.299555 -1.659037
v -4.636658 26.005721 -2.152190
v -4.636658 25.432146 -2.152116
v -4.636658 25.113724 -2.182426
v -4.636658 24.017311 -3.691511
v -4.636658 23.485977 -4.056493
v -4.636657 21.310609 -4.120210
v -4.636657 19.372826 -2.182426
v -4.636658 19.225106 -1.249759
v -4.636658 19.372829 -0.317094
v -4.636657 21.310609 1.620689
v -4.636658 23.485977 1.556973
v -4.636658 24.017311 1.191990
v -3.278352 25.432146 -0.376893
v -3.278352 26.016376 -0.376994
v -3.278352 26.299555 -0.853287
v -3.278352 26.309431 -1.249759
v -3.278352 26.299550 -1.646746
v -3.278352 26.005721 -2.124145
v -3.278353 25.432146 -2.126936
v -3.278353 25.113724 -2.182426
v -3.278354 24.017311 -3.691511
v -3.278354 23.485977 -4.056494
v -3.278354 21.310609 -4.120210
v -3.278351 19.372826 -2.182426
v -3.278351 19.225106 -1.249759
v -3.278351 19.372826 -0.317094
v -3.278352 21.310609 1.620689
v -3.278352 23.008219 1.561736
v -3.278352 23.033814 1.643200
v -3.278352 23.485977 1.556973
v -3.278352 24.017311 1.191990
v -2.132302 25.432146 -0.392662
v -2.132302 26.012780 -0.393229
v -2.132302 26.299555 -0.860392
v -2.132302 26.309431 -1.249759
v -2.132302 26.299550 -1.639396
v -2.132302 26.005721 -2.107651
v -2.132302 25.432146 -2.110236
v -2.132302 25.113724 -2.182426
v -2.132297 24.017311 -3.691511
v -2.132297 23.485977 -4.056493
v -2.132299 21.310609 -4.120210
v -2.132297 19.372823 -2.182426
v -2.132297 19.225106 -1.249759
v -2.132297 19.372826 -0.317094
v -2.132298 21.310609 1.620689
v -2.132300 23.485977 1.556973
v -2.132301 24.017311 1.191990
v -1.651577 25.432146 -0.400558
v -1.651577 26.011002 -0.401267
v -1.651577 26.299555 -0.863679
v -1.651577 26.309431 -1.249759
v -1.651577 26.299550 -1.636161
v -1.651578 26.005721 -2.101408
v -1.651577 25.432146 -2.102427
v -1.651577 25.113724 -2.182426
v -1.651575 24.017311 -3.691511
v -1.651575 23.485977 -4.056493
v -1.550038 21.310609 -4.120210
v -1.489985 19.372823 -2.182426
v -1.517510 19.225106 -1.249759
v -1.515363 19.372826 -0.317094
v -1.651574 20.469241 1.191990
v -1.651574 21.310609 1.620689
v -1.651574 23.485977 1.556974
v -1.651575 24.017311 1.191990
vt 0.225505 0.747306
vt 0.139901 0.105119
vt 0.138978 0.084630
vt 0.151431 0.083774
vt 0.240568 0.760517
vt 0.228963 0.772881
vt 0.138374 0.073614
vt 0.137673 0.062613
vt 0.150142 0.061616
vt 0.140661 0.136866
vt 0.153155 0.136910
vt 0.225505 0.760105
vt 0.140702 0.149046
vt 0.116791 0.105947
vt 0.116186 0.086123
vt 0.117888 0.149126
vt 0.117649 0.137341
vt 0.116063 0.203327
vt 0.116693 0.191899
vt 0.139648 0.193133
vt 0.139075 0.204608
vt 0.224139 0.652951
vt 0.152132 0.193568
vt 0.140081 0.182305
vt 0.248980 0.649022
vt 0.140420 0.171232
vt 0.140632 0.160146
vt 0.153084 0.160374
vt 0.114216 0.059637
vt 0.114692 0.064787
vt 0.086013 0.069024
vt 0.085416 0.064239
vt 0.112667 0.039021
vt 0.135790 0.036734
vt 0.137310 0.057346
vt 0.087583 0.088081
vt 0.087789 0.105888
vt 0.208662 0.043519
vt 0.206499 0.057939
vt 0.180125 0.055413
vt 0.182138 0.040879
vt 0.089620 0.149565
vt 0.088929 0.138455
vt 0.117269 0.181375
vt 0.164410 0.066503
vt 0.165901 0.054143
vt 0.178609 0.067804
vt 0.248980 0.662876
vt 0.176891 0.087242
vt 0.162681 0.086704
vt 0.062041 0.073740
vt 0.061234 0.069415
vt 0.240568 0.662876
vt 0.228963 0.675240
vt 0.137333 0.234923
vt 0.138090 0.222561
vt 0.064007 0.090285
vt 0.063100 0.106127
vt 0.204752 0.069912
vt 0.086957 0.078550
vt 0.063418 0.081951
vt 0.088929 0.179756
vt 0.087948 0.189661
vt 0.066345 0.150912
vt 0.064222 0.141099
vt 0.136622 0.245843
vt 0.273820 0.652951
vt 0.047072 0.074735
vt 0.048180 0.080231
vt 0.046959 0.077691
vt 0.114986 0.221167
vt 0.114273 0.233145
vt 0.048134 0.101743
vt 0.050247 0.091224
vt 0.176240 0.097488
vt 0.268405 0.675240
vt 0.043039 0.085060
vt 0.041795 0.085511
vt 0.042822 0.096237
vt 0.044406 0.090991
vt 0.175729 0.107417
vt 0.161513 0.107042
vt 0.044090 0.087848
vt 0.041334 0.089379
vt 0.041346 0.090649
vt 0.256801 0.662876
vt 0.136109 0.253672
vt 0.113542 0.243820
vt 0.237014 0.073353
vt 0.239497 0.062161
vt 0.065754 0.176999
vt 0.063363 0.185458
vt 0.052992 0.155631
vt 0.049451 0.149993
vt 0.111158 0.276652
vt 0.112402 0.258808
vt 0.135614 0.261164
vt 0.620996 0.810259
vt 0.085835 0.219348
vt 0.085231 0.230455
vt 0.202303 0.098433
vt 0.202000 0.108008
vt 0.084496 0.240636
vt 0.044437 0.157197
vt 0.044995 0.163164
vt 0.043697 0.161593
vt 0.044385 0.157416
vt 0.055824 0.172500
vt 0.053058 0.177246
vt 0.043624 0.164603
vt 0.054169 0.160988
vt 0.044574 0.169156
vt 0.234584 0.130224
vt 0.234364 0.141007
vt 0.201508 0.140719
vt 0.201530 0.129919
vt 0.057307 0.166994
vt 0.183945 0.776500
vt 0.161077 0.141505
vt 0.175295 0.140977
vt 0.175549 0.152485
vt 0.263027 0.077913
vt 0.267505 0.068804
vt 0.112975 0.251468
vt 0.083835 0.247787
vt 0.176486 0.172873
vt 0.162294 0.173760
vt 0.174224 0.762366
vt 0.175899 0.162688
vt 0.234730 0.099863
vt 0.234983 0.108846
vt 0.061033 0.217514
vt 0.060934 0.227445
vt 0.201531 0.151748
vt 0.060267 0.236825
vt 0.185999 0.253178
vt 0.186064 0.760105
vt 0.193507 0.769562
vt 0.184507 0.243320
vt 0.178120 0.193239
vt 0.163913 0.194349
vt 0.248980 0.805566
vt 0.177228 0.183029
vt 0.224139 0.805666
vt 0.183084 0.233415
vt 0.239429 0.798977
vt 0.187736 0.264569
vt 0.282734 0.079793
vt 0.278015 0.077500
vt 0.273112 0.083192
vt 0.167500 0.224864
vt 0.181648 0.222955
vt 0.050295 0.218289
vt 0.050965 0.226718
vt 0.263345 0.109350
vt 0.261139 0.100335
vt 0.263303 0.108540
vt 0.285284 0.091566
vt 0.284176 0.081789
vt 0.287306 0.093382
vt 0.207346 0.216538
vt 0.207825 0.220180
vt 0.181194 0.219423
vt 0.233824 0.151290
vt 0.045573 0.221833
vt 0.045912 0.227021
vt 0.204285 0.190886
vt 0.203166 0.181097
vt 0.209136 0.230306
vt 0.210522 0.239973
vt 0.271339 0.092762
vt 0.213993 0.260774
vt 0.212054 0.249637
vt 0.041984 0.227148
vt 0.040158 0.226352
vt 0.272623 0.097910
vt 0.275791 0.102638
vt 0.040436 0.232096
vt 0.041877 0.232446
vt 0.041053 0.235970
vt 0.045545 0.233428
vt 0.044890 0.236616
vt 0.042520 0.238471
vt 0.049609 0.239920
vt 0.048124 0.245327
vt 0.044240 0.240753
vt 0.235425 0.178423
vt 0.236600 0.185584
vt 0.236921 0.187525
vt 0.260297 0.151874
vt 0.262743 0.142900
vt 0.247010 0.255044
vt 0.244719 0.244528
vt 0.115043 0.220254
vt 0.138131 0.221859
vt 0.451384 0.827123
vt 0.175223 0.277259
vt 0.248980 0.798977
vt 0.240772 0.216785
vt 0.241758 0.226218
vt 0.271784 0.154779
vt 0.274839 0.148664
vt 0.238760 0.187273
vt 0.261935 0.174955
vt 0.264964 0.182673
vt 0.243084 0.235373
vt 0.268962 0.222512
vt 0.269743 0.230775
vt 0.274740 0.247856
vt 0.271582 0.238854
vt 0.268976 0.213889
vt 0.281752 0.151820
vt 0.284996 0.161541
vt 0.300313 0.967467
vt 0.286184 0.945297
vt 0.997706 0.984695
vt 0.305833 0.945297
vt 0.270787 0.160063
vt 0.273053 0.170580
vt 0.276295 0.175405
vt 0.271218 0.165457
vt 0.285586 0.156489
vt 0.286262 0.158469
vt 0.285804 0.241563
vt 0.282439 0.235010
vt 0.281433 0.215879
vt 0.280473 0.222177
vt 0.285518 0.167637
vt 0.115539 0.075447
vt 0.286726 0.163067
vt 0.290724 0.230896
vt 0.280764 0.228674
vt 0.289525 0.226964
vt 0.293523 0.234459
vt 0.290646 0.219424
vt 0.289569 0.222834
vt 0.295712 0.227507
vt 0.295482 0.226073
vt 0.294866 0.224321
vt 0.295457 0.230321
vt 0.117889 0.159877
vt 0.117667 0.170628
vt 0.089862 0.159644
vt 0.133977 0.011691
vt 0.110791 0.014079
vt 0.273820 0.805666
vt 0.257940 0.798977
vt 0.319191 0.948590
vt 0.259087 0.827831
vt 0.089639 0.169753
vt 0.323735 0.762366
vt 0.314014 0.776500
vt 0.303653 0.768982
vt 0.310640 0.760105
vt 0.886905 0.908503
vt 0.208108 0.797508
vt 0.263343 0.815195
vt 0.276527 0.817283
vt 0.049767 0.085524
vt 0.202883 0.088598
vt 0.067195 0.159644
vt 0.886364 0.931969
vt 0.228963 0.785680
vt 0.271405 0.840971
vt 0.335487 0.898435
vt 0.268405 0.785680
vt 0.067075 0.168320
vt 0.316942 0.893976
vt 0.284638 0.800161
vt 0.182121 0.747689
vt 0.316942 0.872378
vt 0.331311 0.872067
vt 0.186064 0.747306
vt 0.172032 0.750995
vt 0.329509 0.933568
vt 0.316942 0.931166
vt 0.282802 0.734942
vt 0.169007 0.872067
vt 0.234891 0.090744
vt 0.886905 0.885257
vt 0.282830 0.730888
vt 0.181127 0.848280
vt 0.197026 0.859238
vt 0.083136 0.254745
vt 0.299066 0.730888
vt 0.299035 0.734942
vt 0.184708 0.872378
vt 0.164830 0.898435
vt 0.188097 0.889834
vt 0.260296 0.972478
vt 0.943807 0.950747
vt 0.257940 0.701336
vt 0.201812 0.161539
vt 0.260415 0.092546
vt 0.202333 0.171331
vt 0.059438 0.243184
vt 0.268405 0.688039
vt 0.263343 0.981675
vt 0.250159 0.983763
vt 0.058456 0.249459
vt 0.148271 0.035447
vt 0.146461 0.010370
vt 0.288182 0.660259
vt 0.886905 0.897511
vt 0.233803 0.160327
vt 0.050577 0.234758
vt 0.234335 0.169402
vt 0.282936 0.672432
vt 0.284878 0.679959
vt 0.250159 0.972478
vt 0.240648 0.972478
vt 0.266546 0.701698
vt 0.299035 0.692427
vt 0.236975 0.981675
vt 0.216728 0.976753
vt 0.305839 0.689051
vt 0.886905 0.891520
vt 0.759118 0.776876
vt 0.815388 0.838552
vt 0.829854 0.838430
vt 0.777268 0.769357
vt 0.314405 0.682884
vt 0.229539 0.958346
vt 0.259586 0.159709
vt 0.325432 0.704498
vt 0.310640 0.704791
vt 0.938834 0.964382
vt 0.170808 0.933568
vt 0.260160 0.167425
vt 0.181541 0.686830
vt 0.197668 0.692427
vt 0.184708 0.931166
vt 0.195817 0.945297
vt 0.589254 0.860188
vt 0.605699 0.868053
vt 0.179270 0.203703
vt 0.205450 0.201235
vt 0.150636 0.222766
vt 0.186064 0.704791
vt 0.943828 0.979371
vt 0.943821 0.983089
vt 0.172527 0.704498
vt 0.181127 0.948590
vt 0.459404 0.716430
vt 0.459411 0.676295
vt 0.885006 0.991453
vt 0.884582 0.994241
vt 0.205584 0.662393
vt 0.319191 0.848280
vt 0.887028 0.959438
vt 0.304624 0.859238
vt 0.200004 0.967467
vt 0.215466 0.945297
vt 0.228963 0.688039
vt 0.239429 0.701336
vt 0.231250 0.701473
vt 0.943404 0.872189
vt 0.229539 0.944743
vt 0.012139 0.131488
vt 0.208592 0.673788
vt 0.995383 0.918287
vt 0.011121 0.190333
vt 0.997716 0.979468
vt 0.207951 0.667032
vt 0.226574 0.931166
vt 0.322591 0.133027
vt 0.322341 0.109630
vt 0.241857 0.931603
vt 0.940501 0.894408
vt 0.196874 0.900113
vt 0.196891 0.904422
vt 0.184708 0.917562
vt 0.642393 0.821265
vt 0.200004 0.829403
vt 0.214256 0.859238
vt 0.241857 0.827831
vt 0.236975 0.815195
vt 0.256801 0.760517
vt 0.250159 0.813107
vt 0.324508 0.185705
vt 0.250159 0.827831
vt 0.326850 0.201488
vt 0.271198 0.747306
vt 0.283589 0.976753
vt 0.011380 0.105457
vt 0.271198 0.760105
vt 0.271405 0.958347
vt 0.223791 0.817283
vt 0.268405 0.772881
vt 0.229539 0.840971
vt 0.225505 0.717591
vt 0.213901 0.734942
vt 0.287393 0.859238
vt 0.300313 0.829403
vt 0.316942 0.917562
vt 0.213911 0.730888
vt 0.275712 0.108802
vt 0.140422 0.124998
vt 0.117400 0.125561
vt 0.151309 0.959822
vt 0.198312 0.641688
vt 0.328483 0.836128
vt 0.523925 0.801977
vt 0.305833 0.900113
vt 0.790238 0.804007
vt 0.812801 0.813253
vt 0.025383 0.262674
vt 0.760945 0.802644
vt 0.222791 0.641900
vt 0.354263 0.835438
vt 0.311806 0.250714
vt 0.621430 0.833908
vt 0.591266 0.835154
vt 0.616356 0.849656
vt 0.590669 0.847895
vt 0.354423 0.849680
vt 0.666628 0.839797
vt 0.524067 0.788315
vt 0.759955 0.789311
vt 0.786218 0.788354
vt 0.661969 0.845639
vt 0.813774 0.790358
vt 0.813721 0.779747
vt 0.835441 0.783321
vt 0.643818 0.849441
vt 0.640993 0.859966
vt 0.378903 0.863225
vt 0.682661 0.839664
vt 0.683146 0.851277
vt 0.854892 0.860442
vt 0.853922 0.838228
vt 0.639183 0.875105
vt 0.650973 0.802740
vt 0.621042 0.802671
vt 0.651012 0.789081
vt 0.621104 0.789005
vt 0.651308 0.775415
vt 0.728764 0.850776
vt 0.728260 0.839283
vt 0.747006 0.839126
vt 0.451803 0.862522
vt 0.481739 0.862146
vt 0.451486 0.848894
vt 0.481408 0.848716
vt 0.451425 0.834716
vt 0.481370 0.834654
vt 0.481328 0.827026
vt 0.325514 0.573851
vt 0.300738 0.569382
vt 0.604805 0.802613
vt 0.085102 0.959884
vt 0.435184 0.834763
vt 0.435291 0.848987
vt 0.604915 0.788961
vt 0.435534 0.862718
vt 0.718096 0.839368
vt 0.605131 0.774957
vt 0.086767 0.749592
vt 0.303122 0.556155
vt 0.198250 0.456314
vt 0.173773 0.456404
vt 0.332694 0.561472
vt 0.037249 0.749656
vt 0.275851 0.565105
vt 0.086772 0.944869
vt 0.169074 0.628685
vt 0.198308 0.628473
vt 0.273414 0.550983
vt 0.227542 0.628664
vt 0.320248 0.461123
vt 0.029525 0.831967
vt 0.037234 0.814896
vt 0.299989 0.456899
vt 0.292741 0.441606
vt 0.322706 0.447480
vt 0.086793 0.832619
vt 0.086787 0.814831
vt 0.178149 0.529975
vt 0.168568 0.515182
vt 0.198275 0.529876
vt 0.198270 0.515079
vt 0.340637 0.464334
vt 0.020531 0.855050
vt 0.352691 0.452622
vt 0.086791 0.854954
vt 0.166734 0.550323
vt 0.198282 0.550196
vt 0.317007 0.479105
vt 0.020537 0.873587
vt 0.285258 0.472210
vt 0.086787 0.873491
vt 0.166738 0.567849
vt 0.198287 0.567700
vt 0.349024 0.483805
vt 0.020542 0.892791
vt 0.314387 0.493645
vt 0.086783 0.892695
vt 0.179253 0.580548
vt 0.198291 0.580381
vt 0.282088 0.489702
vt 0.020552 0.925644
vt 0.345901 0.501235
vt 0.086776 0.925548
vt 0.173824 0.611095
vt 0.198302 0.610905
vt 0.037243 0.774893
vt 0.198258 0.479619
vt 0.311999 0.506895
vt 0.292487 0.504676
vt 0.086775 0.774828
vt 0.178691 0.479712
vt 0.037239 0.789940
vt 0.198263 0.493838
vt 0.331015 0.511608
vt 0.306397 0.537979
vt 0.086780 0.789875
vt 0.178461 0.493935
vt 0.305775 0.904422
vt 0.286154 0.904422
vt 0.005453 0.030076
vt 0.328158 0.067120
vt 0.010070 0.080351
vt 0.286184 0.900113
vt 0.215466 0.900113
vt 0.271198 0.717591
vt 0.225505 0.704791
vt 0.271198 0.704791
vt 0.197668 0.734942
vt 0.518892 0.826890
vt 0.550619 0.826825
vt 0.563950 0.826947
vt 0.175343 0.129978
vt 0.518944 0.834606
vt 0.518974 0.848509
vt 0.519260 0.861699
vt 0.770528 0.838929
vt 0.688822 0.775799
vt 0.688563 0.789141
vt 0.688528 0.802791
vt 0.081609 0.273157
vt 0.085930 0.217802
vt 0.087083 0.201318
vt 0.088488 0.126484
vt 0.083515 0.042298
vt 0.081429 0.017493
vt 0.242296 0.047684
vt 0.238401 0.197941
vt 0.240271 0.212703
vt 0.550692 0.834596
vt 0.550656 0.848292
vt 0.550840 0.861268
vt 0.790375 0.838762
vt 0.720403 0.776144
vt 0.720241 0.789259
vt 0.720247 0.802827
vt 0.056521 0.268882
vt 0.061150 0.214905
vt 0.062219 0.198230
vt 0.063596 0.128178
vt 0.058864 0.046200
vt 0.056571 0.021387
vt 0.270762 0.053540
vt 0.263350 0.131169
vt 0.266764 0.193974
vt 0.268503 0.208893
vt 0.564106 0.834718
vt 0.563937 0.848175
vt 0.798233 0.828083
vt 0.798701 0.838692
vt 0.733525 0.776373
vt 0.733515 0.789331
vt 0.733633 0.802769
vt 0.046055 0.266620
vt 0.050579 0.213976
vt 0.051739 0.196587
vt 0.050827 0.129462
vt 0.045114 0.049026
vt 0.290754 0.035285
vt 0.285828 0.057582
vt 0.275556 0.131820
vt 0.278759 0.191869
vt 0.280507 0.207551
vt 0.733510 0.810541
vt 0.760409 0.810023
vt 0.720177 0.810586
vt 0.688476 0.810486
vt 0.650930 0.810358
vt 0.134464 0.278848
vt 0.289304 0.256487
vt 0.277599 0.259879
vt 0.249272 0.266292
vt 0.215800 0.271575
vt 0.189399 0.275226
vt 0.459397 0.756564
vt 0.799075 0.812567
vt 0.783492 0.816670
vt 0.630071 0.825335
vt 0.215436 0.904422
vt 0.590766 0.827829
vt 0.614154 0.821296
vt 0.197715 0.730888
vt 0.310640 0.717591
vt 0.418475 0.827315
vt 0.433513 0.756560
vt 0.433520 0.716426
vt 0.354180 0.827852
vt 0.433526 0.676291
vt 0.588112 0.810065
vt 0.523846 0.809560
vt 0.498068 0.809552
vt 0.435123 0.827183
vt 0.604739 0.810195
vt 0.799163 0.849310
vt 0.815808 0.848860
vt 0.563932 0.860927
vt 0.789905 0.828063
vt 0.790843 0.849469
vt 0.770051 0.828034
vt 0.771006 0.849837
vt 0.746514 0.827894
vt 0.747500 0.850372
vt 0.727757 0.827789
vt 0.717586 0.827751
vt 0.621381 0.775109
vt 0.682129 0.828048
vt 0.718605 0.850989
vt 0.548529 0.774488
vt 0.667699 0.865422
vt 0.665581 0.814171
vt 0.328633 0.849586
vt 0.814905 0.828245
vt 0.830262 0.848497
vt 0.852945 0.816015
vt 0.837491 0.766328
vt 0.829380 0.828365
vt 0.814200 0.764684
vt 0.498155 0.801301
vt 0.498295 0.787849
vt 0.328391 0.827873
vt 0.663516 0.860316
vt 0.661935 0.877158
vt 0.829975 0.797475
vt 0.643898 0.824696
vt 0.811370 0.816669
vt 0.134624 0.814815
vt 0.134617 0.789859
vt 0.227973 0.515160
vt 0.218065 0.493921
vt 0.134612 0.774813
vt 0.217825 0.479699
vt 0.134604 0.749576
vt 0.222728 0.456387
vt 0.151312 0.944883
vt 0.151316 0.925562
vt 0.020557 0.944966
vt 0.222781 0.611077
vt 0.151322 0.892709
vt 0.217330 0.580535
vt 0.151326 0.873505
vt 0.229837 0.567826
vt 0.151330 0.854968
vt 0.229829 0.550300
vt 0.142334 0.831886
vt 0.218401 0.529961
vt 0.037255 0.722808
vt 0.020562 0.959904
vt 0.173834 0.641917
vt 0.281440 0.534225
vt 0.331040 0.543055
vt 0.085071 0.814907
vt 0.085076 0.789951
vt 0.329104 0.411976
vt 0.085080 0.774905
vt 0.309373 0.408240
vt 0.085086 0.749668
vt 0.308597 0.384186
vt 0.333293 0.388731
vt 0.085097 0.944945
vt 0.085092 0.925624
vt 0.348811 0.415574
vt 0.085082 0.892771
vt 0.357886 0.393423
vt 0.085076 0.873567
vt 0.326535 0.426233
vt 0.085071 0.855030
vt 0.306581 0.422323
vt 0.085067 0.832696
vt 0.086759 0.722744
vt 0.346517 0.429715
vt 0.086769 0.959808
vt 0.085092 0.722820
vt 0.134596 0.722728
vt 0.006630 0.042591
vt 0.229539 0.854574
vt 0.330775 0.056133
vt 0.226574 0.872378
vt 0.275076 0.872378
vt 0.322213 0.156121
vt 0.323848 0.088660
vt 0.271405 0.854574
vt 0.275076 0.917562
vt 0.275076 0.885982
vt 0.259087 0.931603
vt 0.012680 0.156968
vt 0.275076 0.931166
vt 0.009773 0.208084
vt 0.271405 0.944743
vt 0.007832 0.055169
vt 0.330494 0.223941
vt 0.333492 0.239870
vt 0.005479 0.251637
vt 0.007289 0.233484
vt 0.240648 0.868706
vt 0.315519 0.719415
vt 0.165060 0.205182
vt 0.309164 0.728152
vt 0.152951 0.124640
vt 0.309164 0.738952
vt 0.161046 0.130077
vt 0.152357 0.104288
vt 0.167023 0.221095
vt 0.163005 0.184041
vt 0.315519 0.747689
vt 0.161735 0.163438
vt 0.161359 0.153113
vt 0.151565 0.205374
vt 0.148598 0.254647
vt 0.148141 0.262090
vt 0.167904 0.039313
vt 0.310640 0.747306
vt 0.196529 0.773402
vt 0.152859 0.171562
vt 0.152523 0.182702
vt 0.150838 0.072708
vt 0.196718 0.776485
vt 0.149805 0.056341
vt 0.184597 0.777151
vt 0.283793 0.787704
vt 0.173546 0.266385
vt 0.281663 0.773402
vt 0.168972 0.235299
vt 0.171860 0.255082
vt 0.170418 0.245215
vt 0.208088 0.790093
vt 0.146980 0.280024
vt 0.162016 0.096977
vt 0.300174 0.773402
vt 0.149102 0.246879
vt 0.149786 0.235970
vt 0.163520 0.073804
vt 0.300432 0.775630
vt 0.290148 0.778967
vt 0.311130 0.779381
vt 0.150596 0.068523
vt 0.994444 0.895663
vt 0.994439 0.900893
vt 0.938924 0.968123
vt 0.939122 0.973076
vt 0.939403 0.977815
vt 0.939803 0.982768
vt 0.995427 0.933859
vt 0.995438 0.937836
vt 0.940501 0.874279
vt 0.940501 0.880529
vt 0.994439 0.872123
vt 0.994433 0.906611
vt 0.994443 0.876081
vt 0.997722 0.975513
vt 0.226574 0.885982
vt 0.941214 0.996857
vt 0.941238 0.994241
vt 0.260322 0.868673
vt 0.940501 0.885259
vt 0.940501 0.891521
vt 0.940814 0.991453
vt 0.940187 0.986509
vt 0.259363 0.917562
vt 0.995375 0.913087
vt 0.940501 0.897512
vt 0.940501 0.903775
vt 0.941440 0.931412
vt 0.941492 0.936412
vt 0.995456 0.948529
vt 0.226574 0.917562
vt 0.995398 0.923554
vt 0.241587 0.917562
vt 0.941613 0.947908
vt 0.941547 0.941640
vt 0.995412 0.928592
vt 0.941591 0.951592
vt 0.994448 0.891704
vt 0.994454 0.886692
vt 0.994449 0.881296
vt 0.941385 0.926184
vt 0.941343 0.922236
vt 0.995453 0.943092
vt 0.997696 0.990409
vt 0.997708 0.955839
vt 0.997718 0.959794
vt 0.997730 0.964792
vt 0.997732 0.970498
vt 0.941552 0.957295
vt 0.940501 0.908505
vt 0.943843 0.965167
vt 0.943830 0.959930
vt 0.943818 0.984598
vt 0.205465 0.782833
vt 0.215040 0.773402
vt 0.943834 0.975415
vt 0.943820 0.955974
vt 0.188477 0.738952
vt 0.943844 0.970178
vt 0.886268 0.922794
vt 0.886210 0.917355
vt 0.886309 0.926742
vt 0.886513 0.946146
vt 0.886471 0.942198
vt 0.886417 0.936970
vt 0.188477 0.728152
vt 0.886511 0.951596
vt 0.886906 0.874277
vt 0.886906 0.867445
vt 0.886905 0.880527
vt 0.182121 0.719415
vt 0.886905 0.894406
vt 0.186064 0.717591
vt 0.325925 0.751007
vt 0.886905 0.903773
vt 0.213901 0.692427
vt 0.944169 0.943486
vt 0.944154 0.937999
vt 0.944099 0.918449
vt 0.944088 0.914472
vt 0.944143 0.934021
vt 0.944099 0.908996
vt 0.944113 0.923716
vt 0.944128 0.928755
vt 0.943413 0.891643
vt 0.943419 0.886402
vt 0.943400 0.868697
vt 0.943398 0.866958
vt 0.943408 0.876147
vt 0.201595 0.686569
vt 0.943404 0.900832
vt 0.943409 0.895601
vt 0.943414 0.881388
vt 0.886986 0.964382
vt 0.207951 0.677832
vt 0.886698 0.973076
vt 0.886896 0.968123
vt 0.282802 0.692427
vt 0.885633 0.986509
vt 0.886017 0.982768
vt 0.886417 0.977815
vt 0.295026 0.689051
vt 0.153193 0.149172
vt 0.170662 0.716264
vt 0.327306 0.716316
vt 0.150583 0.223700
vt 0.886905 0.914753
vt 0.940500 0.914741
vt 0.940501 0.867438
vt 0.043371 0.023835
vt 0.275578 0.031649
vt 0.246580 0.025639
vt 0.212090 0.020987
vt 0.185192 0.018136
vt 0.170909 0.016532
vt 0.333449 0.045123
vt 0.938791 0.959438
vt 0.884606 0.996857
vt 0.994433 0.866892
vt 0.943397 0.906550
vt 0.995383 0.909135
vt 0.944171 0.948526
vt 0.997695 0.950611
vt 0.943808 0.990312
vt 0.941289 0.917019
vt 0.886477 0.956586
vn 0.011542 -0.999844 -0.013347
vn -0.000094 -0.999911 -0.013343
vn -0.000109 -0.946216 -0.323536
vn 0.013325 -0.946417 -0.322671
vn -0.007397 0.000000 -0.999973
vn 0.002945 -0.309219 -0.950986
vn -0.003873 -0.309014 -0.951049
vn -0.005060 0.151137 -0.988500
vn -0.000636 0.150983 -0.988536
vn -0.000103 0.963904 -0.266250
vn 0.013435 0.963814 -0.266237
vn 0.014004 0.831015 -0.556074
vn -0.000111 0.831042 -0.556210
vn -0.024530 -0.999630 -0.011782
vn -0.028309 -0.946237 -0.322233
vn -0.013609 0.831961 -0.554667
vn -0.013068 0.964340 -0.264344
vn 0.000089 0.421588 -0.906787
vn 0.000217 0.188715 -0.982032
vn 0.000002 0.189388 -0.981902
vn 0.000001 0.423706 -0.905800
vn 0.013734 -0.806154 -0.591546
vn 0.013154 -0.950002 -0.311967
vn -0.000102 -0.950086 -0.311989
vn -0.000109 -0.806237 -0.591592
vn 0.013654 -0.308988 -0.950968
vn -0.000108 -0.309018 -0.951056
vn -0.000108 0.309017 -0.951056
vn 0.013654 0.308987 -0.950968
vn -0.029046 0.453918 -0.890570
vn -0.028755 0.152776 -0.987842
vn -0.046997 0.157113 -0.986462
vn -0.047340 0.456822 -0.888298
vn -0.000000 -0.891006 -0.453991
vn 0.000000 -0.955084 -0.296336
vn 0.000001 -0.955672 -0.294434
vn 0.000001 -0.891005 -0.453993
vn -0.046259 -0.947250 -0.317139
vn -0.040049 -0.999165 -0.008126
vn -0.000000 -0.961009 0.276517
vn -0.000000 -0.891008 0.453987
vn 0.000001 -0.891008 0.453988
vn 0.000001 -0.961333 0.275390
vn -0.026111 0.834227 -0.550803
vn -0.025071 0.965396 -0.259582
vn -0.013343 -0.806630 -0.590906
vn -0.012791 -0.950172 -0.311463
vn -0.049400 -0.231328 0.971621
vn 0.013346 0.394416 0.918835
vn -0.000101 0.394464 0.918911
vn -0.022261 -0.231556 0.972567
vn -0.079588 -0.585921 0.806451
vn -0.023271 -0.809026 0.587312
vn -0.052991 -0.807771 0.587110
vn -0.097981 0.130975 -0.986532
vn -0.099297 0.364845 -0.925758
vn 0.011652 0.998348 0.056266
vn 0.013032 0.965066 -0.261681
vn -0.000103 0.965106 -0.261858
vn -0.000097 0.998416 0.056254
vn -0.095531 -0.944851 -0.313256
vn -0.034615 -0.790229 -0.611833
vn -0.013255 -0.229548 0.973207
vn -0.012986 0.396404 0.917984
vn -0.047377 -0.308670 -0.949989
vn -0.100226 -0.307462 -0.946267
vn -0.025677 -0.807747 -0.588969
vn -0.024710 -0.950529 -0.309653
vn -0.119687 0.835819 -0.535800
vn -0.118875 0.962650 -0.243257
vn -0.000107 0.640347 -0.768086
vn 0.013563 0.640336 -0.767975
vn -0.184885 0.187085 -0.964788
vn -0.272693 0.083021 -0.958512
vn -0.248016 0.222067 -0.942960
vn -0.011259 0.998526 0.053090
vn -0.012625 0.964256 -0.264671
vn -0.035082 -0.617387 -0.785877
vn -0.266804 -0.915759 -0.300335
vn -0.000111 -0.953141 -0.302528
vn 0.013914 -0.953056 -0.302476
vn -0.650346 0.147828 -0.745116
vn -0.808148 0.143367 -0.571263
vn -0.529132 -0.848316 -0.019496
vn -0.614923 -0.745969 -0.255734
vn -0.000099 -0.811675 -0.584109
vn 0.013509 -0.811606 -0.584049
vn -0.655499 -0.237002 -0.717043
vn -0.906260 -0.184045 -0.380553
vn -0.914551 -0.355157 -0.193545
vn 0.013251 0.176765 -0.984164
vn -0.000102 0.176356 -0.984326
vn -0.013156 0.641123 -0.767325
vn -0.025460 -0.224108 0.974232
vn -0.024914 0.401210 0.915647
vn -0.128896 -0.805613 -0.578250
vn -0.129469 -0.945386 -0.299136
vn -0.395229 0.786068 -0.475280
vn -0.407595 0.886164 -0.220407
vn -0.000000 0.891006 -0.453991
vn -0.000000 0.891006 -0.453991
vn 0.000000 0.891006 -0.453992
vn 0.000000 0.891006 -0.453992
vn -0.021474 0.998761 0.044883
vn -0.024127 0.962024 -0.271895
vn -0.013619 -0.952199 -0.305174
vn -0.013334 -0.810286 -0.585883
vn -0.025190 0.643079 -0.765386
vn -0.929709 0.307926 0.202047
vn -0.798411 -0.186299 -0.572567
vn -0.947299 0.214234 0.238176
vn -0.929709 0.307926 0.202047
vn -0.714013 0.666881 -0.213202
vn -0.461505 -0.694806 -0.551596
vn -0.433395 -0.831849 -0.346694
vn -0.945588 -0.287619 0.152115
vn -0.479700 0.099320 -0.871793
vn -0.506015 -0.729070 -0.460875
vn -0.000000 -0.357108 0.934063
vn -0.000000 -0.156435 0.987688
vn -0.000000 -0.156435 0.987688
vn -0.000000 -0.359249 0.933242
vn -0.428416 -0.354579 -0.831104
vn 0.014023 0.836710 0.547467
vn 0.013417 0.966728 0.255453
vn -0.000103 0.966818 0.255465
vn -0.000112 0.836722 0.547627
vn -0.122772 -0.213765 0.969140
vn -0.130728 0.388317 0.912206
vn -0.012848 0.177569 -0.984025
vn -0.024575 0.180538 -0.983261
vn -0.000108 -0.309018 0.951056
vn 0.013653 -0.308988 0.950968
vn 0.013653 0.308987 0.950968
vn -0.000108 0.309017 0.951057
vn -0.026026 -0.953155 -0.301361
vn -0.025535 -0.819012 -0.573207
vn -0.046657 0.998406 0.031760
vn -0.053052 0.957639 -0.283041
vn -0.013628 0.837683 0.545987
vn -0.013051 0.967247 0.253501
vn -0.055576 0.645583 -0.761665
vn -0.000108 0.251263 0.967919
vn 0.013551 0.251073 0.967873
vn 0.013650 0.808940 0.587732
vn -0.000109 0.809017 0.587786
vn -0.000104 -0.952407 0.304829
vn 0.013489 -0.952317 0.304811
vn 0.013929 -0.811062 0.584794
vn -0.000110 -0.811139 0.584853
vn 0.013449 0.999706 -0.020174
vn -0.000108 0.999798 -0.020112
vn 0.012535 -0.067780 0.997621
vn -0.000101 -0.067783 0.997700
vn -0.520590 0.085841 0.849481
vn -0.431235 0.325317 0.841549
vn -0.436338 -0.179628 0.881671
vn 0.012512 0.943316 -0.331660
vn -0.000103 0.943393 -0.331678
vn -0.198551 0.980065 0.007083
vn -0.233826 0.925893 -0.296727
vn -0.034576 -0.830472 -0.555986
vn -0.128437 -0.944454 -0.302506
vn -0.124128 -0.814323 -0.566984
vn -0.783560 -0.525623 0.331291
vn -0.571295 -0.016521 0.820579
vn -0.705123 -0.655066 -0.271459
vn 0.000000 0.595555 0.803314
vn 0.000000 0.707107 0.707107
vn -0.000001 0.707107 0.707107
vn -0.000000 0.594217 0.804304
vn -0.026147 0.840045 0.541886
vn -0.025038 0.968283 0.248597
vn -0.506060 0.860282 -0.061786
vn -0.527725 0.787999 -0.317119
vn -0.013115 -0.952841 0.303186
vn -0.013534 -0.811888 0.583657
vn -0.013053 0.999732 -0.019138
vn -0.013254 0.808947 0.587732
vn -0.426414 -0.730017 0.534084
vn -0.012163 -0.067399 0.997652
vn -0.013152 0.251572 0.967749
vn -0.380474 0.808535 -0.448899
vn -0.308521 0.837666 -0.450700
vn -0.012138 0.943700 -0.330579
vn -0.459565 -0.830059 -0.315915
vn -0.454280 -0.703215 -0.546917
vn -0.415165 0.578653 -0.701996
vn -0.484415 0.547746 -0.682141
vn -0.487680 0.292155 -0.822687
vn -0.551313 0.544935 -0.631743
vn -0.535318 0.195154 -0.821796
vn -0.521271 0.152799 -0.839600
vn -0.242437 0.186607 -0.952051
vn -0.231959 0.040841 -0.971868
vn -0.543088 0.060611 -0.837485
vn -0.025998 -0.813017 0.581659
vn -0.024166 -0.953410 0.300708
vn -0.017607 -0.953196 0.301839
vn -0.130439 0.839305 0.527781
vn -0.131756 0.963269 0.233993
vn -0.023302 -0.066424 0.997519
vn -0.025198 0.252403 0.967294
vn 0.000000 0.707108 -0.707105
vn 0.000000 0.574954 -0.818186
vn 0.000000 0.572985 -0.819566
vn -0.000000 0.707102 -0.707111
vn -0.000000 0.891006 0.453992
vn -0.000000 0.891006 0.453992
vn 0.000001 0.891006 0.453992
vn 0.000001 0.891006 0.453992
vn -0.000101 0.453992 -0.891006
vn 0.013484 0.453950 -0.890925
vn -0.023238 0.944469 -0.327778
vn -0.024996 0.999549 -0.016646
vn -0.438072 0.756609 0.485423
vn -0.418576 0.860519 0.290346
vn -0.034515 -0.953677 0.298846
vn -0.129653 -0.811135 0.570307
vn -0.130910 -0.948518 0.288403
vn -0.025403 0.808757 0.587594
vn -0.088810 0.995979 -0.011748
vn -0.090637 0.805687 0.585365
vn -0.082285 -0.064248 0.994536
vn -0.089456 0.253536 0.963181
vn -0.081547 0.943266 -0.321867
vn -0.477433 0.771887 0.419818
vn -0.754982 0.014606 0.655583
vn 1.000000 -0.000000 0.000000
vn 1.000000 -0.000000 -0.000000
vn 1.000000 -0.000000 0.000000
vn 1.000000 -0.000000 0.000000
vn -0.449607 0.276021 0.849509
vn -0.442493 -0.727266 0.524675
vn -0.430498 -0.837225 0.337233
vn -0.449608 -0.276021 0.849509
vn -0.768337 0.599411 0.224421
vn -0.819747 0.551328 0.155087
vn -0.281268 -0.054554 0.958077
vn -0.303301 0.248942 0.919802
vn -0.281032 0.912698 -0.296654
vn -0.302087 0.953271 0.004132
vn -0.499450 -0.736740 0.455811
vn -0.029016 -0.308886 -0.950656
vn -0.944529 -0.268906 -0.188559
vn -0.503452 0.241855 0.829483
vn -0.306949 0.769963 0.559409
vn -0.514762 0.692299 0.505709
vn -0.464113 -0.029833 0.885273
vn -0.451672 0.853088 -0.261214
vn -0.498361 0.866408 0.031194
vn -0.822382 0.252239 0.509964
vn -0.828668 0.435832 0.351226
vn -0.820776 0.548374 0.160041
vn -0.792750 0.047042 0.607728
vn -0.013255 0.308990 -0.950973
vn -0.013255 -0.308990 -0.950973
vn -0.025403 0.308918 -0.950749
vn 0.000001 -1.000000 0.000002
vn 0.000000 -1.000000 0.000001
vn 0.000000 0.683903 0.729573
vn 0.000000 0.683903 0.729573
vn 0.000000 0.683903 0.729573
vn 0.000000 0.683903 0.729573
vn -0.025403 -0.308918 -0.950749
vn -1.000000 0.000000 0.000000
vn -1.000000 0.000000 0.000000
vn -1.000000 0.000000 0.000000
vn -1.000000 0.000000 0.000000
vn 0.000000 0.000003 1.000000
vn 0.000000 0.000003 1.000000
vn 0.000000 0.000003 1.000000
vn 0.000000 0.000003 1.000000
vn -0.289838 -0.295752 -0.910233
vn -0.012601 -0.809105 0.587529
vn -0.117850 0.299968 -0.946642
vn 0.000000 0.683902 -0.729574
vn 0.000000 0.683902 -0.729574
vn 0.000000 0.683902 -0.729574
vn 0.000000 0.683902 -0.729574
vn 0.013137 0.001691 -0.999912
vn -0.000107 0.001707 -0.999998
vn -0.121016 -0.313777 -0.941753
vn -0.000051 -0.908704 0.417441
vn -0.000051 -0.908658 0.417542
vn -0.000087 -1.000000 0.000825
vn -0.000087 -1.000000 0.000825
vn 0.002303 0.666332 0.745652
vn 0.002303 0.666332 0.745652
vn 0.002303 0.666332 0.745652
vn 0.002303 0.666332 0.745652
vn 0.000000 -1.000000 0.000000
vn 0.000000 -1.000000 0.000000
vn 0.000000 -1.000000 0.000000
vn 0.000000 -1.000000 0.000000
vn 0.000000 1.000000 0.000000
vn 0.000000 1.000000 0.000000
vn 0.000000 1.000000 0.000000
vn 0.000000 1.000000 0.000000
vn -0.012730 0.004180 -0.999910
vn -0.024139 -0.808912 0.587434
vn 0.000000 0.000000 -1.000000
vn 0.000000 0.000000 -1.000000
vn 0.000000 0.000000 -1.000000
vn 0.000000 0.000000 -1.000000
vn -0.024335 0.010465 -0.999649
vn 0.000000 0.683903 0.729573
vn 0.000000 0.683903 0.729573
vn 0.000000 0.683903 0.729573
vn 0.000000 0.683903 0.729573
vn 0.000000 0.000000 -1.000000
vn 0.000000 0.000000 -1.000000
vn 0.000000 0.000000 -1.000000
vn 0.000000 0.000000 -1.000000
vn 0.000000 -1.000000 0.000000
vn 0.000000 -1.000000 0.000000
vn 0.000000 -1.000000 0.000000
vn 0.000000 -1.000000 0.000000
vn -0.013255 0.308990 0.950973
vn -0.115435 -0.805342 0.581462
vn -0.013255 -0.308990 0.950973
vn 0.000000 -0.618003 -0.786176
vn 0.000000 -0.618003 -0.786176
vn 0.000000 -0.618003 -0.786176
vn 0.000000 -0.618003 -0.786176
vn -0.054200 0.185078 -0.981228
vn 0.000000 0.000003 1.000000
vn 0.000000 0.000003 1.000000
vn 0.000000 0.000003 1.000000
vn 0.000000 0.000003 1.000000
vn -0.053376 0.020271 -0.998369
vn -1.000000 0.000001 0.000003
vn -1.000000 0.000004 -0.000000
vn -1.000000 0.000004 -0.000000
vn -1.000000 0.000004 0.000001
vn -1.000000 -0.000000 0.000004
vn -0.025403 0.308917 0.950750
vn -0.240657 0.634905 -0.734152
vn -0.025403 -0.308918 0.950749
vn 0.000000 -1.000000 0.000000
vn 0.000000 -1.000000 0.000000
vn 0.000000 -1.000000 0.000000
vn 0.000000 -1.000000 0.000000
vn 0.000000 1.000000 0.000000
vn 0.000000 1.000000 0.000000
vn 0.000000 1.000000 0.000000
vn 0.000000 1.000000 0.000000
vn -1.000000 0.000001 -0.000003
vn -1.000000 -0.000000 -0.000004
vn -1.000000 0.000004 -0.000001
vn -0.211692 0.977000 -0.025643
vn -0.215201 0.976570 -0.000001
vn -0.455150 0.890415 0.000000
vn -0.455022 0.890164 -0.023717
vn 0.000264 0.681906 -0.731439
vn 0.000264 0.681906 -0.731440
vn 0.000264 0.681906 -0.731440
vn 0.000264 0.681906 -0.731439
vn -0.124623 0.306608 0.943642
vn 0.000000 0.000000 -1.000000
vn 0.000000 0.000000 -1.000000
vn 0.000000 0.000000 -1.000000
vn 0.000000 0.000000 -1.000000
vn -0.124623 -0.306609 0.943642
vn 0.000000 -1.000000 0.000000
vn 0.000000 -1.000000 0.000000
vn 0.000000 -1.000000 0.000000
vn 0.000000 -1.000000 0.000000
vn -0.211766 0.976984 0.025647
vn -0.455022 0.890164 0.023717
vn 0.000001 0.423856 0.905730
vn 0.000094 0.421629 0.906769
vn -1.000000 -0.000000 0.000000
vn -1.000000 0.000000 0.000000
vn -1.000000 0.000000 0.000000
vn -1.000000 -0.000000 0.000000
vn 0.018453 -0.756794 0.653393
vn 0.018453 -0.756794 0.653393
vn 0.018453 -0.756794 0.653393
vn 0.018453 -0.756794 0.653393
vn -1.000000 -0.000000 0.000000
vn -1.000000 -0.000000 0.000000
vn -1.000000 -0.000000 0.000000
vn -1.000000 -0.000000 0.000000
vn 0.000000 1.000000 0.000000
vn 0.000000 1.000000 0.000000
vn 0.000000 1.000000 0.000000
vn 0.000000 1.000000 0.000000
vn -1.000000 -0.000000 0.000000
vn -1.000000 -0.000000 0.000000
vn 1.000000 0.000001 0.000001
vn 1.000000 0.000001 0.000001
vn 1.000000 0.000000 0.000001
vn 1.000000 -0.000000 0.000000
vn -1.000000 -0.000000 0.000000
vn -1.000000 -0.000000 0.000000
vn -1.000000 -0.000000 0.000000
vn -1.000000 -0.000000 0.000000
vn 1.000000 0.000000 0.000000
vn 1.000000 0.000000 0.000000
vn 1.000000 -0.000000 0.000000
vn 1.000000 -0.000000 0.000000
vn -0.000000 0.683903 -0.729573
vn -0.000000 0.683903 -0.729573
vn -0.000000 0.683903 -0.729573
vn -0.000000 0.683903 -0.729573
vn 1.000000 0.000000 0.000000
vn 1.000000 0.000000 0.000000
vn 0.000110 -0.653282 -0.757115
vn 0.000110 -0.653282 -0.757115
vn 0.000110 -0.653282 -0.757115
vn 0.000110 -0.653282 -0.757115
vn 0.000000 1.000000 0.000000
vn 0.000000 1.000000 0.000000
vn 0.000000 1.000000 0.000000
vn 0.000000 1.000000 0.000000
vn -0.000000 0.000000 1.000000
vn -0.000000 0.000000 1.000000
vn -0.000000 0.000000 1.000000
vn -0.000000 0.000000 1.000000
vn 1.000000 0.000000 0.000000
vn 1.000000 0.000000 0.000000
vn 1.000000 0.000000 0.000000
vn 1.000000 0.000000 0.000000
vn 0.000000 0.683903 0.729573
vn 0.000000 0.683903 0.729573
vn 0.000000 0.683903 0.729573
vn 0.000000 0.683903 0.729573
vn 0.000000 1.000000 0.000000
vn 0.000000 1.000000 0.000000
vn 0.000000 1.000000 0.000000
vn 0.000000 1.000000 0.000000
vn 0.000000 1.000000 0.000000
vn 0.000000 1.000000 0.000000
vn 1.000000 0.000000 0.000000
vn 1.000000 0.000000 0.000000
vn 1.000000 -0.000000 0.000000
vn 1.000000 -0.000000 0.000000
vn 1.000000 -0.000001 0.000000
vn 1.000000 -0.000001 0.000000
vn 0.000000 0.683902 -0.729574
vn 0.000000 0.683902 -0.729574
vn 0.000000 0.683902 -0.729574
vn 0.000000 0.683902 -0.729574
vn 1.000000 0.000000 0.000000
vn 1.000000 0.000000 0.000000
vn 1.000000 -0.000000 0.000000
vn 1.000000 0.000000 0.000000
vn 0.000000 0.000000 -1.000000
vn 0.000000 0.000000 -1.000000
vn 0.000000 0.000000 -1.000000
vn 0.000000 0.000000 -1.000000
vn 0.000000 0.000000 1.000000
vn 0.000000 0.000000 1.000000
vn 0.000000 0.000000 1.000000
vn 0.000000 0.000000 1.000000
vn 1.000000 0.000000 0.000000
vn 1.000000 0.000000 0.000000
vn 1.000000 0.000000 0.000000
vn 1.000000 0.000000 0.000000
vn 0.000000 -0.618003 -0.786176
vn 0.000000 -0.618003 -0.786176
vn 0.000000 -0.618003 -0.786176
vn 0.000000 -0.618003 -0.786176
vn -0.000000 -0.618003 0.786176
vn -0.000000 -0.618003 0.786176
vn -0.000000 -0.618003 0.786176
vn -0.000000 -0.618003 0.786176
vn -0.000000 -0.618003 0.786176
vn 1.000000 0.000000 0.000000
vn 1.000000 0.000000 0.000000
vn 0.000000 0.000000 1.000000
vn 0.000000 0.000000 1.000000
vn 0.000000 0.000000 1.000000
vn 0.000000 0.000000 1.000000
vn 0.000000 0.683903 0.729573
vn 0.000000 0.683903 0.729573
vn 0.000000 0.683903 0.729573
vn 0.000000 0.683903 0.729573
vn 0.000000 1.000000 0.000000
vn 0.000000 1.000000 0.000000
vn 0.000000 1.000000 0.000000
vn 0.000000 1.000000 0.000000
vn -0.007922 -0.108457 -0.994069
vn -0.007922 -0.108457 -0.994069
vn -0.007922 -0.108457 -0.994070
vn -0.007922 -0.108457 -0.994069
vn 0.000000 -0.618003 0.786176
vn 0.000000 -0.618003 0.786176
vn 0.000000 -0.618003 0.786176
vn 0.000000 -0.618003 0.786176
vn 0.000000 0.000000 1.000000
vn 0.000000 0.000000 1.000000
vn 0.000000 0.000000 1.000000
vn 0.000000 0.000000 1.000000
vn 0.000000 0.683902 -0.729573
vn 0.000000 0.683902 -0.729573
vn 0.000000 0.683902 -0.729573
vn 0.000000 0.683902 -0.729573
vn 0.000000 -0.618003 0.786176
vn 0.000000 -0.618003 0.786176
vn 0.000000 -0.618003 0.786176
vn 0.000000 -0.618003 0.786176
vn 0.000000 -1.000000 0.000000
vn 0.000000 -1.000000 0.000000
vn 0.000000 -1.000000 0.000000
vn 0.000000 -1.000000 0.000000
vn 0.000000 -1.000000 0.000000
vn 0.000000 -1.000000 0.000000
vn 0.000000 -0.617998 -0.786180
vn 0.000000 -0.617998 -0.786180
vn 0.000000 -0.617998 -0.786180
vn 0.000000 -0.617998 -0.786180
vn 0.000000 -0.000000 -1.000000
vn 0.000000 -0.000000 -1.000000
vn 0.000000 -0.000000 -1.000000
vn 0.000000 -0.000000 -1.000000
vn 0.000000 -0.618003 -0.786176
vn 0.000000 -0.618003 -0.786176
vn 0.000000 -0.618003 -0.786176
vn 0.000000 -0.618003 -0.786176
vn 0.000000 -0.618003 -0.786176
vn 0.002478 -0.637980 -0.770049
vn 0.002478 -0.637980 -0.770049
vn 0.002478 -0.637980 -0.770049
vn 0.002478 -0.637980 -0.770049
vn 1.000000 -0.000000 0.000000
vn 1.000000 -0.000000 0.000000
vn 0.002558 -0.638616 0.769521
vn 0.002558 -0.638616 0.769521
vn 0.002558 -0.638616 0.769521
vn 0.002558 -0.638616 0.769521
vn 0.002486 0.664920 -0.746911
vn 0.002486 0.664920 -0.746911
vn 0.002486 0.664920 -0.746911
vn 0.002486 0.664920 -0.746911
vn -0.000000 -0.453991 0.891006
vn 0.000000 -0.453991 0.891006
vn 0.002363 0.665875 0.746060
vn 0.002363 0.665875 0.746060
vn 0.002363 0.665875 0.746060
vn 0.002363 0.665875 0.746060
vn 0.000001 -0.707104 0.707109
vn 0.000000 -0.516288 0.856415
vn 0.000000 -0.465660 0.884964
vn 0.000003 -0.707096 0.707118
vn -1.000000 -0.000000 0.000000
vn -1.000000 -0.000000 0.000000
vn -0.000000 -0.453991 -0.891006
vn -0.000000 -0.346594 -0.938015
vn -0.000000 -0.346976 -0.937874
vn -0.000000 -0.453990 -0.891007
vn -1.000000 0.000000 0.000000
vn -1.000000 0.000000 0.000000
vn -1.000000 -0.000000 0.000000
vn -1.000000 -0.000000 0.000000
vn -1.000000 0.000000 0.000000
vn -1.000000 0.000000 0.000000
vn -1.000000 0.000000 0.000000
vn -1.000000 0.000000 0.000000
vn -1.000000 0.000000 0.000000
vn 1.000000 0.000000 0.000000
vn 1.000000 -0.000000 -0.000000
vn 1.000000 -0.000000 0.000002
vn -0.000000 -0.156434 -0.987688
vn 0.000000 -0.156434 -0.987688
vn 1.000000 -0.000000 0.000000
vn 1.000000 -0.000000 0.000000
vn 1.000000 0.000000 0.000000
vn 0.000001 0.189435 0.981893
vn 0.000228 0.188725 0.982030
vn -1.000000 0.000000 0.000000
vn -1.000000 0.000000 0.000000
vn -1.000000 -0.000002 0.000001
vn -1.000000 -0.000002 0.000001
vn 1.000000 0.000005 -0.000000
vn 1.000000 0.000005 -0.000000
vn 1.000000 0.000005 -0.000000
vn 1.000000 0.000005 -0.000000
vn 1.000000 0.000005 -0.000000
vn -0.071028 0.547909 -0.833517
vn -0.037325 0.446621 -0.893944
vn 0.000189 0.181107 -0.983463
vn -0.020750 0.247819 -0.968584
vn -1.000000 0.000000 0.000000
vn -1.000000 0.000000 0.000000
vn -1.000000 0.000000 0.000000
vn -1.000000 0.000000 0.000000
vn -0.037989 0.448303 0.893074
vn -0.071028 0.547908 0.833518
vn -0.020749 0.247818 0.968584
vn -0.001130 0.181678 0.983357
vn 1.000000 0.000004 0.000000
vn 1.000000 0.000004 0.000000
vn 1.000000 0.000004 0.000000
vn 1.000000 0.000004 0.000000
vn 1.000000 0.000004 0.000000
vn -0.055687 0.326750 0.943469
vn -0.023014 0.410387 0.911621
vn -0.854524 0.519411 -0.001093
vn -0.778438 0.627719 -0.001321
vn -0.770924 0.636850 -0.009893
vn -0.855631 0.517524 -0.008039
vn -0.022435 0.411857 -0.910972
vn -0.055687 0.326750 -0.943469
vn 1.000000 0.000000 0.000000
vn 1.000000 0.000000 0.000000
vn 0.997271 -0.073828 -0.000227
vn 0.997389 -0.072211 -0.000222
vn 1.000000 0.000000 0.000000
vn 1.000000 0.000000 0.000000
vn 0.997389 -0.072210 0.000222
vn 0.997271 -0.073827 0.000227
vn -0.133314 0.653424 0.745161
vn -0.071444 0.744316 0.663995
vn -0.305085 0.952323 -0.002005
vn -0.305085 0.952323 -0.002005
vn -0.312351 0.949852 -0.014756
vn -0.312351 0.949852 -0.014756
vn -0.071829 0.743737 -0.664602
vn -0.133314 0.653424 -0.745161
vn 0.991142 -0.132803 -0.000408
vn 0.991142 -0.132803 -0.000408
vn 0.991143 -0.132802 0.000408
vn 0.991142 -0.132802 0.000408
vn 0.000000 -0.999995 -0.003200
vn 0.000000 -0.999995 -0.003200
vn 0.000000 -0.999995 -0.003200
vn 0.000000 -0.999995 -0.003200
vn 0.000000 0.000000 -1.000000
vn 0.000000 0.000000 -1.000000
vn 0.000000 0.000000 -1.000000
vn 0.000000 0.000000 -1.000000
vn 0.000000 -0.999995 0.003200
vn 0.000000 -0.999995 0.003200
vn 0.000000 -0.999995 0.003200
vn 0.000000 -0.999995 0.003200
vn 0.000000 0.000000 1.000000
vn 0.000000 0.000000 1.000000
vn 0.000000 0.000000 1.000000
vn 0.000000 0.000000 1.000000
vn -0.168409 0.289505 -0.942245
vn -0.168409 0.289505 -0.942245
vn -0.168409 0.289505 -0.942245
vn -0.168409 0.289505 -0.942245
vn 0.000784 0.999858 -0.016814
vn 0.000784 0.999858 -0.016814
vn 0.000784 0.999858 -0.016814
vn 0.000784 0.999858 -0.016814
vn 0.000784 0.999858 0.016814
vn 0.000784 0.999858 0.016814
vn 0.000784 0.999858 0.016814
vn 0.000784 0.999858 0.016814
vn -0.168410 0.289504 0.942245
vn -0.168410 0.289504 0.942245
vn -0.168410 0.289504 0.942245
vn -0.168410 0.289504 0.942245
vn 0.015633 0.037668 -0.999168
vn 0.009274 0.102484 -0.994691
vn 0.009067 0.046476 -0.998878
vn 0.014896 0.016749 -0.999749
vn 0.015199 0.492933 -0.869935
vn 0.014230 0.499877 -0.865980
vn 0.007284 0.858145 -0.513355
vn 0.006625 0.862827 -0.505455
vn 0.000096 0.999718 -0.023725
vn 0.000098 1.000000 0.000000
vn 0.000107 1.000000 -0.000000
vn 0.000106 0.999707 -0.024205
vn 0.000100 0.999718 0.023732
vn 0.000108 0.999706 0.024228
vn 0.008644 0.877415 0.479655
vn 0.016634 0.498919 0.866489
vn 0.016853 0.491220 0.870872
vn 0.009040 0.869700 0.493498
vn 0.016305 0.017847 0.999708
vn 0.016330 0.039170 0.999099
vn 0.009897 0.051798 0.998609
vn 0.009816 0.111571 0.993708
vn -0.000002 -0.999992 -0.004036
vn -0.000002 -0.999992 -0.004036
vn -0.000002 -0.999992 -0.004036
vn -0.000002 -0.999992 -0.004036
vn 0.000000 0.000000 -1.000000
vn 0.000000 0.000000 -1.000000
vn 0.000000 0.000000 -1.000000
vn 0.000000 0.000000 -1.000000
vn 0.000000 0.000000 -1.000000
vn -0.000002 -0.999992 0.004036
vn -0.000002 -0.999992 0.004036
vn -0.000002 -0.999992 0.004036
vn -0.000002 -0.999992 0.004036
vn 0.000000 0.000000 1.000000
vn 0.000000 0.000000 1.000000
vn 0.000000 0.000000 1.000000
vn 0.000000 0.000000 1.000000
vn 0.000000 0.000000 1.000000
vn 0.000000 0.000000 1.000000
vn 0.000000 0.000000 1.000000
vn 0.000000 0.000000 1.000000
vn 0.000000 0.000000 1.000000
vn 0.000000 0.000000 -1.000000
vn 0.000000 0.000000 -1.000000
vn 0.000000 0.000000 -1.000000
vn 0.000000 0.000000 -1.000000
vn 0.000000 0.883796 0.467872
vn 0.000000 0.883796 0.467872
vn 0.000000 0.883796 0.467872
vn 0.000000 0.883796 0.467872
vn 0.000000 0.999727 0.023354
vn 0.000000 0.999727 0.023354
vn 0.000000 0.999727 0.023354
vn 0.000000 0.999727 0.023354
vn 0.000000 0.999727 -0.023354
vn 0.000000 0.999727 -0.023354
vn 0.000000 0.999727 -0.023354
vn 0.000000 0.999727 -0.023354
vn 0.000000 0.866420 -0.499316
vn 0.000000 0.866420 -0.499316
vn 0.000000 0.866420 -0.499316
vn 0.000000 0.866420 -0.499316
vn 0.000001 -0.999995 -0.003215
vn 0.000001 -0.999995 -0.003215
vn 0.000001 -0.999995 -0.003215
vn 0.000001 -0.999995 -0.003215
vn 0.000001 -0.999995 0.003215
vn 0.000001 -0.999995 0.003215
vn 0.000001 -0.999995 0.003215
vn 0.000001 -0.999995 0.003215
vn 1.000000 0.000000 0.000000
vn 1.000000 0.000000 0.000000
vn 1.000000 -0.000000 0.000000
vn 1.000000 -0.000000 0.000000
vn -1.000000 0.000000 0.000000
vn -1.000000 0.000000 0.000000
vn -1.000000 0.000000 0.000000
vn -1.000000 0.000000 0.000000
vn -0.000001 0.349179 -0.937056
vn -0.000001 0.349179 -0.937056
vn 0.000000 0.000001 -1.000000
vn 0.000000 -0.000001 -1.000000
vn 1.000000 -0.000000 0.000000
vn 1.000000 -0.000000 0.000000
vn 1.000000 0.000000 0.000000
vn 1.000000 0.000000 0.000000
vn -0.000001 0.349180 0.937056
vn -0.000001 0.349180 0.937056
vn 0.000000 -0.000001 1.000000
vn -0.000000 0.000001 1.000000
vn -1.000000 0.000000 0.000000
vn -1.000000 0.000000 0.000000
vn -1.000000 -0.000000 0.000000
vn -1.000000 -0.000000 0.000000
vn 0.000509 -0.117238 0.993104
vn 0.001683 -0.266274 0.963896
vn -0.002888 0.087121 0.996194
vn -0.002521 0.013045 0.999912
vn 1.000000 -0.000000 0.000000
vn 1.000000 -0.000000 0.000000
vn 1.000000 -0.000000 0.000000
vn 1.000000 -0.000000 0.000000
vn 1.000000 -0.000000 0.000000
vn 1.000000 -0.000000 0.000000
vn 1.000000 -0.000000 0.000000
vn 1.000000 0.000000 0.000000
vn 0.001683 -0.266274 -0.963896
vn 0.000509 -0.117239 -0.993104
vn -0.002521 0.013045 -0.999912
vn -0.002888 0.087121 -0.996194
vn -0.884751 -0.466060 -0.001870
vn -0.884554 -0.466433 -0.001871
vn -0.979512 -0.201385 -0.000772
vn -0.976092 -0.217354 -0.000833
vn -0.884555 -0.466433 0.001871
vn -0.884751 -0.466060 0.001870
vn -0.976092 -0.217354 0.000833
vn -0.979512 -0.201385 0.000772
vn 0.002201 -0.306597 0.951837
vn 0.001912 -0.266296 0.963889
vn 1.000000 0.000000 0.000000
vn 1.000000 0.000000 0.000000
vn 1.000000 -0.000000 0.000000
vn 1.000000 -0.000000 0.000000
vn 0.001912 -0.266296 -0.963889
vn 0.002201 -0.306598 -0.951837
vn -0.976040 -0.217589 -0.000905
vn -0.985170 -0.171577 -0.000714
vn -0.985170 -0.171577 0.000714
vn -0.976040 -0.217589 0.000905
vn -0.000000 0.394406 0.918936
vn -0.000000 0.394406 0.918936
vn 1.000000 0.000000 0.000000
vn 1.000000 0.000000 0.000000
vn 1.000000 0.000000 0.000000
vn 1.000000 0.000000 0.000000
vn -0.000000 0.394406 -0.918936
vn -0.000000 0.394406 -0.918936
vn -1.000000 0.000000 0.000000
vn -1.000000 0.000000 0.000000
vn -1.000000 -0.000000 0.000000
vn -1.000000 -0.000000 0.000000
vn -0.000000 0.167173 0.985928
vn -0.000000 0.167174 0.985927
vn 1.000000 -0.000000 0.000000
vn 1.000000 -0.000000 0.000000
vn 1.000000 0.000000 0.000000
vn 1.000000 0.000000 0.000000
vn -0.000000 0.167174 -0.985927
vn -0.000000 0.167174 -0.985927
vn -1.000000 0.000000 0.000000
vn -1.000000 0.000000 0.000000
vn -1.000000 -0.000000 0.000000
vn -1.000000 -0.000000 0.000000
vn 0.000000 -0.214533 0.976717
vn 0.000000 -0.214533 0.976717
vn 1.000000 0.000000 0.000000
vn 1.000000 0.000000 0.000000
vn 1.000000 -0.000000 0.000000
vn 1.000000 0.000000 0.000000
vn 0.000000 -0.214532 -0.976717
vn 0.000000 -0.214532 -0.976717
vn -1.000000 0.000000 0.000000
vn -1.000000 0.000000 0.000000
vn -1.000000 -0.000000 0.000000
vn -1.000000 -0.000000 0.000000
vn -1.000000 0.000000 0.000000
vn -1.000000 0.000000 0.000000
vn -1.000000 0.000000 0.000000
vn -1.000000 0.000000 0.000000
vn -0.000000 0.128118 0.991759
vn -0.000000 0.128118 0.991759
vn -0.000000 0.213443 0.976956
vn -0.000000 0.213443 0.976956
vn 1.000000 0.000000 0.000000
vn 1.000000 0.000000 0.000000
vn 1.000000 0.000000 0.000000
vn 1.000000 0.000000 0.000000
vn 1.000000 -0.000000 0.000000
vn 1.000000 -0.000000 0.000000
vn 1.000000 -0.000000 0.000000
vn 1.000000 -0.000000 0.000000
vn -0.000000 0.128118 -0.991759
vn -0.000000 0.128118 -0.991759
vn -0.000000 0.213443 -0.976956
vn -0.000000 0.213443 -0.976956
vn -1.000000 0.000000 0.000000
vn -1.000000 0.000000 0.000000
vn -1.000000 0.000000 0.000000
vn -1.000000 0.000000 0.000000
vn -1.000000 0.000000 0.000000
vn -1.000000 0.000000 0.000000
vn 0.000000 -0.284051 0.958809
vn 0.000000 -0.284051 0.958809
vn 1.000000 0.000000 0.000000
vn 1.000000 0.000000 0.000000
vn 1.000000 0.000000 0.000000
vn 1.000000 0.000000 0.000000
vn 0.000000 -0.284051 -0.958809
vn 0.000000 -0.284051 -0.958809
vn -1.000000 0.000000 0.000000
vn -1.000000 0.000000 0.000000
vn 1.000000 -0.000000 0.000000
vn 1.000000 -0.000000 0.000000
vn 1.000000 0.000000 0.000000
vn 1.000000 0.000000 0.000000
vn 1.000000 0.000002 -0.000001
vn 1.000000 0.000002 -0.000001
vn 1.000000 -0.000000 0.000000
vn 1.000000 -0.000000 0.000000
vn 1.000000 -0.000000 0.000000
vn 1.000000 -0.000000 0.000000
vn 1.000000 -0.000000 -0.000000
vn 1.000000 -0.000000 0.000000
vn 1.000000 0.000000 0.000000
vn 1.000000 0.000001 0.000000
vn 1.000000 0.000001 0.000000
vn 1.000000 0.000001 0.000000
vn 1.000000 0.000001 0.000000
vn 1.000000 0.000001 0.000002
vn 1.000000 0.000001 0.000002
vn 1.000000 -0.000000 -0.000001
vn 1.000000 -0.000001 -0.000003
vn 1.000000 -0.000000 0.000001
vn 1.000000 -0.000001 0.000000
vn 1.000000 -0.000001 -0.000002
vn 1.000000 -0.000001 -0.000002
vn 1.000000 -0.000000 -0.000000
vn 1.000000 0.000000 -0.000003
vn 1.000000 -0.000000 -0.000001
vn 1.000000 -0.000001 0.000001
vn 1.000000 -0.000000 -0.000003
vn 0.000000 -0.618002 0.786177
vn 0.000000 -0.618002 0.786177
vn 1.000000 -0.000001 0.000002
vn 1.000000 -0.000001 0.000001
vn 1.000000 -0.000000 -0.000002
vn 1.000000 -0.000001 0.000001
vn -1.000000 -0.000003 -0.000002
vn -1.000000 -0.000001 -0.000004
vn -1.000000 -0.000001 -0.000004
vn -1.000000 -0.000001 -0.000004
vn -1.000000 -0.000001 -0.000003
vn -1.000000 -0.000001 -0.000004
vn -1.000000 -0.000000 0.000000
vn -1.000000 -0.000000 0.000000
vn -1.000000 -0.000000 0.000000
vn -1.000000 -0.000000 0.000000
vn -1.000000 -0.000000 0.000000
vn -1.000000 -0.000000 0.000000
vn -1.000000 -0.000000 0.000000
vn -1.000000 0.000000 0.000000
vn -1.000000 0.000000 0.000000
vn -1.000000 -0.000001 0.000004
vn -1.000000 -0.000001 0.000004
vn -1.000000 -0.000003 0.000001
vn -1.000000 -0.000000 0.000003
vn -1.000000 -0.000001 0.000003
vn -1.000000 -0.000001 0.000004
vn -1.000000 0.000000 0.000000
vn -1.000000 -0.000000 0.000000
vn -1.000000 -0.000000 0.000000
vn -1.000000 -0.000000 0.000000
vn -1.000000 -0.000001 0.000000
vn -1.000000 0.000000 0.000000
vn -1.000000 0.000000 0.000000
vn -1.000000 -0.000001 -0.000000
vn -1.000000 0.000000 0.000001
vn -1.000000 0.000000 -0.000002
vn -1.000000 -0.000000 0.000000
vn -1.000000 -0.000000 0.000000
vn -1.000000 0.000000 0.000000
vn -1.000000 0.000000 0.000000
vn -1.000000 0.000000 0.000000
vn -1.000000 0.000000 0.000000
vn -1.000000 -0.000000 0.000000
vn -1.000000 -0.000000 0.000000
vn -1.000000 -0.000000 0.000000
vn -1.000000 -0.000000 0.000000
vn -1.000000 -0.000001 0.000000
vn -1.000000 0.000000 0.000000
vn -1.000000 0.000000 0.000000
vn -1.000000 0.000000 0.000000
vn -1.000000 0.000000 0.000000
vn -1.000000 0.000000 0.000000
vn -1.000000 0.000000 0.000000
vn -1.000000 0.000000 0.000000
vn -1.000000 0.000000 0.000000
vn -1.000000 0.000000 0.000000
vn -1.000000 -0.000000 0.000000
vn -1.000000 -0.000000 0.000000
vn -1.000000 -0.000000 0.000000
vn -1.000000 -0.000000 0.000000
vn -1.000000 -0.000000 0.000000
vn -1.000000 -0.000000 0.000000
vn -1.000000 -0.000000 0.000000
vn -1.000000 -0.000000 0.000000
vn -1.000000 -0.000000 0.000000
vn -1.000000 -0.000000 0.000000
vn -1.000000 0.000000 0.000000
vn -1.000000 0.000000 0.000000
vn -0.000000 0.891006 0.453992
vn -0.000000 0.891006 0.453992
vn 0.000000 0.891006 0.453991
vn 0.000000 0.891006 0.453991
vn -0.000000 0.891006 0.453991
vn -0.000000 0.891006 0.453991
vn 0.000001 0.891006 0.453992
vn 0.000001 0.891006 0.453992
vn -0.007151 0.887626 0.460510
vn -0.008460 0.886997 0.461698
vn -0.010312 0.886102 0.463376
vn -0.006833 0.833136 0.553026
vn -0.005382 0.808744 0.588136
vn -0.000003 0.707108 0.707105
vn -0.000000 0.594209 0.804311
vn -0.000097 0.423870 0.905723
vn -0.000237 0.189439 0.981892
vn 0.000000 -0.359925 0.932981
vn 0.000000 -0.156434 0.987688
vn 0.000000 -0.156435 0.987688
vn 0.000000 -0.359929 0.932980
vn 0.000000 -0.453990 0.891007
vn 0.000000 -0.453991 0.891006
vn 0.000001 -0.891007 0.453989
vn 0.000001 -0.961335 0.275383
vn 0.000000 -1.000000 0.000002
vn 0.000001 -0.955673 -0.294429
vn 0.000002 -0.891005 -0.453993
vn 0.000000 -0.453991 -0.891006
vn 0.000000 -0.346598 -0.938014
vn 0.000000 -0.156433 -0.987688
vn -0.000226 0.189392 -0.981902
vn -0.000092 0.423719 -0.905793
vn -0.000000 0.572973 -0.819574
vn -0.000001 0.707102 -0.707111
vn 0.000003 0.891006 -0.453992
vn 0.000003 0.891006 -0.453992
vn 0.008498 0.015665 -0.999841
vn 0.014126 0.005759 -0.999884
vn 0.013580 0.502284 -0.864596
vn 0.006347 0.865189 -0.501406
vn 0.000092 0.999724 -0.023481
vn 0.000091 1.000000 -0.000000
vn 0.000090 0.999724 0.023478
vn 0.016279 0.502274 0.864555
vn 0.008220 0.881564 0.471993
vn 0.016121 0.006164 0.999851
vn 0.009858 0.018173 0.999786
vn 0.008351 0.173696 0.984764
vn 0.014059 0.062161 0.997967
vn 0.014618 0.483235 0.875368
vn 0.008003 0.861039 0.508476
vn 0.000096 0.999692 0.024796
vn 0.000097 1.000000 -0.000003
vn 0.000098 0.999693 -0.024772
vn 0.006690 0.852653 -0.522435
vn 0.013767 0.485987 -0.873857
vn 0.014052 0.060930 -0.998043
vn 0.008250 0.162621 -0.986654
vn 0.000000 0.891006 -0.453992
vn 0.000000 0.891006 -0.453992
vn 0.000000 0.707114 -0.707099
vn 0.000000 0.579482 -0.814985
vn 0.000171 0.416561 -0.909108
vn 0.000403 0.187180 -0.982326
vn -0.000000 -0.156435 -0.987688
vn -0.000000 -0.347361 -0.937731
vn -0.000000 -0.453990 -0.891007
vn -0.000001 -0.891007 -0.453990
vn -0.000001 -0.953839 -0.300317
vn -0.000001 -1.000000 0.000001
vn -0.000000 -0.960238 0.279182
vn -0.000000 -0.891008 0.453988
vn 0.000417 0.187182 0.982325
vn 0.000177 0.416535 0.909119
vn 0.000000 0.598660 0.801004
vn 0.000000 0.707107 0.707107
vn 0.007098 0.218151 0.975889
vn 0.012057 0.079274 0.996780
vn 0.012551 0.476871 0.878884
vn 0.006952 0.854266 0.519789
vn 0.000081 0.999682 0.025230
vn 0.000081 1.000000 -0.000006
vn 0.000082 0.999682 -0.025219
vn 0.005420 0.848439 -0.529266
vn 0.011465 0.479916 -0.877239
vn 0.011991 0.078080 -0.996875
vn 0.007369 0.207256 -0.978259
vn -0.000001 0.891006 -0.453991
vn -0.000001 0.891006 -0.453991
vn -0.000001 0.707111 -0.707102
vn 0.000000 0.585472 -0.810692
vn 0.000975 0.404820 -0.914396
vn 0.002424 0.183604 -0.982997
vn 0.000000 -0.156435 -0.987688
vn 0.003629 -0.346831 -0.937921
vn -0.000001 -0.891006 -0.453991
vn -0.000001 -0.952055 -0.305926
vn -0.000000 -1.000000 -0.000567
vn 0.000000 -0.957741 0.287633
vn 0.000000 -0.891006 0.453991
vn 0.000000 -0.350453 0.936580
vn 0.000000 -0.156435 0.987688
vn 0.000544 0.186077 0.982535
vn 0.002431 0.183562 0.983005
vn 0.000979 0.404697 0.914450
vn -0.000000 0.604123 0.796891
vn -0.000000 0.707106 0.707108
vn 0.010815 0.272925 0.961975
vn 0.018257 0.100961 0.994723
vn 0.018994 0.467154 0.883972
vn 0.010672 0.845321 0.534153
vn 0.000130 0.999667 0.025788
vn 0.000130 1.000000 -0.000004
vn 0.000130 0.999668 -0.025781
vn 0.008962 0.843018 -0.537811
vn 0.018960 0.467806 -0.883628
vn 0.019714 0.099414 -0.994851
vn 0.011963 0.266486 -0.963765
vn -0.005266 0.890162 -0.455614
vn -0.005616 0.890105 -0.455721
vn -0.000333 0.703081 -0.711109
vn -0.000170 0.639170 -0.769065
vn 0.001380 0.328832 -0.944387
vn 0.002036 0.169628 -0.985506
vn -0.000000 -0.156435 -0.987688
vn 0.000090 -0.326712 -0.945124
vn -0.000178 -0.876173 -0.481997
vn -0.000000 -0.951660 -0.307154
vn 0.000000 -1.000000 0.000653
vn -0.000000 -0.952954 0.303115
vn -0.000000 -0.891006 0.453991
vn 0.000000 -0.358219 0.933638
vn 0.000000 -0.156435 0.987688
vn 0.001770 0.174304 0.984690
vn 0.000962 0.398170 0.917311
vn 0.000000 0.611807 0.791007
vn 0.000000 0.707105 0.707108
vn -0.005308 0.860979 -0.508613
vn -0.006428 0.889971 -0.455971
vn -0.006428 0.889971 -0.455971
vn -0.003509 0.809103 -0.587657
vn -0.000192 0.645305 -0.763925
vn -0.000341 0.702976 -0.711214
vn -0.000341 0.702976 -0.711214
vn -0.000341 0.702976 -0.711214
vn -0.000341 0.702976 -0.711214
vn -0.000341 0.702976 -0.711214
vn 0.001173 0.318481 -0.947928
vn 0.001792 0.168830 -0.985643
vn 0.001044 0.030974 -0.999520
vn 0.000857 -0.003050 -0.999995
vn 0.001792 0.168830 -0.985643
vn 0.001792 0.168830 -0.985643
vn -0.000000 -0.156435 -0.987688
vn -0.002941 -0.318711 -0.947847
vn -0.002812 -0.560211 -0.828345
vn 0.000931 -0.709205 -0.705002
vn 0.000663 -0.830608 -0.556857
vn -0.001592 -0.725299 -0.688432
vn 0.000000 -0.951459 -0.307777
vn 0.000000 -0.987689 -0.156430
vn 0.000000 -1.000000 0.000563
vn 0.000000 -0.987688 0.156435
vn -0.000000 -0.951597 0.307348
vn -0.000000 -0.860929 0.508724
vn -0.000000 -0.831804 0.555070
vn 0.000000 -0.707106 0.707107
vn 0.000000 -0.543528 0.839391
vn 0.000000 -0.360326 0.932826
vn 0.000937 -0.026580 0.999646
vn 0.000000 -0.156434 0.987688
vn 0.001332 0.029004 0.999578
vn 0.001703 0.169430 0.985541
vn 0.000965 0.383851 0.923395
vn -0.000000 0.629380 0.777098
vn -0.000000 0.707109 0.707105
vn -0.000000 0.707109 0.707105
vn -0.000000 0.707109 0.707105
vn -0.000000 0.707107 0.707106
vn 0.002285 0.165197 0.986258
vn 0.002285 0.165197 0.986258
vn 0.001898 -0.702937 -0.711249
vn 0.001898 -0.702937 -0.711249
vn 0.001898 -0.702937 -0.711249
s 1
g Gun_Magazine Gun
usemtl Gun_Magazine2
f 1/720/1 2/2/2 8/3/3 9/4/4
f 4/754/5 6/734/6 7/7/7 5/8/8 3/9/9
s 2
f 12/10/10 10/11/11 11/856/12 14/13/13
s 1
f 8/3/3 2/2/2 13/14/14 15/15/15
s 2
f 12/10/10 14/13/13 16/16/16 19/17/17
s 1
f 521/18/18 44/19/19 22/20/20 502/21/21
s 2
f 23/733/22 20/23/23 22/20/24 33/24/25
f 24/732/26 25/26/27 17/27/28 18/28/29
s 1
f 27/29/30 28/30/31 26/31/32 35/32/33
f 27/29/34 523/33/35 500/34/36 32/35/37
f 34/36/38 15/15/15 13/14/14 36/37/39
f 525/38/40 62/39/41 39/40/42 498/41/43
s 2
f 19/17/17 16/16/16 40/42/44 43/43/45
f 41/44/46 33/24/25 22/20/24 44/19/47
s 8
f 42/45/48 37/46/49 39/40/50 46/47/51
f 45/750/52 42/45/48 46/47/51 56/49/53 60/50/54
s 1
f 35/32/33 26/31/32 50/51/55 54/52/56
s 9
f 47/859/57 52/749/58 51/55/59 48/56/60
s 1
f 53/57/61 34/36/38 36/37/39 57/58/62
s 8
f 55/59/63 46/47/51 39/40/50 62/39/64
s 1
f 58/60/65 34/36/38 53/57/61 69/61/66
s 2
f 59/62/67 41/44/46 44/19/47 68/63/68
f 43/43/45 40/42/44 61/64/69 70/65/70
s 9
f 63/66/71 51/55/59 52/749/58 64/748/72
s 1
f 65/68/73 54/52/56 50/51/55 71/69/74 72/70/75
s 9
f 67/71/76 48/56/60 51/55/59 83/72/77
s 1
f 57/58/62 77/73/78 73/74/79 53/57/61
s 8
f 76/75/80 75/746/81 60/50/54 56/49/53
s 1
f 72/70/75 71/69/74 78/77/82 79/78/83
f 73/74/79 77/73/78 80/79/84 87/80/85
s 8
f 81/81/86 82/82/87 75/746/81 76/75/80
s 1
f 79/78/83 78/77/82 84/83/88 85/84/89
f 86/85/90 87/80/85 80/79/84
s 9
f 88/727/91 89/87/92 63/66/71 64/748/72
s 1
f 87/80/85 86/85/90 85/84/89 84/83/88
s 9
f 51/55/59 63/66/71 90/88/93 83/72/77
s 8
f 93/89/94 55/59/63 62/39/64 101/90/95
s 2
f 94/91/96 59/62/67 68/63/68 104/92/97
f 70/65/70 61/64/69 95/93/98 96/94/99
s 1
f 519/95/100 157/96/101 99/97/102 504/588/103
s 9
f 100/99/104 67/71/76 83/72/77 106/100/105
s 8
f 81/81/86 76/75/80 102/101/106 105/102/107
s 9
f 106/100/105 83/72/77 90/88/93 122/103/108
s 2
f 107/104/109 108/105/110 110/106/111 109/107/112
f 108/105/110 107/104/113 96/94/99 95/93/98
f 111/108/114 94/91/96 104/92/97 113/109/115
f 110/106/111 108/105/110 112/110/116
f 108/105/110 95/93/98 286/111/117
f 112/110/116 108/105/110 119/112/118
s 1
f 543/113/119 180/114/120 140/115/121 526/116/122
s 2
f 108/105/110 286/111/117 292/117/123 111/108/114
f 119/112/118 108/105/110 111/108/114 113/109/115
s 13
f 120/725/124 116/119/125 118/120/126 124/121/127
s 8
f 121/122/128 93/89/94 101/90/95 131/123/129
s 9
f 90/88/93 126/124/130 125/125/131 122/103/108
s 13
f 128/126/132 127/127/133 114/724/134 115/129/135
s 8
f 105/102/107 102/101/106 129/130/136 133/131/137
s 9
f 130/132/138 100/99/104 106/100/105 135/133/139
s 13
f 132/134/140 124/121/127 118/120/126 140/115/141
s 9
f 106/100/105 122/103/108 134/135/142 135/133/139
s 15
f 138/136/143 139/742/144 136/743/145 137/139/146
s 13
f 143/140/147 144/141/148 142/722/149 147/143/150
s 15
f 136/743/145 146/741/151 145/145/152 137/139/146
f 148/739/153 139/742/144 138/136/143 156/147/154
s 8
f 131/123/129 150/148/155 151/149/156 141/150/157 121/122/128
s 15
f 145/145/152 146/741/151 152/151/158 160/152/159
s 9
f 153/153/160 130/132/138 135/133/139 158/154/161
s 8
f 154/155/162 133/131/137 129/130/136 164/156/163 175/157/164
f 162/158/165 151/149/156 150/148/155 155/159/166 171/160/167
s 1
f 528/161/168 179/162/169 160/152/170 495/163/171
s 13
f 161/164/172 132/134/140 140/115/141 180/114/173
s 8
f 141/150/157 151/149/156 162/158/165
s 9
f 163/165/174 153/153/160 158/154/161 168/166/175
s 13
f 166/167/176 143/140/147 147/143/150 170/168/177
s 15
f 137/139/146 145/145/152 167/169/178 173/170/179
s 8
f 169/171/180 141/150/157 162/158/165
s 15
f 172/172/181 156/147/154 138/136/143 181/173/182
s 9
f 163/165/174 168/166/175 174/174/183 176/175/184
s 15
f 145/145/152 160/152/159 179/162/185 167/169/178
s 8
f 175/157/164 164/156/163 182/176/186 183/177/187
f 169/171/180 162/158/165 182/176/186
f 162/158/165 171/160/167 183/177/187 182/176/186
s 9
f 184/178/188 176/175/184 174/174/183 185/179/189
f 186/180/190 184/178/188 185/179/189
f 187/181/191 188/182/192 189/183/193 186/180/190 185/179/189
f 189/183/193 188/182/192 190/184/194 191/185/195 192/186/196
s 13
f 166/167/176 170/168/177 193/187/197 544/188/198 545/189/199
f 194/190/200 161/164/172 180/114/173 203/191/201
s 15
f 198/192/202 172/172/181 181/173/182 207/193/203
s 1
f 67/71/204 520/194/205 503/195/206 48/56/207
f 156/147/208 490/593/209 200/197/210 148/739/211
f 32/35/212 30/736/213 3/9/9 5/8/8
s 15
f 167/169/178 179/162/185 204/199/214 208/200/215
s 13
f 210/201/216 194/190/200 203/191/201 216/202/217
f 202/203/218 544/188/198 193/187/197 211/204/219 219/205/220
s 15
f 213/206/221 208/200/215 212/207/222 217/208/223
s 1
f 7/7/7 6/734/6 9/4/4 8/3/3
s 15
f 218/209/224 198/192/202 207/193/203 220/210/225
f 208/200/215 204/199/214 221/211/226 212/207/222
s 13
f 210/201/216 216/202/217 222/212/227 224/213/228
s 19
f 199/214/229 303/215/230 302/217/231 103/248/232
s 1
f 27/29/30 32/35/212 5/8/8 28/30/31
s 13
f 223/218/233 210/201/216 224/213/228
f 219/205/220 211/204/219 225/219/234 227/220/235
f 226/221/236 223/218/233 224/213/228
f 225/219/234 226/221/236 224/213/228
f 224/213/228 222/212/227 228/222/237 231/223/238
s 15
f 229/224/239 218/209/224 220/210/225 230/225/240
f 212/207/222 221/211/226 232/226/241 236/227/242
s 13
f 227/220/235 225/219/234 224/213/228 233/228/243
s 1
f 28/30/31 5/8/8 7/7/7 234/229/244
s 13
f 224/213/228 231/223/238 235/230/245
f 224/213/228 235/230/245 233/228/243
s 15
f 238/231/246 230/225/240 237/232/247 240/233/248
s 2
f 14/13/13 11/856/12 18/28/29 17/27/28
s 1
f 234/229/244 7/7/7 8/3/3 15/15/15
s 15
f 239/234/249 229/224/239 230/225/240 238/231/246
f 236/227/242 232/226/241 242/235/250 243/236/251
f 244/237/252 238/231/246 240/233/248 247/238/253
f 240/233/248 243/236/251 245/239/254 247/238/253
f 246/240/255 239/234/249 238/231/246 244/237/252
f 243/236/251 242/235/250 245/239/254
s 2
f 25/26/27 24/732/26 23/733/22 33/24/25
f 16/16/16 14/13/13 17/27/28 249/241/256
s 1
f 28/30/31 234/229/244 58/60/65 26/31/32
f 234/229/244 15/15/15 34/36/38 58/60/65
s 2
f 249/241/256 17/27/28 25/26/27 251/242/257
f 251/242/257 25/26/27 33/24/25 41/44/46
f 40/42/44 16/16/16 249/241/256 253/243/258
s 1
f 499/244/259 500/34/36 523/33/35 524/245/260
s off
f 256/817/261 257/818/262 258/782/263 259/788/264
s 1
f 50/51/55 26/31/32 58/60/65 69/61/66
s 2
f 253/243/258 249/241/256 251/242/257 260/250/265
s 20
f 297/1/266 262/5/267 309/6/268 298/12/269
s 2
f 59/62/67 260/250/265 251/242/257 41/44/46
s off
f 263/255/270 264/828/271 265/780/272 266/803/273
s 1
f 498/41/43 499/867/259 524/866/260 525/38/40
f 71/69/74 50/51/55 69/61/66 267/259/274
s 8
f 56/49/53 46/47/51 55/59/63 268/260/275
s 2
f 61/64/69 40/42/44 253/243/258 269/261/276
s 1
f 78/77/82 71/69/74 267/259/274 84/83/88
f 267/259/274 69/61/66 53/57/61 73/74/79
s off
f 270/262/277 271/815/278 272/794/279 273/781/280
s 1
f 73/74/79 87/80/85 84/83/88 267/259/274
s 9
f 88/727/91 97/728/281 99/97/282 89/87/92
s 2
f 269/261/276 253/243/258 260/250/265 276/267/283
s 21
f 277/822/284 485/862/285 334/763/286 252/821/287
s off
f 278/809/288 279/812/289 280/801/290 281/768/291
s 8
f 56/49/53 268/260/275 102/101/106 76/75/80
s 2
f 59/62/67 94/91/96 276/267/283 260/250/265
s 9
f 90/88/93 63/66/71 89/87/92 126/124/130
s off
f 282/879/292 283/820/293 284/790/294 195/802/295
f 279/812/296 285/804/297 206/800/298 280/801/299
s 2
f 95/93/98 61/64/69 269/261/276 286/111/117
s 1
f 502/21/21 503/195/206 520/194/205 521/18/18
s 9
f 99/97/282 157/96/300 126/124/130 89/87/92
s 8
f 268/260/275 55/59/63 93/89/94 287/279/301
s off
f 288/280/302 289/823/303 290/764/304 291/773/305
s 2
f 286/111/117 269/261/276 276/267/283 292/117/123
f 276/267/283 94/91/96 111/108/114 292/117/123
s 13
f 120/725/124 124/121/127 115/129/135 114/724/134
s 8
f 268/260/275 287/279/301 129/130/136 102/101/106
s 9
f 157/96/300 178/284/306 125/125/131 126/124/130
s off
f 293/834/307 294/837/308 295/789/309 296/761/310
s 13
f 127/127/133 128/126/132 147/143/150 142/722/149
s off
f 297/805/311 298/810/312 299/798/313 205/799/314
f 300/877/315 301/806/316 302/216/317 303/797/318
s 13
f 124/121/127 132/134/140 304/293/319 115/129/135
s 8
f 287/279/301 93/89/94 121/122/128 305/294/320
s 13
f 128/126/132 115/129/135 304/293/319 306/295/321
s off
f 298/810/322 300/291/323 303/876/324 299/798/325
s 13
f 128/126/132 306/295/321 170/168/177 147/143/150
s 8
f 129/130/136 287/279/301 305/294/320 164/156/163
s 9
f 134/135/142 122/103/108 125/125/131 307/296/326
s 8
f 305/294/320 121/122/128 141/150/157 169/171/180
s off
f 308/852/327 309/853/328 310/760/329 311/776/330
s 9
f 178/284/306 197/300/331 307/296/326 125/125/131
s 20
f 29/22/332 254/25/333 312/48/334 313/53/335 264/54/336
s 13
f 132/134/140 161/164/172 314/305/337 304/293/319
s 15
f 138/136/143 137/139/146 173/170/179 181/173/182
s 9
f 158/154/161 135/133/139 134/135/142 315/306/338
s 13
f 304/293/319 314/305/337 316/307/339 306/295/321
s 8
f 164/156/163 305/294/320 169/171/180 182/176/186
s 9
f 168/166/175 158/154/161 315/306/338 187/181/191
s off
f 317/875/340 318/830/341 215/796/342 319/783/343
s 9
f 315/306/338 134/135/142 307/296/326 190/184/194
s off
f 320/839/344 321/846/345 322/793/346 323/792/347
s 9
f 174/174/183 168/166/175 187/181/191 185/179/189
f 187/181/191 315/306/338 190/184/194 188/182/192
s 13
f 306/295/321 316/307/339 193/187/197 170/168/177
s 9
f 197/300/331 191/185/195 190/184/194 307/296/326
s 20
f 254/25/333 38/67/348 288/76/349 324/86/350 312/48/334
s 23
f 400/614/351 401/319/352 375/320/353 376/632/354
s off
f 321/846/355 327/842/356 328/767/357 322/793/358
s 13
f 161/164/172 194/190/200 329/324/359 314/305/337
s 15
f 207/193/203 181/173/182 173/170/179 213/206/221
s off
f 330/850/360 331/847/361 332/327/362 333/757/363
s 15
f 213/206/221 173/170/179 167/169/178 208/200/215
s 13
f 314/305/337 329/324/359 335/329/364 316/307/339
s off
f 336/873/365 337/844/366 338/756/367 339/766/368
s 13
f 316/307/339 335/329/364 211/204/219 193/187/197
s 23
f 401/319/352 402/631/369 378/635/370 375/320/353
s 13
f 329/324/359 194/190/200 210/201/216 223/218/233
s 15
f 220/210/225 207/193/203 213/206/221 217/208/223
s 13
f 335/329/364 329/324/359 223/218/233 226/221/236
s 1
f 495/163/171 496/336/371 527/337/372 528/161/168
s 20
f 49/118/373 21/128/374 343/137/375 344/138/376
s 13
f 211/204/219 335/329/364 226/221/236 225/219/234
s 15
f 237/232/247 230/225/240 220/210/225 217/208/223
f 236/227/242 237/232/247 217/208/223 212/207/222
f 237/232/247 236/227/242 243/236/251 240/233/248
s off
f 283/820/377 348/816/378 349/787/379 284/790/380
s 20
f 325/142/381 98/144/382 350/146/383 351/198/384
s off
f 294/837/385 352/836/386 353/785/387 295/789/388
s 20
f 200/246/389 325/142/381 351/198/384 354/247/390
s 19
f 355/249/391 484/257/392 31/258/393 265/264/394
s 20
f 340/251/395 159/252/396 357/253/397 358/254/398
s 19
f 123/265/399 349/268/400 259/271/401 359/272/402
s off
f 352/836/403 361/832/404 362/361/405 353/785/406
s 19
f 66/275/407 103/248/232 302/217/231 363/276/408
s off
f 364/833/409 317/835/410 319/874/411 365/778/412
f 257/818/413 270/262/414 273/781/415 258/782/416
f 348/816/417 256/817/418 259/788/419 349/787/420
s 19
f 165/278/421 366/282/422 353/283/423 362/287/424
s off
f 264/828/425 313/304/426 355/779/427 265/780/428
f 313/304/429 312/825/430 324/317/431 360/774/432 356/369/433 355/779/434
s 19
f 241/288/435 165/278/421 362/287/424 365/289/436
f 368/290/437 482/298/438 326/299/439 367/310/440
s off
f 324/317/441 288/280/442 291/773/443 360/774/444
s 19
f 370/311/445 481/314/446 201/315/447 332/323/448
s off
f 271/815/449 250/813/450 196/795/451 272/794/452
f 343/340/453 278/809/454 281/768/455 363/363/456
s 19
f 341/328/457 371/332/458 339/333/459 209/343/460
s off
f 289/823/461 252/821/462 334/763/463 290/764/464
f 301/806/465 344/341/466 343/340/467 363/363/468 302/216/469
s 19
f 92/349/470 359/272/402 259/271/401 258/351/471
s off
f 261/831/472 293/834/473 296/761/474 214/762/475
f 309/853/476 262/854/477 342/759/478 310/760/479
f 262/854/480 274/849/481 345/758/482 342/759/483
f 361/832/484 364/833/485 365/778/486 362/361/487
f 350/346/488 308/852/489 311/776/490 368/775/491
f 372/845/492 275/838/493 347/791/494 346/755/495
f 274/849/496 330/850/497 333/757/498 345/758/499
f 337/844/500 372/845/501 346/755/502 338/756/503
f 354/871/504 351/347/505 350/346/506 368/775/507 367/771/508 370/770/509
f 331/847/510 354/350/511 370/870/512 332/327/513
f 327/842/514 358/357/515 371/765/516 328/767/517
f 358/357/518 357/840/519 336/841/520 339/872/521 371/765/522
f 250/813/523 282/814/524 195/878/525 196/795/526
s 19
f 248/352/527 209/343/460 339/333/459 338/353/528
s off
f 318/830/529 261/831/530 214/762/531 215/796/532
f 285/804/533 297/805/534 205/799/535 206/800/536
s 1
f 526/116/122 105/102/537 133/131/538 543/113/119
s off
f 275/838/539 320/839/540 323/792/541 347/791/542
s 1
f 183/177/543 579/397/544 154/155/545 175/157/546
s 20
f 97/256/547 308/263/548 350/146/383 98/144/382
s 1
f 2/2/549 501/398/550 522/399/551 13/14/552
s 20
f 331/266/553 148/269/554 200/246/389 354/247/390
f 23/270/555 278/273/556 343/137/375 21/128/374 20/274/557
f 320/277/558 318/281/559 317/285/560 321/286/561
s 19
f 333/358/562 338/353/528 346/365/563 345/368/564
s 1
f 501/398/550 12/10/565 19/17/566 522/399/551
s 19
f 365/289/436 319/370/567 322/371/568 328/372/569
s 1
f 496/336/371 143/140/570 166/167/571 527/337/372
s 35
f 406/609/572 407/610/573 408/637/574 409/403/575
s off
f 326/644/576 482/595/577 149/596/578 382/405/579 383/406/580
s 36
f 149/596/581 397/584/582 398/408/583 382/405/584
s 37
f 407/639/585 410/606/586 411/410/587 408/402/588
s 38
f 405/599/589 201/600/590 379/412/591 404/413/592
s off
f 201/600/593 481/597/594 326/373/595 383/643/596 379/412/597
s 38
f 404/413/592 379/412/591 384/414/598 403/415/599
s 37
f 408/402/588 411/410/587 412/416/600 413/630/601
s 35
f 409/403/575 408/637/574 413/638/602 414/418/603
s 36
f 382/405/584 398/408/583 399/419/604 387/420/605
s 39
f 389/642/606 388/422/607 390/423/608 391/424/609
s 40
f 392/425/610 389/421/611 391/640/612 393/426/613
s 38
f 403/415/599 384/414/598 378/335/614 402/334/615
s 37
f 413/417/601 412/629/600 415/625/616 416/428/617
s 35
f 414/628/603 413/417/602 416/428/618 417/429/619
s 36
f 387/420/605 399/419/604 400/318/620 376/321/621
s 39
f 391/424/609 390/423/608 394/636/622 395/634/623
s 40
f 393/426/613 391/640/612 395/641/624 396/432/625
s off
f 383/406/626 382/405/627 388/422/628 389/642/629
f 382/405/630 387/420/631 390/423/632 388/422/633
f 379/412/634 383/643/635 389/421/636 392/425/637
f 384/414/638 379/412/639 392/425/640 393/426/641
f 387/420/642 376/321/643 394/636/644 390/423/645
f 376/632/646 375/320/647 395/431/648 394/430/649
f 375/320/650 378/635/651 396/633/652 395/431/653
f 378/335/654 384/414/655 393/426/656 396/432/657
s 36
f 518/433/658 519/587/659 504/98/660 505/434/661
f 517/435/662 518/433/658 505/434/661 506/436/663
f 516/437/664 517/435/662 506/436/663 507/624/665
s 23
f 507/438/666 508/439/667 515/440/668 516/621/669
f 508/439/667 509/622/670 514/620/671 515/440/668
s 38
f 509/441/672 510/443/673 513/444/674 514/442/675
f 510/443/673 511/445/676 512/446/677 513/444/674
f 511/445/676 490/196/678 491/447/679 512/446/677
s off
f 98/345/680 325/344/681 418/605/682 419/607/683
f 381/450/684 98/612/685 419/608/686 406/609/687 409/403/688
f 325/344/689 200/594/690 420/604/691 418/605/692
f 420/603/693 200/611/694 380/452/695 411/410/696 410/606/697
f 380/452/698 385/453/699 412/416/700 411/410/701
f 386/454/702 381/450/703 409/403/704 414/418/705
f 385/453/706 377/455/707 415/427/708 412/416/709
f 377/623/710 374/456/711 416/428/712 415/625/713
f 374/456/714 373/626/715 417/429/716 416/428/717
f 373/457/718 386/454/719 414/418/720 417/627/721
f 422/458/722 421/688/723 423/692/724 424/651/725
f 421/691/726 425/675/727 426/463/728 423/665/729
s 44
f 419/448/730 418/449/731 459/459/732 460/462/733
s 45
f 407/401/734 406/667/735 461/466/736 462/467/737
s 46
f 406/400/738 419/690/739 460/465/740 461/653/741
s 47
f 418/449/742 420/464/743 458/468/744 459/459/745
s 48
f 420/451/746 410/666/747 457/655/748 458/678/749
s 49
f 410/409/750 407/401/751 462/467/752 457/469/753
s 48
f 428/687/754 427/471/755 476/472/756 477/670/757
s 47
f 429/470/758 428/473/759 477/474/760 478/475/761
s 44
f 430/482/762 429/470/763 478/475/764 479/484/765
s 46
f 431/663/766 430/476/767 479/477/768 480/645/769
s 45
f 432/480/770 431/478/771 480/479/772 475/481/773
s 49
f 427/664/774 432/480/775 475/481/776 476/647/777
s 48
f 434/685/778 433/483/779 427/471/755 428/687/754
s 47
f 435/488/780 434/490/781 428/473/759 429/470/758
s 44
f 436/494/782 435/488/783 429/470/763 430/482/762
s 46
f 437/661/784 436/485/785 430/476/767 431/663/766
s 45
f 438/487/786 437/486/787 431/478/771 432/480/770
s 49
f 433/662/788 438/487/789 432/480/775 427/664/774
s 48
f 440/683/790 439/489/791 433/483/779 434/685/778
s 47
f 441/496/792 440/500/793 434/490/781 435/488/780
s 44
f 442/502/794 441/496/795 435/488/783 436/494/782
s 46
f 443/659/796 442/491/797 436/485/785 437/661/784
s 45
f 444/493/798 443/492/799 437/486/787 438/487/786
s 49
f 439/660/800 444/493/801 438/487/789 433/662/788
s 48
f 446/681/802 445/495/803 439/489/791 440/683/790
s 47
f 447/508/804 446/509/805 440/500/793 441/496/792
s 44
f 448/514/806 447/508/807 441/496/795 442/502/794
s 46
f 449/657/808 448/497/809 442/491/797 443/659/796
s 45
f 450/499/810 449/498/811 443/492/799 444/493/798
s 49
f 445/658/812 450/499/813 444/493/801 439/660/800
s 48
f 452/679/814 451/501/815 445/495/803 446/681/802
s 47
f 453/515/816 452/668/817 446/509/805 447/508/804
s 44
f 454/669/818 453/515/819 447/508/807 448/514/806
s 46
f 455/654/820 454/503/821 448/497/809 449/657/808
s 45
f 456/505/822 455/504/823 449/498/811 450/499/810
s 49
f 451/656/824 456/505/825 450/499/813 445/658/812
s 48
f 458/678/749 457/655/748 451/501/815 452/679/814
s 47
f 459/459/745 458/468/744 452/668/817 453/515/816
s 44
f 460/462/733 459/459/732 453/515/819 454/669/818
s 46
f 461/653/741 460/465/740 454/503/821 455/654/820
s 45
f 462/467/737 461/466/736 455/504/823 456/505/822
s 49
f 457/469/753 462/467/752 456/505/825 451/656/824
f 464/650/826 463/507/827 423/460/828 426/652/829
s 48
f 465/673/830 464/506/831 426/463/832 425/675/833
s 47
f 466/672/834 465/674/835 425/676/836 421/677/837
s 44
f 467/680/838 466/672/839 421/677/840 422/682/841
s 46
f 468/649/842 467/510/843 422/458/844 424/651/845
s 45
f 463/507/846 468/511/847 424/461/848 423/460/849
s 49
f 470/648/850 469/513/851 463/507/827 464/650/826
s 48
f 471/671/852 470/512/853 464/506/831 465/673/830
s 47
f 472/684/854 471/686/855 465/674/835 466/672/834
s 44
f 473/689/856 472/684/857 466/672/839 467/680/838
s 46
f 474/646/858 473/516/859 467/510/843 468/649/842
s 45
f 469/513/860 474/517/861 468/511/847 463/507/846
s 49
f 476/647/777 475/481/776 469/513/851 470/648/850
s 48
f 477/670/757 476/472/756 470/512/853 471/671/852
s 47
f 478/475/761 477/474/760 471/686/855 472/684/854
s 44
f 479/484/765 478/475/764 472/684/857 473/689/856
s 46
f 480/645/769 479/477/768 473/516/859 474/646/858
s 45
f 475/481/773 480/479/772 474/517/861 469/513/860
s 19
f 177/374/862 295/375/863 353/283/423 366/282/422
f 360/376/864 483/377/865 255/379/866 356/381/867
f 326/299/439 481/314/446 370/311/445 367/310/440
f 149/384/868 482/298/438 368/290/437 311/387/869
f 74/388/870 483/377/865 360/376/864 291/390/871
f 355/249/391 356/381/867 255/379/866 484/257/392
f 273/393/872 91/394/873 92/349/470 258/351/471
f 291/390/871 295/375/863 177/374/862 74/388/870
f 273/393/872 265/264/394 31/258/393 91/394/873
f 149/384/868 303/215/230 199/214/229
f 281/395/874 349/268/400 123/265/399 66/275/407 363/276/408
f 284/404/875 280/518/876 206/519/877 195/523/878
f 284/404/875 349/268/400 281/395/874 280/518/876
f 322/371/568 319/370/567 215/524/879 323/598/880
f 365/289/436 328/372/569 371/332/458 341/328/457 241/288/435
f 290/694/881 296/696/882 295/375/863 291/390/871
f 272/697/883 266/700/884 265/264/394 273/393/872
f 205/701/885 196/702/886 195/523/878 206/519/877
f 342/703/887 299/705/888 303/215/230 310/707/889
f 201/315/447 338/353/528 333/358/562 332/323/448
f 310/707/889 303/215/230 149/384/868 311/387/869
f 201/315/447 248/352/527 338/353/528
f 334/713/890 214/769/891 296/696/882 290/694/881
s 21
f 277/860/284 263/255/892 266/803/893 485/861/285
s 19
f 196/702/886 485/772/894 266/700/884 272/697/883
f 205/701/885 486/777/895 485/772/894 196/702/886
f 214/769/891 347/784/896 323/598/880 215/524/879
f 334/713/890 487/786/897 347/784/896 214/769/891
f 334/713/890 485/772/894 486/777/895 487/786/897
f 342/703/887 486/777/895 205/701/885 299/705/888
f 487/786/897 486/777/895 342/703/887 345/368/564
f 347/784/896 487/786/897 345/368/564 346/365/563
s 20
f 252/292/898 289/297/899 288/76/349 38/67/348 37/303/900 42/308/901 45/309/902 488/312/903
f 352/313/904 75/316/905 82/322/906 117/325/907 361/326/908
f 1/330/909 257/331/910 256/339/911 369/342/912
f 30/348/913 29/22/332 264/54/336 263/354/914 277/355/915 489/356/916 4/360/917 3/364/918
f 274/378/919 275/383/920 372/386/921 330/389/922
f 250/391/923 297/1/266 285/392/924 282/396/925
f 275/383/920 261/525/926 318/281/559 320/277/558
f 297/1/266 275/383/920 274/378/919 262/5/267
f 277/355/915 250/391/923 271/526/927 489/356/916
f 252/292/898 488/312/903 293/527/928 261/525/926
f 252/292/898 261/525/926 250/391/923 277/355/915
f 250/391/923 261/525/926 275/383/920 297/1/266
f 279/528/929 283/601/930 282/396/925 285/392/924
f 321/286/561 317/285/560 364/602/931 120/714/932 114/716/933 127/718/934 142/723/935 327/730/936
f 301/731/937 52/735/938 47/737/939 49/118/373 344/138/376
f 330/389/922 139/738/940 148/269/554 331/266/553
f 372/386/921 337/740/941 139/738/940 330/389/922
f 88/744/942 309/6/268 308/263/548 97/256/547
f 139/738/940 337/740/941 336/747/943 146/751/944 136/752/945
f 146/751/944 336/747/943 357/253/397 159/252/396 152/753/946
f 298/12/269 309/6/268 88/744/942 64/807/947 52/735/938 301/731/937 300/808/948
f 24/811/949 18/819/950 11/824/951 348/826/952 283/601/930 279/528/929 278/273/556 23/270/555
f 327/730/936 142/723/935 144/827/953 340/251/395 358/254/398
f 270/829/954 257/331/910 1/330/909 9/843/955 6/848/956 4/360/917 489/356/916 271/526/927
f 352/313/904 294/851/957 293/527/928 488/312/903 45/309/902 60/855/958 75/316/905
f 348/826/952 11/824/951 10/857/959 369/342/912 256/339/911
f 120/714/932 364/602/931 361/326/908 117/325/907 116/858/960
s 1
f 172/172/961 491/592/962 490/593/209 156/147/208
f 198/192/963 492/591/964 491/592/962 172/172/961
f 218/209/965 493/590/966 492/591/964 198/192/963
f 229/224/967 494/589/968 493/590/966 218/209/965
f 239/234/969 405/411/970 494/589/968 229/224/967
f 201/710/971 405/411/970 239/234/969 246/240/972 248/709/973
f 495/163/171 160/152/170 152/151/974 159/721/975
f 159/721/975 340/715/976 496/336/371 495/163/171
f 340/715/976 144/141/977 143/140/570 496/336/371
f 497/532/978 118/120/979 116/119/980 117/719/981
f 117/719/981 82/82/982 81/81/983 497/532/978
f 498/41/43 39/40/42 37/46/984 38/729/985
f 38/729/985 254/868/986 499/867/259 498/41/43
f 254/302/986 29/301/987 500/34/36 499/244/259
f 32/35/37 500/34/36 29/301/987 30/736/988
f 1/720/989 369/717/990 501/398/550 2/2/549
f 369/717/990 10/11/991 12/10/565 501/398/550
f 502/21/21 22/20/20 20/23/992 21/726/993
f 21/726/993 49/338/994 503/195/206 502/21/21
f 48/56/207 503/195/206 49/338/994 47/859/995
f 504/588/103 99/97/102 97/728/996 98/745/997
s 36
f 505/434/661 504/98/660 98/612/998 381/450/999
f 506/436/663 505/434/661 381/450/999 386/454/1000
f 507/624/665 506/436/663 386/454/1000 373/457/1001
s 23
f 373/626/1002 374/456/1003 508/439/667 507/438/666
f 374/456/1003 377/623/1004 509/622/670 508/439/667
s 38
f 385/453/1005 510/443/673 509/441/672 377/455/1006
f 380/452/1007 511/445/676 510/443/673 385/453/1005
f 200/611/1008 490/196/678 511/445/676 380/452/1007
f 512/446/677 491/447/679 492/529/1009 529/533/1010
f 513/444/674 512/446/677 529/533/1010 530/534/1011
f 514/442/675 513/444/674 530/534/1011 531/535/1012
s 23
f 515/440/668 514/620/671 531/618/1013 532/536/1014
f 516/621/669 515/440/668 532/536/1014 533/619/1015
s 36
f 533/537/1016 534/538/1017 517/435/662 516/437/664
f 534/538/1017 535/539/1018 518/433/658 517/435/662
f 535/539/1018 536/586/1019 519/587/659 518/433/658
s 1
f 536/540/1020 178/284/1021 157/96/101 519/95/100
f 100/99/1022 537/541/1023 520/194/205 67/71/204
f 521/18/18 520/194/205 537/541/1023 538/542/1024
f 538/542/1024 68/63/1025 44/19/19 521/18/18
f 522/399/551 19/17/566 43/43/1026 539/543/1027
f 13/14/552 522/399/551 539/543/1027 36/37/1028
f 35/32/1029 540/544/1030 523/33/35 27/29/34
f 524/245/260 523/33/35 540/544/1030 541/545/1031
f 525/38/40 524/866/260 541/865/1031 542/546/1032
f 542/546/1032 101/90/1033 62/39/41 525/38/40
f 526/116/122 140/115/121 118/120/979 497/532/978
f 497/532/978 81/81/983 105/102/537 526/116/122
f 527/337/372 166/167/571 545/189/1034 546/547/1035
f 528/161/168 527/337/372 546/547/1035 547/548/1036
f 547/548/1036 204/199/1037 179/162/169 528/161/168
s 38
f 529/533/1010 492/529/1009 493/530/1038 548/549/1039
f 530/534/1011 529/533/1010 548/549/1039 549/550/1040
f 531/535/1012 530/534/1011 549/550/1040 550/551/1041
s 23
f 532/536/1014 531/618/1013 550/616/1042 551/552/1043
f 533/619/1015 532/536/1014 551/552/1043 552/617/1044
s 36
f 552/553/1045 553/554/1046 534/538/1017 533/537/1016
f 553/554/1046 554/555/1047 535/539/1018 534/538/1017
f 554/555/1047 555/585/1048 536/586/1019 535/539/1018
s 1
f 555/556/1049 197/300/1050 178/284/1021 536/540/1020
f 130/132/1051 556/557/1052 537/541/1023 100/99/1022
f 538/542/1024 537/541/1023 556/557/1052 557/558/1053
f 557/558/1053 104/92/1054 68/63/1025 538/542/1024
f 539/543/1027 43/43/1026 70/65/1055 558/559/1056
f 36/37/1028 539/543/1027 558/559/1056 57/58/62
f 54/52/1057 559/560/1058 540/544/1030 35/32/1029
f 541/545/1031 540/544/1030 559/560/1058 560/561/1059
f 542/546/1032 541/865/1031 560/864/1059 561/562/1060
f 561/562/1060 131/123/1061 101/90/1033 542/546/1032
f 543/113/119 133/131/538 154/155/545 562/563/1062
f 562/563/1062 203/191/1063 180/114/120 543/113/119
s 13
f 545/189/199 544/188/198 202/203/218
s 1
f 546/547/1035 545/189/1034 202/203/1064 219/205/1065 563/564/1066
f 547/548/1036 546/547/1035 563/564/1066 564/565/1067
f 564/565/1067 221/211/1068 204/199/1037 547/548/1036
s 38
f 548/549/1039 493/530/1038 494/531/1069 565/566/1070
f 549/550/1040 548/549/1039 565/566/1070 566/567/1071
f 550/551/1041 549/550/1040 566/567/1071 567/615/1072
s 23
f 551/552/1043 550/616/1042 567/568/1073 568/569/1074
f 552/617/1044 551/552/1043 568/569/1074 569/613/1075
s 36
f 569/570/1076 570/571/1077 553/554/1046 552/553/1045
f 570/571/1077 571/572/1078 554/555/1047 553/554/1046
f 571/572/1078 572/583/1079 555/585/1048 554/555/1047
s 1
f 572/573/1080 191/185/1081 197/300/1050 555/556/1049
f 153/153/1082 573/574/1083 556/557/1052 130/132/1051
f 557/558/1053 556/557/1052 573/574/1083 574/575/1084
f 574/575/1084 113/109/1085 104/92/1054 557/558/1053
f 558/559/1056 70/65/1055 96/94/1086 575/576/1087
f 65/68/1088 576/577/1089 559/560/1058 54/52/1057
f 560/561/1059 559/560/1058 576/577/1089 577/863/1090
f 561/562/1060 560/864/1059 577/578/1090 578/579/1091
f 578/579/1091 150/148/1092 131/123/1061 561/562/1060
f 562/563/1062 154/155/545 579/397/544 580/580/1093
f 580/580/1093 216/202/1094 203/191/1063 562/563/1062
f 563/564/1066 219/205/1065 227/220/1095 581/581/1096
f 564/565/1067 563/564/1066 581/581/1096 582/582/1097
f 582/582/1097 232/226/1098 221/211/1068 564/565/1067
s 38
f 565/566/1070 494/531/1069 405/599/589 404/413/592
f 566/567/1071 565/566/1070 404/413/592 403/415/599
f 567/615/1072 566/567/1071 403/415/599 402/334/615
s 23
f 568/569/1074 567/568/1073 402/631/369 401/319/352
f 569/613/1075 568/569/1074 401/319/352 400/614/351
s 36
f 400/318/620 399/419/604 570/571/1077 569/570/1076
f 399/419/604 398/408/583 571/572/1078 570/571/1077
f 397/584/582 572/583/1079 571/572/1078 398/408/583
s 1
f 192/186/1099 191/185/1081 572/573/1080 397/407/1100 149/711/1101 199/712/1102
f 199/712/1102 103/706/1103 573/574/1083 153/153/1082 163/165/1104 176/175/1105 184/178/1106 186/180/1107 189/183/1108 192/186/1099
f 574/575/1084 573/574/1083 103/706/1103 66/362/1109
f 119/112/1110 113/109/1085 574/575/1084 66/362/1109 123/704/1111 109/107/1112 110/106/1113 112/110/1114
f 575/576/1087 96/94/1086 107/104/1115 109/107/1112 123/704/1111 359/359/1116
f 575/576/1087 359/359/1116 92/385/1117 77/73/78
f 575/576/1087 77/73/78 57/58/62 558/559/1056
f 79/78/1118 91/522/1119 65/68/1088 72/70/1120
f 31/708/1121 576/577/1089 65/68/1088 91/522/1119
f 577/863/1090 576/577/1089 31/708/1121 484/693/1122 255/520/1123
f 578/579/1091 577/578/1090 255/869/1123 483/695/1124 74/521/1125
f 155/159/1126 150/148/1092 578/579/1091 74/521/1125 177/699/1127
f 171/160/1128 366/367/1129 579/397/544 183/177/543
f 580/580/1093 579/397/544 366/367/1129 165/366/1130
f 228/222/1131 222/212/1132 165/366/1130 241/698/1133
f 581/581/1096 227/220/1095 233/228/1134 341/380/1135
f 582/582/1097 581/581/1096 341/380/1135 209/382/1136
f 244/237/1137 247/238/1138 245/239/1139 242/235/1140 209/382/1136 248/709/973 246/240/972
f 209/382/1136 242/235/1140 232/226/1098 582/582/1097
f 341/380/1135 233/228/1134 235/230/1141 231/223/1142 228/222/1131 241/698/1133
f 165/366/1130 222/212/1132 216/202/1094 580/580/1093
f 155/159/1126 177/699/1127 366/367/1129 171/160/1128
f 77/73/78 92/385/1117 91/522/1119 79/78/1118 85/84/1143 86/85/1144 80/79/1145
g default
v -9.233526 23.699034 -1.865050
v -9.233526 23.926885 -2.092906
v -9.233526 24.532273 -2.289609
v -9.233526 25.137665 -2.092906
v -9.233526 25.365516 -1.723304
v -9.233526 25.562222 -1.259661
v -9.233526 25.365516 -0.796019
v -9.233526 25.137665 -0.426417
v -9.233526 24.532273 -0.229714
v -9.233526 23.926885 -0.426417
v -9.233526 23.699034 -0.654274
v -9.233526 23.502326 -1.259661
v -9.233526 24.532273 -1.259661
v -18.838360 23.699034 -0.654274
v -18.838360 23.926885 -0.426417
v -18.838360 24.532273 -0.229714
v -18.838360 25.137665 -0.426417
v -18.838360 25.365516 -0.796019
v -18.838360 25.365516 -1.723304
v -18.838360 25.137665 -2.092906
v -18.838360 24.532273 -2.289609
v -18.838360 23.926885 -2.092906
v -18.838360 23.699034 -1.865050
v -18.838360 23.502326 -1.259661
v -29.595514 25.562222 -1.259661
v -29.595514 25.365516 -1.723304
v -29.595514 25.137665 -2.092906
v -29.595514 24.532273 -2.289609
v -29.595514 23.926885 -2.092906
v -29.589755 23.699034 -1.865050
v -29.589755 23.502326 -1.259661
v -29.595514 23.699034 -0.654274
v -29.595514 23.926885 -0.426417
v -29.595514 24.532273 -0.229714
v -29.595514 25.137665 -0.426417
v -29.595514 25.365516 -0.796019
v -18.838360 26.152832 -1.259661
v -9.225208 26.031125 -1.259661
v -9.233526 25.763344 -1.259661
v -9.233526 25.760916 -0.826195
v -9.224769 26.029355 -0.986747
v -18.838360 25.761129 -0.826195
v -18.838360 26.151064 -0.986747
v -9.224769 26.029355 -1.532576
v -9.233526 25.760916 -1.693128
v -18.838360 26.151064 -1.532576
v -18.838360 25.761129 -1.693128
v -29.595514 25.763344 -1.259661
v -29.492312 26.283763 -1.259636
v -29.492751 26.281995 -1.076233
v -29.595514 25.760916 -0.826195
v -29.492312 26.281995 -1.442840
v -29.595514 25.760916 -1.693128
v -25.857148 26.219582 -1.076233
v -25.093042 25.761015 -0.826195
v -24.467603 25.365516 -0.796019
v -24.467603 25.137665 -0.426417
v -24.467603 24.532273 -0.229714
v -24.467603 23.926885 -0.426417
v -24.467603 23.699034 -0.654274
v -24.471243 23.502326 -1.259661
v -24.580430 23.699034 -1.865050
v -24.467603 23.926885 -2.092906
v -24.467603 24.532273 -2.289609
v -24.467603 25.137665 -2.092906
v -24.467603 25.365516 -1.723304
v -25.093042 25.761015 -1.693128
v -25.856917 26.219582 -1.442934
v -25.856919 26.221352 -1.259661
v -29.492751 26.693239 -1.012775
v -29.492312 26.695007 -1.259617
v -26.492212 26.630824 -1.012775
v -26.491983 26.630824 -1.506318
v -29.492312 26.693239 -1.506191
v -29.492751 27.750388 -1.076688
v -29.492312 27.752156 -1.259625
v -29.492312 27.750388 -1.442364
v -9.297007 21.806443 -1.259661
v -9.233526 22.147743 -1.259661
v -9.296952 21.809397 -1.801624
v -9.233526 22.150902 -1.865050
v -18.221425 21.790086 -1.259661
v -18.237500 22.103240 -1.259661
v -18.223220 21.798514 -1.803582
v -18.243337 22.122266 -1.865050
v -9.296770 21.809397 -0.717518
v -9.233526 22.150902 -0.654274
v -18.222524 21.799708 -0.717156
v -18.245046 22.126594 -0.654274
v -29.907956 23.713465 -1.856206
v -29.924412 23.748299 -1.834858
v -29.907956 23.935725 -2.078476
v -29.924412 23.957081 -2.043637
v -29.907956 24.532273 -2.272305
v -29.924412 24.532273 -2.230531
v -29.907956 25.128817 -2.078476
v -29.924412 25.107470 -2.043639
v -29.907956 25.351087 -1.856206
v -29.924412 25.316249 -1.834858
v -29.907956 25.544913 -1.259661
v -29.924412 25.503141 -1.259661
v -29.907958 25.351087 -0.663117
v -29.924414 25.316249 -0.684465
v -29.907958 25.128817 -0.440847
v -29.924414 25.107470 -0.475685
v -29.907958 24.532273 -0.247018
v -29.924414 24.532273 -0.288792
v -29.907958 23.935725 -0.440847
v -29.924414 23.957081 -0.475685
v -29.907958 23.713465 -0.663117
v -29.924414 23.748299 -0.684465
v -29.907958 23.519629 -1.259661
v -29.924414 23.561410 -1.259661
v -29.871851 23.858632 -1.749094
v -29.909019 23.845126 -1.757367
v -29.924414 23.812534 -1.777341
v -29.871851 24.042838 -1.933308
v -29.909019 24.034570 -1.946809
v -29.924414 24.014589 -1.979402
v -29.871851 24.532273 -2.092334
v -29.909019 24.532273 -2.108522
v -29.924414 24.532273 -2.147607
v -29.871851 25.021703 -1.933308
v -29.909019 25.029977 -1.946809
v -29.924414 25.049958 -1.979402
v -29.871851 25.205917 -1.749094
v -29.909019 25.219419 -1.757367
v -29.924414 25.252011 -1.777341
v -29.871851 25.364952 -1.259661
v -29.909019 25.381136 -1.259661
v -29.924414 25.420219 -1.259661
v -29.871851 25.205917 -0.770229
v -29.909019 25.219419 -0.761955
v -29.924414 25.252011 -0.741982
v -29.871851 25.021703 -0.586015
v -29.909019 25.029977 -0.572514
v -29.924414 25.049958 -0.539921
v -29.871851 24.532273 -0.426989
v -29.909019 24.532273 -0.410800
v -29.924414 24.532273 -0.371717
v -29.871851 24.042838 -0.586015
v -29.909019 24.034570 -0.572514
v -29.924414 24.014589 -0.539921
v -29.871851 23.858632 -0.770229
v -29.909019 23.845126 -0.761955
v -29.924414 23.812534 -0.741982
v -29.871851 23.699600 -1.259661
v -29.909019 23.683417 -1.259661
v -29.924414 23.644326 -1.259661
v -18.221856 22.939614 -0.654274
v -9.233526 22.974370 -0.654274
v -9.233526 22.975354 -1.259661
v -9.233526 22.974370 -1.865050
v -18.221856 22.939614 -1.865050
v -18.221856 22.936970 -1.259661
v -14.465114 23.699034 -0.654274
v -15.399307 23.926885 -0.426417
v -15.399307 25.137665 -0.426417
v -15.399307 25.365516 -0.796019
v -15.399307 25.761050 -0.826195
v -15.396172 26.107484 -0.986747
v -15.396328 26.109254 -1.259661
v -15.396172 26.107484 -1.532576
v -15.399306 25.761050 -1.693128
v -15.399307 25.365516 -1.723304
v -15.399307 25.137665 -2.092906
v -15.399307 23.926885 -2.092906
v -15.316714 23.699034 -1.865050
v -15.316720 22.952063 -1.865050
v -15.316716 22.132519 -1.865050
v -15.027130 21.802406 -1.802881
v -14.982489 21.742959 -1.259661
v -15.026619 21.803180 -0.717286
v -14.527584 22.135302 -0.654274
v -15.011461 22.952063 -0.654274
v -14.245044 23.625577 -0.998473
v -9.504922 23.625577 -0.998473
v -14.301644 22.208748 -0.998473
v -9.504923 22.222880 -0.998473
v -14.740065 22.948785 -0.998473
v -9.504922 22.968993 -0.998473
v -15.315197 23.964238 -0.655916
v -15.315197 24.532273 -0.513392
v -18.542085 24.532273 -0.513392
v -18.542085 23.964238 -0.655916
v -15.315197 25.100311 -0.655916
v -18.542085 25.100311 -0.655916
v -9.529801 24.532273 -0.513392
v -9.529801 23.964238 -0.655916
v -9.529801 25.100311 -0.655916
v -15.315197 25.100311 -1.863406
v -15.315197 24.532273 -2.005931
v -18.542085 24.532273 -2.005931
v -18.542085 25.100311 -1.863406
v -15.315197 23.964238 -1.863406
v -18.542085 23.964238 -1.863406
v -9.529801 24.532273 -2.005931
v -9.529801 25.100311 -1.863406
v -9.529801 23.964238 -1.863406
vt 0.057093 0.508101
vt 0.065796 0.508020
vt 0.301272 0.286082
vt 0.777105 0.980231
vt 0.060616 0.578755
vt 0.054334 0.580592
vt 0.298397 0.291065
vt 0.038537 0.580786
vt 0.038962 0.514078
vt 0.052361 0.515389
vt 0.022690 0.580938
vt 0.025319 0.515325
vt 0.284234 0.279276
vt 0.667669 0.670145
vt 0.020705 0.507999
vt 0.016329 0.579199
vt 0.728503 0.671915
vt 0.145027 0.508107
vt 0.156734 0.507914
vt 0.161233 0.578841
vt 0.149552 0.578962
vt 0.143228 0.580786
vt 0.127375 0.580934
vt 0.127006 0.514187
vt 0.140405 0.515425
vt 0.111487 0.581035
vt 0.113386 0.515492
vt 0.100017 0.508090
vt 0.108692 0.508196
vt 0.105130 0.579279
vt 0.761722 0.866286
vt 0.143444 0.392051
vt 0.567434 0.765411
vt 0.126941 0.506701
vt 0.126193 0.392063
vt 0.109034 0.392063
vt 0.100351 0.389735
vt 0.082904 0.508053
vt 0.083183 0.391967
vt 0.066017 0.392012
vt 0.057329 0.391997
vt 0.039000 0.506596
vt 0.040069 0.391948
vt 0.022914 0.391886
vt 0.011216 0.391845
vt 0.706149 0.882530
vt 0.683942 0.919721
vt 0.761357 0.882787
vt 0.683646 0.933100
vt 0.766141 0.960773
vt 0.728426 0.688933
vt 0.728406 0.705317
vt 0.667604 0.705304
vt 0.667640 0.687164
vt 0.188753 0.285853
vt 0.288904 0.297193
vt 0.556360 0.686554
vt 0.728408 0.728741
vt 0.728431 0.745125
vt 0.667656 0.746959
vt 0.667609 0.728820
vt 0.556391 0.748064
vt 0.209120 0.282117
vt 0.476347 0.717396
vt 0.277628 0.296478
vt 0.272044 0.291067
vt 0.247567 0.501834
vt 0.254979 0.500204
vt 0.478888 0.742438
vt 0.478912 0.692391
vt 0.162254 0.434448
vt 0.728404 0.717029
vt 0.667609 0.717062
vt 0.198832 0.284102
vt 0.306164 0.379034
vt 0.326179 0.373997
vt 0.286054 0.374423
vt 0.340740 0.361600
vt 0.347529 0.336792
vt 0.340231 0.312008
vt 0.329742 0.302310
vt 0.305185 0.295288
vt 0.280433 0.302552
vt 0.270878 0.313140
vt 0.263965 0.337741
vt 0.271258 0.362353
vt 0.180206 0.437720
vt 0.243747 0.485235
vt 0.197260 0.318902
vt 0.214837 0.315028
vt 0.253725 0.483013
vt 0.226240 0.444384
vt 0.233941 0.442602
vt 0.241637 0.440833
vt 0.875789 0.921137
vt 0.875636 0.932980
vt 0.766499 0.932552
vt 0.767363 0.920480
vt 0.875996 0.909307
vt 0.766555 0.908391
vt 0.705678 0.920311
vt 0.699760 0.920150
vt 0.699663 0.906706
vt 0.705760 0.908149
vt 0.761073 0.900914
vt 0.705466 0.932410
vt 0.776402 0.940006
vt 0.705006 0.939873
vt 0.286296 0.311315
vt 0.279313 0.318262
vt 0.287032 0.312451
vt 0.280478 0.319003
vt 0.273165 0.337646
vt 0.274597 0.337621
vt 0.266567 0.283880
vt 0.279879 0.356660
vt 0.281018 0.355931
vt 0.286851 0.363733
vt 0.287581 0.362563
vt 0.306078 0.369874
vt 0.306064 0.368455
vt 0.325176 0.363313
vt 0.324423 0.362160
vt 0.332015 0.356085
vt 0.330862 0.355383
vt 0.338322 0.336863
vt 0.336884 0.336881
vt 0.331633 0.317779
vt 0.330495 0.318517
vt 0.324674 0.310781
vt 0.323937 0.311948
vt 0.305290 0.304648
vt 0.305321 0.306077
vt 0.284628 0.322202
vt 0.290233 0.316481
vt 0.279835 0.337545
vt 0.285050 0.352760
vt 0.290739 0.358401
vt 0.306012 0.363250
vt 0.321188 0.358067
vt 0.326759 0.352297
vt 0.331627 0.336949
vt 0.326459 0.321722
vt 0.320749 0.316106
vt 0.305420 0.311308
vt 0.288884 0.314365
vt 0.282455 0.320852
vt 0.277225 0.337583
vt 0.282933 0.354094
vt 0.289410 0.360583
vt 0.306039 0.365844
vt 0.322554 0.360216
vt 0.328909 0.353590
vt 0.334246 0.336914
vt 0.328579 0.320372
vt 0.322094 0.313928
vt 0.305369 0.308701
vt 0.289575 0.315425
vt 0.305395 0.310031
vt 0.283541 0.321541
vt 0.278556 0.337564
vt 0.283993 0.353410
vt 0.290088 0.359492
vt 0.306025 0.364521
vt 0.321854 0.359140
vt 0.327835 0.352931
vt 0.332910 0.336932
vt 0.327517 0.321065
vt 0.321408 0.315016
vt 0.869996 0.977692
vt 0.782862 0.974027
vt 0.774344 0.960637
vt 0.871236 0.963571
vt 0.876391 0.985028
vt 0.063184 0.705150
vt 0.057195 0.698166
vt 0.041880 0.700205
vt 0.026667 0.698639
vt 0.021078 0.705788
vt 0.837454 0.674839
vt 0.837377 0.691849
vt 0.837471 0.705271
vt 0.837463 0.716978
vt 0.837472 0.728686
vt 0.837381 0.742108
vt 0.161247 0.705532
vt 0.149554 0.705519
vt 0.143717 0.698474
vt 0.128400 0.700355
vt 0.113237 0.698640
vt 0.107519 0.705718
vt 0.878228 0.867726
vt 0.877794 0.883680
vt 0.877356 0.901724
vt 0.876792 0.940594
vt 0.870274 0.947709
vt 0.782135 0.946275
vt 0.880217 0.963989
vt 0.042132 0.708736
vt 0.128493 0.708887
vt 0.267839 0.274935
vt 0.270072 0.267486
vt 0.279564 0.261358
vt 0.290840 0.262073
vt 0.295782 0.265018
vt 0.301901 0.274671
vt 0.310940 0.272315
vt 0.313702 0.282842
vt 0.308212 0.261779
vt 0.258524 0.285976
vt 0.263117 0.284779
vt 0.265125 0.292309
vt 0.259792 0.290716
vt 0.257317 0.281221
vt 0.261194 0.277228
vt 0.330991 0.267089
vt 0.325137 0.268615
vt 0.322337 0.258097
vt 0.328482 0.257671
vt 0.333398 0.276530
vt 0.327827 0.279161
vt 0.096449 0.580978
vt 0.098842 0.705827
vt 0.069849 0.597766
vt 0.071860 0.705074
vt 0.684168 0.906337
vt 0.705450 0.900765
vt 0.705166 0.958092
vt 0.699133 0.933565
vt 0.693010 0.974309
vt 0.665067 0.932909
vt 0.665615 0.905517
vt 0.694802 0.865587
vt 0.668063 0.919288
vt 0.728510 0.762141
vt 0.837461 0.759117
vt 0.004656 0.579234
vt 0.009378 0.706043
vt 0.155136 0.392032
vt 0.667694 0.763980
vt 0.567382 0.669165
vt 0.009003 0.507841
vt 0.475777 0.677718
vt 0.472780 0.717385
vt 0.475753 0.757108
vt 0.280386 0.415145
vt 0.233792 0.487599
vt 0.484312 0.723623
vt 0.295180 0.404546
vt 0.484337 0.711196
vt 0.240179 0.503609
vt 0.542794 0.717338
vt 0.542773 0.709314
vt 0.542786 0.725353
vt 0.484300 0.717412
vt 0.023314 0.286393
vt 0.011619 0.286372
vt 0.040459 0.286423
vt 0.057602 0.286460
vt 0.066279 0.286473
vt 0.083418 0.286617
vt 0.100558 0.286631
vt 0.109234 0.286518
vt 0.126375 0.286531
vt 0.143517 0.286550
vt 0.155211 0.286555
vn 1.000000 0.000000 0.000000
vn 1.000000 0.000000 0.000000
vn 1.000000 0.000000 0.000000
vn 1.000000 0.000000 0.000000
vn 1.000000 0.000000 0.000002
vn 1.000000 0.000000 0.000002
vn 1.000000 0.000000 0.000000
vn 1.000000 0.000000 0.000000
vn 1.000000 0.000000 0.000000
vn 1.000000 0.000000 0.000000
vn 1.000000 0.000000 -0.000003
vn 1.000000 0.000000 -0.000003
vn 1.000000 0.000000 0.000000
vn 0.000000 -0.506714 0.862114
vn 0.000000 -0.862138 0.506674
vn 0.000000 -0.707116 0.707097
vn 0.000000 -0.707116 0.707097
vn 0.000000 -0.243364 0.969935
vn 0.000000 0.000000 1.000000
vn 0.000000 0.000000 1.000000
vn 0.000000 -0.243364 0.969935
vn 0.000000 0.243364 0.969935
vn 0.000000 0.243364 0.969935
vn 0.000000 0.851244 0.524771
vn 0.000000 0.631550 0.775335
vn 0.000000 0.851244 0.524771
vn 0.000000 0.851244 0.524771
vn 0.000000 0.631550 -0.775335
vn 0.000000 0.851244 -0.524770
vn 0.000000 0.851244 -0.524770
vn 0.000000 0.851244 -0.524770
vn 0.000000 0.243364 -0.969935
vn 0.000000 0.000000 -1.000000
vn 0.000000 0.000000 -1.000000
vn 0.000000 0.243364 -0.969935
vn 0.000000 -0.243365 -0.969935
vn 0.000000 -0.243365 -0.969935
vn 0.000000 -0.865107 -0.501588
vn 0.000000 -0.502652 -0.864489
vn 0.000000 -0.707116 -0.707097
vn 0.000000 -0.707116 -0.707097
vn 0.000000 0.562106 -0.827065
vn 0.000000 0.851244 -0.524770
vn 0.000000 0.000000 -1.000000
vn 0.000000 0.000000 -1.000000
vn 0.000000 -0.454032 -0.890985
vn 0.000000 -0.891011 -0.453983
vn 0.000000 -0.999999 -0.001620
vn 0.000000 -1.000000 -0.000013
vn 0.000000 -0.890994 0.454015
vn 0.000000 -0.453993 0.891005
vn 0.000000 0.000000 1.000000
vn 0.000000 0.000000 1.000000
vn 0.000000 0.562106 0.827065
vn 0.000000 0.851244 0.524771
vn 1.000000 0.000000 0.000003
vn 1.000000 0.000000 0.000003
vn 1.000000 0.000000 0.000001
vn 1.000000 0.000000 0.000001
vn -0.727443 -0.677052 -0.111476
vn -0.727443 -0.677052 -0.111476
vn -0.925750 -0.373236 -0.060674
vn -0.926608 -0.371157 -0.060328
vn 0.000000 0.000000 -1.000000
vn 0.000000 0.000000 -1.000000
vn 0.000000 0.000000 -1.000000
vn 0.000000 0.000000 -1.000000
vn 1.000000 0.000000 -0.000003
vn 1.000000 0.000000 -0.000003
vn 1.000000 0.000000 -0.000001
vn 1.000000 0.000000 -0.000001
vn 0.000000 0.000000 1.000000
vn 0.000000 0.000000 1.000000
vn 0.000000 0.000000 1.000000
vn 0.000000 0.000000 1.000000
vn -0.925784 -0.373261 0.059996
vn -0.727443 -0.677052 0.111476
vn -0.727443 -0.677052 0.111476
vn -0.926644 -0.371179 0.059645
vn 0.999486 -0.032067 0.000001
vn 0.999486 -0.032067 0.000001
vn 0.999485 -0.032067 0.000820
vn 0.999485 -0.032067 0.000820
vn 0.999485 -0.032067 -0.000818
vn 0.999485 -0.032067 -0.000818
vn 0.002781 0.438331 0.898809
vn 0.002754 0.434165 0.900829
vn -0.002263 0.424614 0.905372
vn -0.001883 0.422655 0.906289
vn 0.000037 0.445376 0.895344
vn -0.000956 0.442164 0.896934
vn 0.002754 0.434164 -0.900829
vn 0.002781 0.438330 -0.898810
vn -0.001890 0.422743 -0.906247
vn -0.002270 0.424711 -0.905326
vn -0.000964 0.442355 -0.896840
vn 0.000029 0.445589 -0.895238
vn -0.980917 0.194424 -0.000351
vn -0.980917 0.194424 -0.000351
vn -0.980861 0.194704 -0.001325
vn -0.980861 0.194704 -0.001325
vn -0.980973 0.194144 0.000622
vn -0.980973 0.194144 0.000622
vn 0.012659 0.999899 0.006473
vn 0.012659 0.999920 0.000000
vn 0.010801 0.999942 0.000002
vn 0.010915 0.999914 0.007235
vn 0.012659 0.999899 -0.006473
vn 0.010915 0.999914 -0.007234
vn 0.009713 0.999953 0.000003
vn 0.009712 0.999923 0.007757
vn 0.009712 0.999923 -0.007755
vn 1.000000 0.000000 0.000000
vn 1.000000 0.000000 0.000000
vn -0.000000 0.076064 0.997103
vn 0.000001 0.076076 0.997102
vn 0.000001 0.076076 0.997102
vn -0.000000 0.076064 0.997103
vn 1.000000 0.000000 0.000000
vn 0.000001 0.076077 -0.997102
vn -0.000000 0.076066 -0.997103
vn -0.000000 0.076066 -0.997103
vn 0.000001 0.076077 -0.997102
vn -1.000000 0.000000 -0.000000
vn -1.000000 0.000000 -0.000000
vn -1.000000 0.000000 -0.000000
vn -1.000000 0.000000 -0.000000
vn -0.000001 0.076074 0.997102
vn -0.000001 0.076075 0.997102
vn -0.000001 0.076075 -0.997102
vn -0.000001 0.076076 -0.997102
vn -1.000000 -0.000000 0.000000
vn -1.000000 -0.000000 0.000000
vn 0.003496 0.456524 0.889704
vn 0.003496 0.456524 0.889704
vn -0.000001 0.076086 0.997101
vn -0.000001 0.076086 0.997101
vn 0.004316 0.863162 0.504909
vn -0.000271 0.559055 0.829131
vn -0.002729 0.000000 0.999996
vn -0.002764 -0.453966 0.891015
vn -0.002766 -0.890987 0.454021
vn -0.002748 -0.999995 0.001761
vn -0.002796 -0.890974 -0.454046
vn -0.002775 -0.452921 -0.891546
vn -0.002729 0.000000 -0.999996
vn -0.000271 0.559055 -0.829130
vn 0.004316 0.863162 -0.504909
vn -0.000001 0.076087 -0.997101
vn -0.000001 0.076087 -0.997101
vn 0.003488 0.456809 -0.889558
vn 0.003488 0.456809 -0.889558
vn -0.999998 0.000157 -0.002040
vn -0.999998 0.000157 -0.002040
vn -0.999998 0.000157 -0.002040
vn -0.999998 0.000157 -0.002040
vn -0.002910 -0.154697 0.987958
vn -0.002910 -0.154697 0.987958
vn -0.002910 -0.154697 0.987958
vn -0.002910 -0.154697 0.987958
vn 0.542815 0.839853 0.000290
vn 0.542815 0.839853 0.000290
vn 0.542814 0.839853 0.000290
vn 0.542815 0.839853 0.000290
vn 0.542815 0.839853 0.000290
vn -0.002940 -0.154506 -0.987987
vn -0.002940 -0.154506 -0.987987
vn -0.002940 -0.154506 -0.987987
vn -0.002940 -0.154506 -0.987987
vn -1.000000 -0.000000 0.000000
vn -1.000000 -0.000000 0.000000
vn -1.000000 -0.000000 0.000000
vn -1.000000 -0.000000 0.000000
vn -0.999998 -0.000062 -0.002044
vn -0.999998 -0.000062 -0.002044
vn -0.999998 -0.000062 -0.002044
vn -0.999998 -0.000062 -0.002044
vn 0.001255 0.060348 0.998177
vn 0.001255 0.060348 0.998177
vn 0.001255 0.060348 0.998177
vn 0.349806 0.936822 0.000272
vn 0.349806 0.936822 0.000272
vn 0.349806 0.936822 0.000272
vn 0.349806 0.936822 0.000272
vn 0.349806 0.936822 0.000272
vn 0.001211 0.060267 -0.998182
vn 0.001211 0.060267 -0.998182
vn 0.001211 0.060267 -0.998182
vn -1.000000 -0.000000 0.000000
vn -1.000000 -0.000000 0.000000
vn -1.000000 -0.000000 0.000000
vn -1.000000 -0.000000 0.000000
vn 0.006143 -0.999981 0.000353
vn 0.006097 -0.998275 0.058398
vn 0.001446 -0.998173 0.060411
vn 0.001522 -0.999999 0.000544
vn 0.983172 -0.182682 -0.000078
vn 0.998622 -0.052477 -0.000022
vn 0.998874 -0.047432 0.000200
vn 0.983196 -0.182548 0.000770
vn 0.983147 -0.182815 -0.000926
vn 0.998872 -0.047485 -0.000241
vn 0.006170 -0.998317 -0.057660
vn 0.001502 -0.998242 -0.059245
vn -0.998321 -0.057927 -0.000265
vn -1.000000 0.000580 -0.000610
vn -0.999978 0.003920 0.005238
vn -0.998404 -0.056224 0.005285
vn 0.000151 -0.054352 -0.998522
vn 0.000513 -0.184276 -0.982874
vn 0.000541 -0.185545 -0.982636
vn 0.000172 -0.059016 -0.998257
vn -0.006699 -0.998052 -0.062026
vn -0.006747 -0.999977 0.000918
vn -0.006769 -0.997929 0.063963
vn 0.000371 -0.185909 0.982567
vn 0.000196 -0.097405 0.995245
vn 0.000106 -0.056974 0.998376
vn 0.000349 -0.187886 0.982191
vn -0.998204 -0.059625 -0.005804
vn -0.999971 0.004039 -0.006520
vn -0.053100 -0.890498 -0.451879
vn -0.053760 -0.453882 -0.889439
vn -0.927167 -0.334224 -0.169281
vn -0.985717 -0.150239 -0.076095
vn -0.985717 -0.076091 -0.150242
vn -0.927168 -0.169283 -0.334219
vn -0.052598 -0.308588 -0.949740
vn -0.984808 -0.000000 -0.173647
vn -0.930411 -0.000000 -0.366518
vn -0.052602 0.308588 -0.949740
vn -0.001712 0.511088 -0.859527
vn -0.985717 0.076093 -0.150239
vn -0.927163 0.169282 -0.334235
vn 0.077609 0.815949 -0.572890
vn -0.985717 0.150241 -0.076093
vn -0.927161 0.334239 -0.169282
vn 0.025847 0.938048 -0.345541
vn 0.025847 0.938048 -0.345541
vn -0.984808 0.173645 -0.000003
vn -0.930406 0.366530 -0.000002
vn 0.025847 0.938048 0.345541
vn 0.077609 0.815949 0.572891
vn 0.025847 0.938048 0.345541
vn -0.985719 0.150232 0.076086
vn -0.927162 0.334239 0.169280
vn -0.001712 0.511087 0.859527
vn -0.985719 0.076086 0.150227
vn -0.927163 0.169280 0.334236
vn -0.052601 0.308588 0.949740
vn -0.984810 -0.000000 0.173633
vn -0.930410 -0.000000 0.366520
vn -0.052597 -0.308588 0.949740
vn -0.053918 -0.452870 0.889945
vn -0.985719 -0.076084 0.150229
vn -0.927168 -0.169284 0.334220
vn -0.053589 -0.890480 0.451855
vn -0.985719 -0.150231 0.076086
vn -0.927167 -0.334225 0.169278
vn -0.052119 -0.949834 0.308380
vn -0.984810 -0.173638 -0.000003
vn -0.930412 -0.366514 -0.000002
vn -0.051649 -0.949784 -0.308613
vn -0.995512 0.084210 0.043179
vn -0.995513 0.043178 0.084197
vn -0.996063 -0.000000 0.088644
vn -0.995513 -0.043177 0.084195
vn -0.995513 -0.084201 0.043177
vn -0.996063 -0.088649 -0.000003
vn -0.995512 -0.084212 -0.043185
vn -0.995511 -0.043186 -0.084214
vn -0.996062 0.000000 -0.088666
vn -0.995511 0.043187 -0.084216
vn -0.995511 0.084222 -0.043187
vn -0.996062 0.088662 -0.000002
vn -0.390923 0.819844 0.418373
vn -0.390921 0.819863 0.418335
vn -0.382703 0.878654 0.285492
vn -0.382703 0.878654 0.285492
vn -0.927230 0.333237 0.170874
vn -0.930425 0.366483 -0.000000
vn -0.927226 0.170874 0.333249
vn -0.390918 0.418387 0.819838
vn -0.390916 0.418327 0.819870
vn -0.930418 -0.000000 0.366499
vn -0.382695 0.285491 0.878658
vn -0.382695 0.285491 0.878658
vn -0.927226 -0.170874 0.333248
vn -0.382714 -0.285491 0.878650
vn -0.382714 -0.285491 0.878649
vn -0.390936 -0.418353 0.819848
vn -0.390936 -0.418365 0.819842
vn -0.927221 -0.333256 0.170884
vn -0.390903 -0.819853 0.418372
vn -0.390903 -0.819857 0.418365
vn -0.930412 -0.366514 0.000000
vn -0.382666 -0.878665 0.285506
vn -0.382666 -0.878665 0.285506
vn -0.927221 -0.333255 -0.170885
vn -0.382665 -0.878666 -0.285507
vn -0.382665 -0.878666 -0.285507
vn -0.390902 -0.819853 -0.418374
vn -0.390902 -0.819858 -0.418365
vn -0.927226 -0.170874 -0.333249
vn -0.390937 -0.418352 -0.819847
vn -0.390937 -0.418364 -0.819841
vn -0.930418 0.000000 -0.366500
vn -0.382717 -0.285491 -0.878648
vn -0.382717 -0.285491 -0.878648
vn -0.927225 0.170874 -0.333250
vn -0.382697 0.285492 -0.878656
vn -0.382697 0.285492 -0.878656
vn -0.390920 0.418387 -0.819838
vn -0.390918 0.418326 -0.819870
vn -0.927230 0.333237 -0.170875
vn -0.390924 0.819843 -0.418372
vn -0.390923 0.819862 -0.418336
vn -0.382705 0.878653 -0.285492
vn -0.382705 0.878653 -0.285492
vn 0.000000 -0.000000 1.000000
vn 0.000000 -0.000000 1.000000
vn 0.000000 0.000000 1.000000
vn 0.000000 -0.000000 1.000000
vn 0.000000 -0.707116 0.707097
vn 0.000000 -0.707116 0.707097
vn 0.000000 -0.243364 0.969935
vn 0.000000 0.000000 1.000000
vn 0.000000 0.243364 0.969935
vn 0.000000 0.851244 0.524771
vn 0.000000 0.851244 0.524771
vn 0.000001 0.076083 0.997101
vn 0.000001 0.076083 0.997101
vn 0.002936 0.462861 0.886426
vn 0.002936 0.462861 0.886426
vn 0.012659 0.999899 0.006471
vn 0.012659 0.999920 0.000000
vn 0.012659 0.999899 -0.006471
vn 0.002936 0.462860 -0.886427
vn 0.002936 0.462860 -0.886427
vn 0.000001 0.076084 -0.997101
vn 0.000001 0.076084 -0.997101
vn 0.000000 0.851244 -0.524770
vn 0.000000 0.851244 -0.524770
vn 0.000000 0.243364 -0.969935
vn 0.000000 0.000000 -1.000000
vn 0.000000 -0.243365 -0.969935
vn 0.000000 -0.707116 -0.707097
vn 0.000000 -0.707116 -0.707097
vn 0.000000 0.000000 -1.000000
vn 0.000000 0.000000 -1.000000
vn 0.000136 -0.050129 -0.998743
vn 0.000499 -0.183654 -0.982991
vn 0.000386 -0.184532 0.982826
vn 0.000386 -0.184532 0.982826
vn 0.000000 0.000000 1.000000
vn 0.000000 0.000000 1.000000
vn 0.000000 -0.977976 0.208715
vn 0.000000 -0.977976 0.208715
vn 0.000000 -0.977977 0.208715
vn 0.000000 -0.977977 0.208715
vn 0.679199 -0.496779 0.540276
vn 0.679199 -0.496779 0.540276
vn 0.679199 -0.496779 0.540276
vn 0.679199 -0.496779 0.540276
vn -0.002883 0.978364 0.206869
vn -0.002883 0.978364 0.206869
vn -0.002883 0.978364 0.206869
vn -0.002883 0.978364 0.206869
vn -0.785260 0.000001 0.619166
vn -0.785260 0.000001 0.619166
vn -0.785260 0.000001 0.619165
vn -0.785260 0.000001 0.619166
vn 0.713592 0.422755 0.558627
vn 0.713592 0.422755 0.558627
vn 0.713592 0.422755 0.558627
vn 0.713592 0.422755 0.558627
vn -0.785258 -0.000000 0.619168
vn -0.785258 -0.000000 0.619168
vn -0.785258 -0.000000 0.619168
vn -0.785258 -0.000000 0.619168
vn 0.647420 -0.211659 0.732153
vn 0.647420 -0.211659 0.732153
vn 0.647420 -0.211659 0.732153
vn 0.647420 -0.211659 0.732153
vn 0.000000 0.987013 0.160642
vn 0.000000 0.987013 0.160642
vn 0.000000 0.987013 0.160642
vn 0.000000 0.987013 0.160642
vn 0.000000 -0.987011 0.160650
vn 0.000000 -0.987011 0.160650
vn 0.000000 -0.987011 0.160650
vn 0.000000 -0.987011 0.160650
vn 0.647421 0.211658 0.732152
vn 0.647421 0.211658 0.732153
vn 0.647421 0.211658 0.732152
vn 0.647421 0.211658 0.732153
vn -0.647419 -0.211659 0.732154
vn -0.647419 -0.211659 0.732154
vn -0.647419 -0.211659 0.732154
vn -0.647419 -0.211659 0.732154
vn 0.000000 0.987013 0.160642
vn 0.000000 0.987013 0.160642
vn 0.000000 0.987013 0.160642
vn 0.000000 0.987013 0.160642
vn -0.647420 0.211658 0.732153
vn -0.647420 0.211658 0.732153
vn -0.647420 0.211658 0.732153
vn -0.647420 0.211658 0.732153
vn 0.000000 -0.987011 0.160650
vn 0.000000 -0.987011 0.160650
vn 0.000000 -0.987011 0.160650
vn 0.000000 -0.987011 0.160650
vn 0.647422 0.211658 -0.732151
vn 0.647422 0.211658 -0.732151
vn 0.647422 0.211658 -0.732151
vn 0.647422 0.211658 -0.732151
vn 0.000000 -0.987011 -0.160650
vn 0.000000 -0.987011 -0.160650
vn 0.000000 -0.987011 -0.160650
vn 0.000000 -0.987011 -0.160650
vn 0.000000 0.987013 -0.160642
vn 0.000000 0.987013 -0.160642
vn 0.000000 0.987013 -0.160642
vn 0.000000 0.987013 -0.160641
vn 0.647422 -0.211659 -0.732152
vn 0.647422 -0.211659 -0.732151
vn 0.647422 -0.211659 -0.732151
vn 0.647422 -0.211659 -0.732151
vn -0.647422 0.211658 -0.732152
vn -0.647422 0.211658 -0.732152
vn -0.647422 0.211658 -0.732152
vn -0.647422 0.211658 -0.732152
vn 0.000000 -0.987011 -0.160650
vn 0.000000 -0.987011 -0.160650
vn 0.000000 -0.987011 -0.160650
vn 0.000000 -0.987011 -0.160650
vn -0.647419 -0.211658 -0.732154
vn -0.647419 -0.211658 -0.732154
vn -0.647419 -0.211658 -0.732154
vn -0.647419 -0.211658 -0.732154
vn 0.000000 0.987013 -0.160641
vn 0.000000 0.987013 -0.160641
vn 0.000000 0.987013 -0.160641
vn 0.000000 0.987013 -0.160641
s 1
g Gun Gun_Tip
usemtl Gun_Tip2
f 583/882/1146 584/886/1147 595/892/1148
f 595/892/1148 584/886/1147 585/935/1149
f 595/892/1148 585/935/1149 586/944/1150
f 586/944/1150 587/945/1151 595/892/1148
f 595/892/1148 587/945/1151 588/994/1152
f 595/892/1148 588/994/1152 589/1080/1153
f 589/1080/1153 590/1081/1154 595/892/1148
f 595/892/1148 590/1081/1154 591/1082/1155
f 595/892/1148 591/1082/1155 592/1083/1156
f 592/1083/1156 593/1084/1157 595/892/1148
f 595/892/1148 593/1084/1157 594/1085/1158
f 595/892/1148 594/1085/1158 583/882/1146
s 2
f 597/880/1159 596/881/1160 738/1103/1161 739/884/1162
s 3
f 764/885/1163 765/887/1164 766/888/1165 767/889/1166
f 765/887/1164 768/890/1167 769/891/1168 766/888/1165
s 2
f 600/1121/1169 599/894/1170 740/895/1171 741/1116/1172
f 602/897/1173 601/898/1174 747/899/1175 748/900/1176
s 6
f 773/901/1177 774/902/1178 775/903/1179 776/904/1180
f 774/902/1178 777/905/1181 778/906/1182 775/903/1179
s 2
f 605/907/1183 604/908/1184 749/909/1185 750/1101/1186
f 647/911/1187 648/1118/1188 601/898/1174 602/897/1173
f 602/897/1173 603/913/1189 646/914/1190 647/911/1187
f 603/913/1189 604/908/1184 645/915/1191 646/914/1190
f 644/916/1192 645/915/1191 604/908/1184 605/907/1183
f 605/907/1183 606/917/1193 643/918/1194 644/916/1192
f 606/917/1193 596/881/1160 642/919/1195 643/918/1194
f 641/920/1196 642/919/1195 596/881/1160 597/880/1159
f 597/880/1159 598/921/1197 640/922/1198 641/920/1196
f 598/921/1197 599/894/1170 639/923/1199 640/922/1198
f 638/924/1200 639/923/1199 599/894/1170 600/1121/1169
s 8
f 583/882/1201 594/1085/1202 734/1086/1203 735/1087/1204
s 9
f 606/1113/1205 605/1111/1206 736/1105/1207 737/926/1208
s 10
f 736/925/1209 605/1112/1210 750/910/1211 751/927/1212
s 8
f 594/1085/1213 593/1084/1214 733/1088/1215 734/1086/1216
s 12
f 738/883/1217 596/1109/1218 732/1107/1219 757/929/1220
s 9
f 732/928/1221 596/1110/1222 606/1113/1223 737/926/1224
s 14
f 620/1089/1225 621/1090/1226 627/1091/1227 626/1092/1228
f 621/1090/1226 620/1089/1225 623/1093/1229 622/1094/1230
s 15
f 742/930/1231 743/931/1232 625/932/1233 624/933/1234
f 624/933/1234 625/932/1233 636/1132/1235 637/936/1236
s 16
f 745/937/1237 746/938/1238 629/939/1239 628/940/1240
f 628/940/1240 629/939/1239 649/941/1241 650/1133/1242
s 17
f 630/943/1243 631/1134/1244 634/1127/1245 635/948/1246
f 631/1134/1244 630/943/1243 633/949/1247 632/1129/1248
s 18
f 743/931/1249 744/951/1250 619/952/1251 625/932/1252
f 744/951/1250 745/937/1253 628/940/1254 619/952/1251
f 625/932/1252 619/952/1251 651/1131/1255 636/1132/1256
f 619/952/1251 628/940/1254 650/1133/1257 651/1131/1255
s 1
f 589/1080/1153 588/994/1152 621/1090/1258 622/1094/1259
s 19
f 600/893/1260 741/896/1261 742/930/1262 624/933/1263
s 1
f 588/994/1152 587/945/1151 627/1091/1264 621/1090/1258
s 20
f 747/1114/1265 601/1119/1266 629/939/1267 746/938/1268
s 21
f 607/1123/1269 618/1122/1270 633/949/1271 630/943/1272
s 19
f 638/1120/1273 600/893/1260 624/933/1263 637/936/1274
s 20
f 601/1119/1266 648/912/1275 649/941/1276 629/939/1267
s 21
f 608/1124/1277 607/1123/1269 630/943/1272 635/948/1278
s 15
f 637/936/1236 636/1132/1235 632/1129/1279 633/949/1280
s 19
f 638/1120/1273 637/936/1274 633/949/1281 618/1122/1282
s 2
f 639/923/1199 638/924/1200 618/1136/1283 617/1135/1284
f 640/922/1198 639/923/1199 617/1135/1284 616/1137/1285
f 641/920/1196 640/922/1198 616/1137/1285 615/1138/1286
f 642/919/1195 641/920/1196 615/1138/1286 614/1139/1287
f 643/918/1194 642/919/1195 614/1139/1287 613/1140/1288
f 644/916/1192 643/918/1194 613/1140/1288 612/1141/1289
f 645/915/1191 644/916/1192 612/1141/1289 611/1142/1290
f 646/914/1190 645/915/1191 611/1142/1290 610/1143/1291
f 647/911/1187 646/914/1190 610/1143/1291 609/1144/1292
f 648/1118/1188 647/911/1187 609/1144/1292 608/1145/1293
s 20
f 649/941/1276 648/912/1275 608/1124/1294 635/948/1295
s 16
f 650/1133/1242 649/941/1241 635/948/1296 634/1127/1297
s off
f 631/946/1298 632/1130/1299 652/1126/1300 653/967/1301
f 632/950/1302 636/934/1303 654/968/1304 652/966/1305
f 654/968/1306 636/934/1307 651/953/1308 650/942/1309 655/969/1310
f 650/942/1311 634/1128/1312 656/1125/1313 655/969/1314
f 634/947/1315 631/946/1316 653/967/1317 656/970/1318
f 653/967/1319 652/1126/1320 657/971/1321 658/972/1322
f 652/966/1323 654/968/1324 657/971/1325
f 657/971/1326 654/968/1327 655/969/1328 659/973/1329 658/972/1330
f 655/969/1331 656/1125/1332 659/973/1333
f 656/970/1334 653/967/1335 658/972/1336 659/973/1337
s 22
f 660/974/1338 668/975/1339 755/976/1340 754/977/1341
s 8
f 660/1095/1342 661/1096/1343 669/1097/1344 668/1098/1345
f 661/1096/1343 660/1095/1342 662/1099/1346 663/1100/1347
s 22
f 662/978/1348 660/974/1338 754/977/1341 753/979/1349
s 9
f 664/980/1350 665/981/1351 667/982/1352 666/983/1353
s 10
f 752/984/1354 753/979/1355 666/983/1356 667/1106/1357
s 22
f 666/983/1358 753/979/1349 754/977/1341 664/980/1359
f 754/977/1341 755/976/1340 670/985/1360 664/980/1359
s 12
f 755/976/1361 756/986/1362 671/987/1363 670/985/1364
s 9
f 665/981/1351 664/980/1350 670/985/1365 671/1108/1366
s 2
f 672/988/1367 674/989/1368 611/963/1290 612/962/1289
s 27
f 672/988/1369 673/990/1370 675/991/1371 674/989/1372
s 2
f 674/989/1368 676/992/1373 610/964/1291 611/963/1290
s 27
f 674/989/1372 675/991/1371 677/993/1374 676/992/1375
s 2
f 676/992/1376 678/995/1377 609/965/1292 610/964/1291
s 27
f 676/992/1375 677/993/1374 679/996/1378 678/995/1379
s 2
f 678/995/1377 680/997/1380 608/956/1293 609/965/1292
s 27
f 678/995/1379 679/996/1378 681/998/1381 680/997/1382
s 2
f 680/997/1380 682/999/1383 607/954/1384 608/956/1293
s 27
f 680/997/1382 681/998/1381 683/1000/1385 682/999/1386
s 2
f 682/999/1387 684/1001/1388 618/955/1283 607/954/1389
s 27
f 682/999/1386 683/1000/1385 685/1002/1390 684/1001/1391
s 2
f 684/1001/1388 686/1003/1392 617/957/1284 618/955/1283
s 27
f 684/1001/1391 685/1002/1390 687/1004/1393 686/1003/1394
s 2
f 686/1003/1392 688/1005/1395 616/958/1285 617/957/1284
s 27
f 686/1003/1394 687/1004/1393 689/1006/1396 688/1005/1397
s 2
f 688/1005/1398 690/1007/1399 615/959/1286 616/958/1285
s 27
f 688/1005/1397 689/1006/1396 691/1008/1400 690/1007/1401
s 2
f 690/1007/1399 692/1009/1402 614/960/1287 615/959/1286
s 27
f 690/1007/1401 691/1008/1400 693/1010/1403 692/1009/1404
s 2
f 692/1009/1402 694/1011/1405 613/961/1288 614/960/1287
s 27
f 692/1009/1404 693/1010/1403 695/1012/1406 694/1011/1407
f 673/990/1370 672/988/1369 694/1011/1407 695/1012/1406
s 2
f 694/1011/1408 672/988/1367 612/962/1289 613/961/1288
s 27
f 675/991/1371 673/990/1370 698/1025/1409 701/1026/1410
f 677/993/1374 675/991/1371 701/1026/1410 704/1027/1411
f 679/996/1378 677/993/1374 704/1027/1411 707/1028/1412
f 681/998/1381 679/996/1378 707/1028/1412 710/1029/1413
f 683/1000/1385 681/998/1381 710/1029/1413 713/1030/1414
f 685/1002/1390 683/1000/1385 713/1030/1414 716/1031/1415
f 687/1004/1393 685/1002/1390 716/1031/1415 719/1032/1416
f 689/1006/1396 687/1004/1393 719/1032/1416 722/1033/1417
f 691/1008/1400 689/1006/1396 722/1033/1417 725/1034/1418
f 693/1010/1403 691/1008/1400 725/1034/1418 728/1035/1419
f 695/1012/1406 693/1010/1403 728/1035/1419 731/1036/1420
f 673/990/1370 695/1012/1406 731/1036/1420 698/1025/1409
s 28
f 696/1014/1421 697/1037/1422 730/1038/1423 729/1024/1424
s 27
f 697/1037/1425 698/1025/1409 731/1036/1420 730/1038/1426
f 698/1025/1409 697/1037/1425 700/1039/1427 701/1026/1410
s 28
f 697/1037/1422 696/1014/1421 699/1013/1428 700/1039/1429
s 27
f 701/1026/1410 700/1039/1427 703/1040/1430 704/1027/1411
s 28
f 700/1039/1429 699/1013/1428 702/1015/1431 703/1040/1432
s 27
f 704/1027/1411 703/1040/1430 706/1041/1433 707/1028/1412
s 29
f 703/1040/1434 702/1015/1435 705/1016/1436 706/1041/1437
s 27
f 707/1028/1412 706/1041/1433 709/1042/1438 710/1029/1413
s 29
f 706/1041/1437 705/1016/1436 708/1017/1439 709/1042/1440
s 27
f 710/1029/1413 709/1042/1438 712/1043/1441 713/1030/1414
s 29
f 709/1042/1440 708/1017/1439 711/1018/1442 712/1043/1443
s 27
f 713/1030/1414 712/1043/1441 715/1044/1444 716/1031/1415
s 30
f 712/1043/1445 711/1018/1446 714/1019/1447 715/1044/1448
s 27
f 716/1031/1415 715/1044/1444 718/1045/1449 719/1032/1416
s 30
f 715/1044/1448 714/1019/1447 717/1020/1450 718/1045/1451
s 27
f 719/1032/1416 718/1045/1449 721/1046/1452 722/1033/1417
s 30
f 718/1045/1451 717/1020/1450 720/1021/1453 721/1046/1454
s 27
f 722/1033/1417 721/1046/1452 724/1047/1455 725/1034/1418
s 31
f 721/1046/1456 720/1021/1457 723/1022/1458 724/1047/1459
s 27
f 725/1034/1418 724/1047/1455 727/1048/1460 728/1035/1419
s 31
f 724/1047/1459 723/1022/1458 726/1023/1461 727/1048/1462
s 27
f 728/1035/1419 727/1048/1460 730/1038/1426 731/1036/1420
s 31
f 727/1048/1462 726/1023/1461 729/1024/1463 730/1038/1464
s 12
f 757/929/1220 732/1107/1219 671/987/1363 756/986/1362
s 8
f 661/1096/1343 734/1086/1216 733/1088/1215 669/1097/1344
f 663/1100/1347 735/1087/1204 734/1086/1203 661/1096/1343
s 10
f 667/1106/1357 736/925/1209 751/927/1212 752/984/1354
s 9
f 665/981/1351 737/926/1208 736/1105/1207 667/982/1352
f 671/1108/1366 732/928/1221 737/926/1224 665/981/1351
s 32
f 759/1049/1465 758/1050/1466 762/1051/1467 763/1052/1468
s 2
f 739/884/1162 738/1103/1161 593/1104/1469 592/1054/1470
s 3
f 771/1055/1471 770/1056/1472 765/887/1164 764/885/1163
f 770/1056/1472 772/1057/1473 768/890/1167 765/887/1164
s 2
f 741/1116/1172 740/895/1171 590/1058/1474 589/1117/1475
s 19
f 742/930/1262 741/896/1261 589/1059/1476 622/1060/1477
s 15
f 622/1060/1478 623/1061/1479 743/931/1232 742/930/1231
s 18
f 623/1061/1480 620/1062/1481 744/951/1250 743/931/1249
f 620/1062/1481 626/1063/1482 745/937/1253 744/951/1250
s 16
f 626/1063/1483 627/1064/1484 746/938/1238 745/937/1237
s 20
f 587/1115/1485 747/1114/1265 746/938/1268 627/1064/1486
s 2
f 748/900/1176 747/899/1175 587/1065/1487 586/1066/1488
s 6
f 780/1067/1489 779/1068/1490 774/902/1178 773/901/1177
f 779/1068/1490 781/1069/1491 777/905/1181 774/902/1178
s 2
f 750/1101/1186 749/909/1185 584/1070/1492 583/1102/1493
s 10
f 750/910/1211 583/1071/1494 735/1072/1495 751/927/1212
f 751/927/1212 735/1072/1495 663/1073/1496 752/984/1354
f 663/1073/1496 662/978/1497 753/979/1355 752/984/1354
s 12
f 668/975/1498 669/1074/1499 756/986/1362 755/976/1361
s 32
f 761/1075/1500 763/1052/1468 762/1051/1467 760/1076/1501
s off
f 593/1053/1502 738/883/1503 758/1050/1504 759/1049/1505
f 758/1050/1506 738/883/1507 757/929/1508 762/1051/1509
f 756/986/1510 669/1074/1511 761/1075/1512 760/1076/1513
f 761/1075/1514 669/1074/1515 733/1077/1516 763/1052/1517
f 760/1076/1518 762/1051/1519 757/929/1520 756/986/1521
f 759/1049/1522 763/1052/1523 733/1077/1524 593/1053/1525
f 598/921/1526 597/880/1527 767/889/1528 766/888/1529
f 597/880/1530 739/884/1531 764/885/1532 767/889/1533
f 740/895/1534 599/894/1535 769/891/1536 768/890/1537
f 599/894/1538 598/921/1539 766/888/1540 769/891/1541
f 592/1054/1542 591/1078/1543 770/1056/1544 771/1055/1545
f 739/884/1546 592/1054/1547 771/1055/1548 764/885/1549
f 591/1078/1550 590/1058/1551 772/1057/1552 770/1056/1553
f 590/1058/1554 740/895/1555 768/890/1556 772/1057/1557
f 603/913/1558 602/897/1559 776/904/1560 775/903/1561
f 602/897/1562 748/900/1563 773/901/1564 776/904/1565
f 749/909/1566 604/908/1567 778/906/1568 777/905/1569
f 604/908/1570 603/913/1571 775/903/1572 778/906/1573
f 586/1066/1574 585/1079/1575 779/1068/1576 780/1067/1577
f 748/900/1578 586/1066/1579 780/1067/1580 773/901/1581
f 585/1079/1582 584/1070/1583 781/1069/1584 779/1068/1585
f 584/1070/1586 749/909/1587 777/905/1588 781/1069/1589
g default
v -0.233460 23.875460 0.807080
v -0.233460 23.451546 1.115072
v -0.233460 22.927559 1.115072
v -0.233460 22.503644 0.807080
v -0.233460 22.341723 0.308739
v -0.233460 22.503644 -0.189602
v -0.233460 22.927559 -0.497593
v -0.233460 23.451546 -0.497593
v -0.233460 23.875460 -0.189602
v -0.233460 24.037375 0.308739
v 0.367817 23.875460 -0.189602
v 0.367817 23.451546 -0.497593
v 0.367817 22.927559 -0.497593
v 0.367817 22.464485 -0.145717
v 0.367817 22.375530 0.308739
v 0.367817 22.464485 0.763196
v 0.367817 22.927559 1.115072
v 0.367817 23.451546 1.115072
v 0.367817 23.875460 0.807080
v 0.367817 24.037375 0.308739
v -0.191059 23.875460 -0.189602
v -0.191059 23.451546 -0.497593
v -0.191059 22.927559 -0.497593
v -0.191059 22.503644 -0.189602
v -0.191059 22.375530 0.308739
v -0.191059 22.464485 0.763196
v -0.191059 22.927559 1.115072
v -0.191059 23.451546 1.115072
v -0.191059 23.875460 0.807080
v -0.191059 24.037375 0.308739
v -0.233460 23.357129 -0.207019
v -0.233460 23.628281 -0.010017
v -0.233460 23.021969 -0.207019
v -0.233460 22.750825 -0.010017
v -0.233460 22.647256 0.308739
v -0.233460 22.750825 0.627495
v -0.233460 23.021969 0.824497
v -0.233460 23.357129 0.824497
v -0.233460 23.628281 0.627495
v -0.233460 23.731850 0.308739
v 0.410222 23.709140 0.686241
v 0.408102 23.725157 0.697882
v 0.410222 23.388012 0.919549
v 0.408102 23.394133 0.938384
v 0.410222 22.991086 0.919549
v 0.408102 22.984965 0.938384
v 0.410222 22.669966 0.686241
v 0.408102 22.653949 0.697882
v 0.410222 22.547311 0.308739
v 0.408102 22.527504 0.308739
v 0.410222 22.669966 -0.068763
v 0.408102 22.653949 -0.080403
v 0.410222 22.991086 -0.302071
v 0.408102 22.984965 -0.320906
v 0.410222 23.388012 -0.302071
v 0.408102 23.394133 -0.320906
v 0.410222 23.709140 -0.068763
v 0.408102 23.725157 -0.080403
v 0.410222 23.831794 0.308739
v 0.408102 23.851594 0.308739
vt 0.709741 0.183143
vt 0.707990 0.180835
vt 0.510347 0.531754
vt 0.497976 0.531754
vt 0.705217 0.179998
vt 0.522717 0.531754
vt 0.702482 0.180950
vt 0.535087 0.531754
vt 0.700829 0.183328
vt 0.547458 0.531755
vt 0.700889 0.186224
vt 0.497840 0.548276
vt 0.702640 0.188531
vt 0.510211 0.548276
vt 0.705413 0.189369
vt 0.522581 0.548276
vt 0.708148 0.188417
vt 0.534952 0.548276
vt 0.709801 0.186038
vt 0.547322 0.548276
vt 0.707127 0.187071
vt 0.705377 0.187680
vt 0.703604 0.187145
vt 0.702484 0.185669
vt 0.702445 0.183817
vt 0.703503 0.182296
vt 0.705252 0.181686
vt 0.707026 0.182222
vt 0.708146 0.183698
vt 0.708184 0.185550
vt 0.922335 0.838446
vt 0.922335 0.816708
vt 0.909557 0.799122
vt 0.888882 0.792405
vt 0.868208 0.799123
vt 0.855431 0.816709
vt 0.855432 0.838448
vt 0.868210 0.856034
vt 0.888884 0.862751
vt 0.909558 0.856033
vt 0.888320 0.851707
vt 0.888876 0.854896
vt 0.872820 0.849675
vt 0.874335 0.847164
vt 0.902305 0.847162
vt 0.904935 0.849683
vt 0.862899 0.836013
vt 0.865691 0.835268
vt 0.862904 0.819129
vt 0.865690 0.820564
vt 0.872832 0.805473
vt 0.874332 0.808667
vt 0.888890 0.800259
vt 0.888317 0.804122
vt 0.904946 0.805480
vt 0.902302 0.808665
vt 0.914867 0.819142
vt 0.910946 0.820560
vt 0.914863 0.836026
vt 0.910947 0.835265
vt 0.911649 0.835493
vt 0.902739 0.847759
vt 0.911648 0.820332
vt 0.902736 0.808067
vt 0.888317 0.803384
vt 0.873898 0.808070
vt 0.864988 0.820336
vt 0.864989 0.835497
vt 0.873901 0.847761
vt 0.888320 0.852445
vt 0.485606 0.544948
vt 0.534952 0.561470
vt 0.497976 0.544948
vt 0.510347 0.544948
vt 0.522717 0.544948
vt 0.535087 0.544949
vt 0.485470 0.561470
vt 0.497840 0.561470
vt 0.510211 0.561470
vt 0.522581 0.561470
vt 0.547322 0.547275
vt 0.497976 0.530753
vt 0.534952 0.547275
vt 0.522581 0.547275
vt 0.510211 0.547275
vt 0.497840 0.547275
vt 0.547458 0.530754
vt 0.535087 0.530753
vt 0.522717 0.530753
vt 0.510347 0.530753
vt 0.485606 0.531754
vt 0.547322 0.561470
vt 0.485606 0.530753
vt 0.485470 0.548276
vt 0.547458 0.544949
vt 0.485470 0.547275
vn 0.000001 0.587785 0.809017
vn 0.000001 0.587785 0.809017
vn 0.000000 0.587785 0.809017
vn 0.000000 0.587785 0.809017
vn 0.000001 0.000000 1.000000
vn 0.000001 0.000000 1.000000
vn 0.000000 0.000000 1.000000
vn 0.000000 0.000000 1.000000
vn 0.138232 -0.591149 0.794629
vn 0.138232 -0.591149 0.794629
vn 0.004043 -0.604777 0.796384
vn 0.009387 -0.604445 0.796592
vn 0.070550 -0.964631 0.253989
vn 0.070550 -0.964631 0.253989
vn 0.005654 -0.980363 0.197119
vn 0.007601 -0.980001 0.198846
vn 0.357476 -0.896726 -0.260948
vn 0.357476 -0.896726 -0.260948
vn 0.006774 -0.973947 -0.226674
vn 0.007782 -0.973907 -0.226815
vn 0.000002 -0.587778 -0.809022
vn 0.000002 -0.587778 -0.809022
vn 0.009878 -0.596246 -0.802741
vn 0.009919 -0.596281 -0.802715
vn 0.000002 0.000000 -1.000000
vn 0.000002 0.000000 -1.000000
vn 0.000000 0.000000 -1.000000
vn 0.000000 0.000000 -1.000000
vn 0.000001 0.587785 -0.809017
vn 0.000001 0.587786 -0.809017
vn 0.000000 0.587786 -0.809017
vn 0.000000 0.587785 -0.809017
vn -0.000000 0.951062 -0.309001
vn -0.000000 0.951062 -0.309001
vn -0.000000 0.951060 -0.309005
vn -0.000000 0.951060 -0.309005
vn 0.000000 0.951062 0.309000
vn 0.000000 0.951062 0.309000
vn 0.000000 0.951060 0.309005
vn 0.000000 0.951060 0.309005
vn -1.000000 0.000000 -0.000001
vn -1.000000 0.000000 -0.000001
vn -1.000000 0.000000 -0.000001
vn -1.000000 0.000000 -0.000001
vn -1.000000 0.000000 -0.000001
vn -1.000000 0.000000 -0.000001
vn -1.000000 0.000000 -0.000001
vn -1.000000 0.000000 -0.000001
vn -1.000000 0.000000 -0.000001
vn -1.000000 0.000000 -0.000001
vn -0.000000 0.587785 -0.809017
vn -0.000000 0.587785 -0.809017
vn -0.000000 0.000000 -1.000000
vn -0.000000 0.000000 -1.000000
vn 0.010589 -0.596850 -0.802283
vn 0.010589 -0.596851 -0.802283
vn -0.025429 -0.974702 -0.222059
vn -0.025429 -0.974702 -0.222059
vn 0.000000 -0.981376 0.192094
vn 0.000000 -0.981376 0.192094
vn 0.000000 -0.605017 0.796213
vn 0.000000 -0.605017 0.796213
vn 0.000000 0.000000 1.000000
vn 0.000000 0.000000 1.000000
vn 0.000000 0.587785 0.809017
vn 0.000000 0.587785 0.809017
vn 0.000000 0.951060 0.309006
vn 0.000000 0.951060 0.309006
vn -0.000000 0.951060 -0.309006
vn -0.000000 0.951060 -0.309006
vn -1.000000 0.000000 0.000000
vn -1.000000 0.000000 0.000000
vn -1.000000 0.000000 0.000000
vn -1.000000 0.000000 0.000000
vn -1.000000 0.000000 -0.000001
vn -1.000000 0.000000 -0.000001
vn -1.000000 0.000000 -0.000001
vn -1.000000 0.000000 -0.000001
vn -1.000000 0.000000 0.000001
vn -1.000000 0.000000 0.000001
vn -1.000000 0.000000 0.000001
vn -1.000000 0.000000 0.000001
vn -1.000000 0.000000 0.000000
vn -1.000000 0.000000 0.000000
vn -1.000000 0.000000 0.000000
vn -1.000000 0.000000 0.000000
vn -1.000000 0.000000 0.000000
vn -1.000000 0.000000 0.000000
vn -1.000000 0.000000 0.000000
vn -1.000000 0.000000 0.000000
vn -1.000000 0.000000 -0.000003
vn -1.000000 0.000000 -0.000003
vn -1.000000 0.000000 -0.000003
vn -1.000000 0.000000 -0.000003
vn -1.000000 0.000000 -0.000001
vn -1.000000 0.000000 -0.000001
vn -1.000000 0.000000 -0.000001
vn -1.000000 0.000000 -0.000001
vn -1.000000 0.000000 0.000001
vn -1.000000 0.000000 0.000001
vn -1.000000 0.000000 0.000001
vn -1.000000 0.000000 0.000001
vn -1.000000 0.000000 0.000000
vn -1.000000 0.000000 0.000000
vn -1.000000 0.000000 0.000000
vn -1.000000 0.000000 0.000000
vn -1.000000 0.000000 0.000003
vn -1.000000 0.000000 0.000003
vn -1.000000 0.000000 0.000003
vn -1.000000 0.000000 0.000003
vn 0.999999 0.000805 0.000584
vn 0.978563 0.166613 0.121053
vn 0.978563 0.063640 0.195867
vn 0.999999 0.000308 0.000946
vn 1.000000 0.000995 -0.000001
vn 0.978563 0.205946 0.000001
vn 0.977921 -0.067701 0.197702
vn 0.999999 -0.000308 0.000946
vn 0.977688 -0.165266 0.129666
vn 1.000000 -0.000805 0.000585
vn 0.977149 -0.212554 -0.000000
vn 0.999999 -0.000995 -0.000000
vn 0.977688 -0.165266 -0.129667
vn 1.000000 -0.000805 -0.000586
vn 0.977921 -0.067701 -0.197702
vn 1.000000 -0.000308 -0.000947
vn 0.978563 0.063640 -0.195867
vn 1.000000 0.000308 -0.000947
vn 0.978564 0.166613 -0.121052
vn 0.999999 0.000805 -0.000586
vn 0.977288 0.065486 -0.201544
vn 0.977289 0.171441 -0.124558
vn 0.976613 -0.069184 -0.203569
vn 0.976518 -0.183863 -0.112280
vn 0.975614 -0.219494 -0.000001
vn 0.976518 -0.183863 0.112279
vn 0.976613 -0.069184 0.203568
vn 0.977288 0.065486 0.201544
vn 0.977289 0.171441 0.124560
vn 0.977289 0.211913 0.000001
s 1
g Gun Gun_Bullet
usemtl Gun_Bullet7
f 782/1227/1590 783/1235/1591 809/1148/1592 810/1149/1593
s 2
f 783/1235/1594 784/1234/1595 808/1151/1596 809/1148/1597
s 3
f 784/1234/1598 785/1233/1599 807/1153/1600 808/1151/1601
s 4
f 785/1233/1602 786/1232/1603 806/1155/1604 807/1153/1605
s 5
f 786/1241/1606 787/1231/1607 805/1157/1608 806/1239/1609
s 6
f 787/1231/1610 788/1230/1611 804/1159/1612 805/1157/1613
s 7
f 788/1230/1614 789/1229/1615 803/1161/1616 804/1159/1617
s 8
f 789/1229/1618 790/1228/1619 802/1163/1620 803/1161/1621
s 9
f 790/1228/1622 791/1226/1623 811/1165/1624 802/1163/1625
s 10
f 791/1238/1626 782/1227/1627 810/1149/1628 811/1236/1629
s off
f 813/1166/1630 812/1167/1631 814/1168/1632 815/1169/1633 816/1170/1634 817/1171/1635 818/1172/1636 819/1173/1637 820/1174/1638 821/1175/1639
s 8
f 803/1161/1621 802/1163/1620 792/1217/1640 793/1225/1641
s 7
f 804/1159/1617 803/1161/1616 793/1225/1642 794/1224/1643
s 6
f 805/1157/1613 804/1159/1612 794/1224/1644 795/1223/1645
s 5
f 806/1239/1609 805/1157/1608 795/1223/1646 796/1222/1647
s 4
f 807/1153/1605 806/1155/1604 796/1240/1648 797/1221/1649
s 3
f 808/1151/1601 807/1153/1600 797/1221/1650 798/1220/1651
s 2
f 809/1148/1597 808/1151/1596 798/1220/1652 799/1219/1653
s 1
f 810/1149/1593 809/1148/1592 799/1219/1654 800/1218/1655
s 10
f 811/1236/1629 810/1149/1628 800/1218/1656 801/1216/1657
s 9
f 802/1163/1625 811/1165/1624 801/1237/1658 792/1217/1659
s off
f 790/1162/1660 789/1160/1661 812/1167/1662 813/1166/1663
f 789/1160/1664 788/1158/1665 814/1168/1666 812/1167/1667
f 788/1158/1668 787/1156/1669 815/1169/1670 814/1168/1671
f 787/1156/1672 786/1154/1673 816/1170/1674 815/1169/1675
f 786/1154/1676 785/1152/1677 817/1171/1678 816/1170/1679
f 785/1152/1680 784/1150/1681 818/1172/1682 817/1171/1683
f 784/1150/1684 783/1147/1685 819/1173/1686 818/1172/1687
f 783/1147/1688 782/1146/1689 820/1174/1690 819/1173/1691
f 782/1146/1692 791/1164/1693 821/1175/1694 820/1174/1695
f 791/1164/1696 790/1162/1697 813/1166/1698 821/1175/1699
s 11
f 822/1186/1700 823/1215/1701 825/1214/1702 824/1189/1703
f 823/1215/1701 822/1186/1700 840/1190/1704 841/1207/1705
f 824/1189/1703 825/1214/1702 827/1213/1706 826/1193/1707
f 826/1193/1707 827/1213/1706 829/1212/1708 828/1195/1709
f 828/1195/1709 829/1212/1708 831/1211/1710 830/1197/1711
f 830/1197/1711 831/1211/1710 833/1210/1712 832/1199/1713
f 832/1199/1713 833/1210/1712 835/1209/1714 834/1201/1715
f 834/1201/1715 835/1209/1714 837/1208/1716 836/1203/1717
f 836/1203/1717 837/1208/1716 839/1206/1718 838/1205/1719
f 838/1205/1719 839/1206/1718 841/1207/1705 840/1190/1704
f 840/1190/1704 822/1186/1700 824/1189/1703 826/1193/1707 828/1195/1709 830/1197/1711 832/1199/1713 834/1201/1715 836/1203/1717 838/1205/1719
f 793/1177/1720 792/1176/1721 839/1204/1718 837/1202/1716
f 794/1178/1722 793/1177/1720 837/1202/1716 835/1200/1714
f 795/1179/1723 794/1178/1722 835/1200/1714 833/1198/1712
f 796/1180/1724 795/1179/1723 833/1198/1712 831/1196/1710
f 797/1181/1725 796/1180/1724 831/1196/1710 829/1194/1708
f 798/1182/1726 797/1181/1725 829/1194/1708 827/1192/1706
f 799/1183/1727 798/1182/1726 827/1192/1706 825/1188/1702
f 800/1184/1728 799/1183/1727 825/1188/1702 823/1187/1701
f 801/1185/1729 800/1184/1728 823/1187/1701 841/1191/1705
f 792/1176/1721 801/1185/1729 841/1191/1705 839/1204/1718
g default
v -0.233460 23.875460 -2.375831
v -0.233460 23.451546 -2.067840
v -0.233460 22.927559 -2.067840
v -0.233460 22.463751 -2.414569
v -0.233460 22.341723 -2.874173
v -0.233460 22.463751 -3.333777
v -0.233460 22.927559 -3.680505
v -0.233460 23.451546 -3.680505
v -0.233460 23.875460 -3.372513
v -0.233460 24.037375 -2.874173
v 0.367817 23.875460 -3.372513
v 0.367817 23.451546 -3.680505
v 0.367817 22.927559 -3.680505
v 0.367817 22.463751 -3.333777
v 0.367817 22.428304 -2.874173
v 0.367817 22.463751 -2.414569
v 0.367817 22.927559 -2.067840
v 0.367817 23.451546 -2.067840
v 0.367817 23.875460 -2.375831
v 0.367817 24.037375 -2.874173
v -0.191059 23.875460 -3.372513
v -0.191059 23.451546 -3.680505
v -0.191059 22.927559 -3.680505
v -0.191059 22.463751 -3.333777
v -0.191059 22.341723 -2.874173
v -0.191059 22.463751 -2.414569
v -0.191059 22.927559 -2.067840
v -0.191059 23.451546 -2.067840
v -0.191059 23.875460 -2.375831
v -0.191059 24.037375 -2.874173
v -0.233460 23.357129 -3.389930
v -0.233460 23.628281 -3.192928
v -0.233460 23.021969 -3.389930
v -0.233460 22.750825 -3.192928
v -0.233460 22.647256 -2.874173
v -0.233460 22.750825 -2.555417
v -0.233460 23.021969 -2.358415
v -0.233460 23.357129 -2.358415
v -0.233460 23.628281 -2.555417
v -0.233460 23.731850 -2.874173
v 0.410222 23.709140 -2.496671
v 0.408102 23.725157 -2.485030
v 0.410222 23.388012 -2.263363
v 0.408102 23.394133 -2.244528
v 0.410222 22.991086 -2.263363
v 0.408102 22.984965 -2.244527
v 0.410222 22.669966 -2.496671
v 0.408102 22.653949 -2.485030
v 0.410222 22.547311 -2.874173
v 0.408102 22.527504 -2.874173
v 0.410222 22.669966 -3.251674
v 0.408102 22.653949 -3.263315
v 0.410222 22.991086 -3.484982
v 0.408102 22.984965 -3.503817
v 0.410222 23.388012 -3.484982
v 0.408102 23.394133 -3.503817
v 0.410222 23.709140 -3.251674
v 0.408102 23.725157 -3.263315
v 0.410222 23.831794 -2.874173
v 0.408102 23.851594 -2.874173
vt 0.709210 0.193429
vt 0.707458 0.191122
vt 0.444510 0.531262
vt 0.432140 0.531262
vt 0.704685 0.190286
vt 0.456880 0.531262
vt 0.701950 0.191239
vt 0.469251 0.531263
vt 0.700298 0.193618
vt 0.481621 0.531263
vt 0.700359 0.196513
vt 0.432003 0.548378
vt 0.702111 0.198820
vt 0.444374 0.548378
vt 0.704884 0.199656
vt 0.456744 0.548378
vt 0.707619 0.198703
vt 0.469115 0.548378
vt 0.709271 0.196324
vt 0.481485 0.548378
vt 0.706598 0.197358
vt 0.704848 0.197968
vt 0.703074 0.197433
vt 0.701954 0.195957
vt 0.701915 0.194105
vt 0.702971 0.192584
vt 0.704721 0.191974
vt 0.706495 0.192509
vt 0.707615 0.193984
vt 0.707654 0.195837
vt 0.995167 0.840410
vt 0.995167 0.818671
vt 0.982389 0.801085
vt 0.961714 0.794368
vt 0.941041 0.801086
vt 0.928264 0.818673
vt 0.928264 0.840411
vt 0.941042 0.857998
vt 0.961716 0.864714
vt 0.982390 0.857996
vt 0.961153 0.853671
vt 0.961708 0.856860
vt 0.945652 0.851638
vt 0.947167 0.849128
vt 0.975137 0.849125
vt 0.977767 0.851646
vt 0.935732 0.837977
vt 0.938523 0.837232
vt 0.935736 0.821093
vt 0.938522 0.822527
vt 0.945664 0.807436
vt 0.947164 0.810630
vt 0.961722 0.802223
vt 0.961149 0.806085
vt 0.977779 0.807444
vt 0.975134 0.810628
vt 0.987699 0.821106
vt 0.983778 0.822524
vt 0.987695 0.837990
vt 0.983779 0.837228
vt 0.984481 0.837456
vt 0.975571 0.849722
vt 0.984480 0.822296
vt 0.975568 0.810031
vt 0.961149 0.805347
vt 0.946730 0.810033
vt 0.937820 0.822299
vt 0.937821 0.837460
vt 0.946733 0.849725
vt 0.961153 0.854409
vt 0.419769 0.544456
vt 0.469115 0.561572
vt 0.432139 0.544456
vt 0.444510 0.544456
vt 0.456880 0.544456
vt 0.469250 0.544457
vt 0.419633 0.561572
vt 0.432004 0.561572
vt 0.444374 0.561572
vt 0.456744 0.561572
vt 0.481485 0.547377
vt 0.432139 0.530261
vt 0.469115 0.547377
vt 0.456744 0.547377
vt 0.444374 0.547377
vt 0.432004 0.547377
vt 0.481621 0.530262
vt 0.469251 0.530262
vt 0.456880 0.530261
vt 0.444510 0.530261
vt 0.419769 0.531262
vt 0.481485 0.561572
vt 0.419769 0.530261
vt 0.419633 0.548378
vt 0.481621 0.544457
vt 0.419633 0.547377
vn 0.000001 0.587785 0.809017
vn 0.000001 0.587785 0.809017
vn 0.000000 0.587785 0.809017
vn 0.000000 0.587785 0.809017
vn 0.000001 0.000000 1.000000
vn 0.000001 0.000000 1.000000
vn 0.000000 0.000000 1.000000
vn 0.000000 0.000000 1.000000
vn 0.000000 -0.598754 0.800933
vn 0.000000 -0.598754 0.800933
vn 0.000000 -0.598753 0.800934
vn 0.000000 -0.598753 0.800934
vn 0.000000 -0.966514 0.256613
vn 0.000000 -0.966514 0.256613
vn 0.070577 -0.982050 0.174920
vn 0.070706 -0.982068 0.174768
vn -0.000000 -0.966514 -0.256613
vn -0.000000 -0.966514 -0.256613
vn 0.070706 -0.982068 -0.174768
vn 0.070577 -0.982050 -0.174920
vn 0.000002 -0.598754 -0.800933
vn 0.000002 -0.598754 -0.800933
vn 0.000000 -0.598753 -0.800934
vn 0.000000 -0.598753 -0.800934
vn 0.000002 0.000000 -1.000000
vn 0.000002 0.000000 -1.000000
vn 0.000000 0.000000 -1.000000
vn 0.000000 0.000000 -1.000000
vn 0.000001 0.587785 -0.809017
vn 0.000001 0.587786 -0.809017
vn 0.000000 0.587786 -0.809017
vn 0.000000 0.587785 -0.809017
vn -0.000000 0.951062 -0.309001
vn -0.000000 0.951062 -0.309001
vn -0.000000 0.951060 -0.309005
vn -0.000000 0.951060 -0.309005
vn 0.000000 0.951062 0.309000
vn 0.000000 0.951062 0.309000
vn 0.000000 0.951060 0.309005
vn 0.000000 0.951060 0.309005
vn -1.000000 0.000000 -0.000001
vn -1.000000 0.000000 -0.000001
vn -1.000000 0.000000 -0.000001
vn -1.000000 0.000000 -0.000001
vn -1.000000 0.000000 -0.000001
vn -1.000000 0.000000 -0.000001
vn -1.000000 0.000000 -0.000001
vn -1.000000 0.000000 -0.000001
vn -1.000000 0.000000 -0.000001
vn -1.000000 0.000000 -0.000001
vn -0.000000 0.587785 -0.809017
vn -0.000000 0.587785 -0.809017
vn -0.000000 0.000000 -1.000000
vn -0.000000 0.000000 -1.000000
vn -0.000000 -0.598753 -0.800934
vn -0.000000 -0.598753 -0.800934
vn 0.076126 -0.982780 -0.168367
vn 0.076126 -0.982780 -0.168367
vn 0.076126 -0.982780 0.168367
vn 0.076126 -0.982780 0.168367
vn 0.000000 -0.598753 0.800934
vn 0.000000 -0.598753 0.800934
vn 0.000000 0.000000 1.000000
vn 0.000000 0.000000 1.000000
vn 0.000000 0.587785 0.809017
vn 0.000000 0.587785 0.809017
vn 0.000000 0.951060 0.309006
vn 0.000000 0.951060 0.309006
vn -0.000000 0.951060 -0.309006
vn -0.000000 0.951060 -0.309006
vn -1.000000 0.000000 0.000000
vn -1.000000 0.000000 0.000000
vn -1.000000 0.000000 0.000000
vn -1.000000 0.000000 0.000000
vn -1.000000 0.000000 -0.000001
vn -1.000000 0.000000 -0.000001
vn -1.000000 0.000000 -0.000001
vn -1.000000 0.000000 -0.000001
vn -1.000000 0.000000 -0.000001
vn -1.000000 0.000000 -0.000001
vn -1.000000 0.000000 -0.000001
vn -1.000000 0.000000 -0.000001
vn -1.000000 0.000000 0.000000
vn -1.000000 0.000000 0.000000
vn -1.000000 0.000000 0.000000
vn -1.000000 0.000000 0.000000
vn -1.000000 0.000000 0.000000
vn -1.000000 0.000000 0.000000
vn -1.000000 0.000000 0.000000
vn -1.000000 0.000000 0.000000
vn -1.000000 0.000000 0.000003
vn -1.000000 0.000000 0.000003
vn -1.000000 0.000000 0.000003
vn -1.000000 0.000000 0.000003
vn -1.000000 0.000000 -0.000001
vn -1.000000 0.000000 -0.000001
vn -1.000000 0.000000 -0.000001
vn -1.000000 0.000000 -0.000001
vn -1.000000 0.000000 0.000001
vn -1.000000 0.000000 0.000001
vn -1.000000 0.000000 0.000001
vn -1.000000 0.000000 0.000001
vn -1.000000 0.000000 0.000000
vn -1.000000 0.000000 0.000000
vn -1.000000 0.000000 0.000000
vn -1.000000 0.000000 0.000000
vn -1.000000 0.000000 0.000003
vn -1.000000 0.000000 0.000003
vn -1.000000 0.000000 0.000003
vn -1.000000 0.000000 0.000003
vn 0.999999 0.000805 0.000584
vn 0.978563 0.166613 0.121053
vn 0.978563 0.063640 0.195867
vn 0.999999 0.000308 0.000946
vn 1.000000 0.000995 -0.000001
vn 0.978563 0.205946 0.000001
vn 0.978149 -0.066821 0.196875
vn 0.999999 -0.000308 0.000946
vn 0.976089 -0.174081 0.130177
vn 1.000000 -0.000805 0.000585
vn 0.969157 -0.246443 0.000001
vn 0.999999 -0.000995 -0.000000
vn 0.976089 -0.174081 -0.130177
vn 1.000000 -0.000805 -0.000586
vn 0.978149 -0.066821 -0.196876
vn 1.000000 -0.000308 -0.000947
vn 0.978563 0.063640 -0.195867
vn 1.000000 0.000308 -0.000947
vn 0.978564 0.166613 -0.121052
vn 0.999999 0.000805 -0.000586
vn 0.977288 0.065486 -0.201544
vn 0.977289 0.171441 -0.124558
vn 0.976863 -0.068460 -0.202613
vn 0.973626 -0.195867 -0.116998
vn 0.966384 -0.257103 -0.000000
vn 0.973626 -0.195867 0.116997
vn 0.976863 -0.068460 0.202612
vn 0.977288 0.065486 0.201544
vn 0.977289 0.171441 0.124560
vn 0.977289 0.211913 0.000001
s 1
g Gun Gun_Bullet1
usemtl Gun_Bullet7
f 842/1323/1730 843/1331/1731 869/1244/1732 870/1245/1733
s 2
f 843/1331/1734 844/1330/1735 868/1247/1736 869/1244/1737
s 3
f 844/1330/1738 845/1329/1739 867/1249/1740 868/1247/1741
s 4
f 845/1329/1742 846/1328/1743 866/1251/1744 867/1249/1745
s 5
f 846/1337/1746 847/1327/1747 865/1253/1748 866/1335/1749
s 6
f 847/1327/1750 848/1326/1751 864/1255/1752 865/1253/1753
s 7
f 848/1326/1754 849/1325/1755 863/1257/1756 864/1255/1757
s 8
f 849/1325/1758 850/1324/1759 862/1259/1760 863/1257/1761
s 9
f 850/1324/1762 851/1322/1763 871/1261/1764 862/1259/1765
s 10
f 851/1334/1766 842/1323/1767 870/1245/1768 871/1332/1769
s off
f 873/1262/1770 872/1263/1771 874/1264/1772 875/1265/1773 876/1266/1774 877/1267/1775 878/1268/1776 879/1269/1777 880/1270/1778 881/1271/1779
s 8
f 863/1257/1761 862/1259/1760 852/1313/1780 853/1321/1781
s 7
f 864/1255/1757 863/1257/1756 853/1321/1782 854/1320/1783
s 6
f 865/1253/1753 864/1255/1752 854/1320/1784 855/1319/1785
s 5
f 866/1335/1749 865/1253/1748 855/1319/1786 856/1318/1787
s 4
f 867/1249/1745 866/1251/1744 856/1336/1788 857/1317/1789
s 3
f 868/1247/1741 867/1249/1740 857/1317/1790 858/1316/1791
s 2
f 869/1244/1737 868/1247/1736 858/1316/1792 859/1315/1793
s 1
f 870/1245/1733 869/1244/1732 859/1315/1794 860/1314/1795
s 10
f 871/1332/1769 870/1245/1768 860/1314/1796 861/1312/1797
s 9
f 862/1259/1765 871/1261/1764 861/1333/1798 852/1313/1799
s off
f 850/1258/1800 849/1256/1801 872/1263/1802 873/1262/1803
f 849/1256/1804 848/1254/1805 874/1264/1806 872/1263/1807
f 848/1254/1808 847/1252/1809 875/1265/1810 874/1264/1811
f 847/1252/1812 846/1250/1813 876/1266/1814 875/1265/1815
f 846/1250/1816 845/1248/1817 877/1267/1818 876/1266/1819
f 845/1248/1820 844/1246/1821 878/1268/1822 877/1267/1823
f 844/1246/1824 843/1243/1825 879/1269/1826 878/1268/1827
f 843/1243/1828 842/1242/1829 880/1270/1830 879/1269/1831
f 842/1242/1832 851/1260/1833 881/1271/1834 880/1270/1835
f 851/1260/1836 850/1258/1837 873/1262/1838 881/1271/1839
s 11
f 882/1282/1840 883/1311/1841 885/1310/1842 884/1285/1843
f 883/1311/1841 882/1282/1840 900/1286/1844 901/1303/1845
f 884/1285/1843 885/1310/1842 887/1309/1846 886/1289/1847
f 886/1289/1847 887/1309/1846 889/1308/1848 888/1291/1849
f 888/1291/1849 889/1308/1848 891/1307/1850 890/1293/1851
f 890/1293/1851 891/1307/1850 893/1306/1852 892/1295/1853
f 892/1295/1853 893/1306/1852 895/1305/1854 894/1297/1855
f 894/1297/1855 895/1305/1854 897/1304/1856 896/1299/1857
f 896/1299/1857 897/1304/1856 899/1302/1858 898/1301/1859
f 898/1301/1859 899/1302/1858 901/1303/1845 900/1286/1844
f 900/1286/1844 882/1282/1840 884/1285/1843 886/1289/1847 888/1291/1849 890/1293/1851 892/1295/1853 894/1297/1855 896/1299/1857 898/1301/1859
f 853/1273/1860 852/1272/1861 899/1300/1858 897/1298/1856
f 854/1274/1862 853/1273/1860 897/1298/1856 895/1296/1854
f 855/1275/1863 854/1274/1862 895/1296/1854 893/1294/1852
f 856/1276/1864 855/1275/1863 893/1294/1852 891/1292/1850
f 857/1277/1865 856/1276/1864 891/1292/1850 889/1290/1848
f 858/1278/1866 857/1277/1865 889/1290/1848 887/1288/1846
f 859/1279/1867 858/1278/1866 887/1288/1846 885/1284/1842
f 860/1280/1868 859/1279/1867 885/1284/1842 883/1283/1841
f 861/1281/1869 860/1280/1868 883/1283/1841 901/1287/1845
f 852/1272/1861 861/1281/1869 901/1287/1845 899/1300/1858
g default
v -0.233460 22.274717 -2.375831
v -0.233460 21.850803 -2.067840
v -0.233460 21.326816 -2.067840
v -0.233460 20.902901 -2.375832
v -0.233460 20.740980 -2.874173
v -0.233460 20.902901 -3.372514
v -0.233460 21.326816 -3.680505
v -0.233460 21.850803 -3.680505
v -0.233460 22.274717 -3.372513
v -0.233460 22.391611 -2.874173
v 0.367817 22.274717 -3.372513
v 0.367817 21.850803 -3.680505
v 0.367817 21.326816 -3.680505
v 0.367817 20.902901 -3.372513
v 0.367817 20.740980 -2.874173
v 0.367817 20.902901 -2.375832
v 0.367817 21.326816 -2.067840
v 0.367817 21.850803 -2.067840
v 0.367817 22.274717 -2.375831
v 0.367817 22.391611 -2.874173
v -0.191059 22.274717 -3.372513
v -0.191059 21.850803 -3.680505
v -0.191059 21.326816 -3.680505
v -0.191059 20.902901 -3.372513
v -0.191059 20.740980 -2.874173
v -0.191059 20.902901 -2.375832
v -0.191059 21.326816 -2.067840
v -0.191059 21.850803 -2.067840
v -0.191059 22.274717 -2.375831
v -0.191059 22.391611 -2.874173
v -0.233460 21.756385 -3.389930
v -0.233460 22.027538 -3.192928
v -0.233460 21.421226 -3.389930
v -0.233460 21.150081 -3.192928
v -0.233460 21.046512 -2.874173
v -0.233460 21.150081 -2.555417
v -0.233460 21.421226 -2.358415
v -0.233460 21.756385 -2.358415
v -0.233460 22.027538 -2.555417
v -0.233460 22.131107 -2.874173
v 0.410222 22.108396 -2.496671
v 0.408102 22.124414 -2.485030
v 0.410222 21.787269 -2.263363
v 0.408102 21.793390 -2.244528
v 0.410222 21.390343 -2.263363
v 0.408102 21.384222 -2.244527
v 0.410222 21.069223 -2.496671
v 0.408102 21.053206 -2.485030
v 0.410222 20.946567 -2.874173
v 0.408102 20.926761 -2.874173
v 0.410222 21.069223 -3.251674
v 0.408102 21.053206 -3.263315
v 0.410222 21.390343 -3.484982
v 0.408102 21.384222 -3.503817
v 0.410222 21.787269 -3.484982
v 0.408102 21.793390 -3.503817
v 0.410222 22.108396 -3.251674
v 0.408102 22.124414 -3.263315
v 0.410222 22.231051 -2.874173
v 0.408102 22.250850 -2.874173
vt 0.693742 0.193494
vt 0.691990 0.191188
vt 0.379825 0.565930
vt 0.367455 0.565930
vt 0.689217 0.190351
vt 0.392195 0.565930
vt 0.686482 0.191305
vt 0.404566 0.565930
vt 0.684830 0.193683
vt 0.416936 0.565930
vt 0.684891 0.196579
vt 0.368288 0.582350
vt 0.686643 0.198886
vt 0.380658 0.582350
vt 0.689416 0.199722
vt 0.393029 0.582350
vt 0.692151 0.198769
vt 0.405399 0.582350
vt 0.693803 0.196390
vt 0.417769 0.582350
vt 0.691130 0.197424
vt 0.689380 0.198033
vt 0.687607 0.197499
vt 0.686486 0.196023
vt 0.686447 0.194171
vt 0.687504 0.192649
vt 0.689253 0.192040
vt 0.691027 0.192575
vt 0.692147 0.194050
vt 0.692186 0.195902
vt 0.993446 0.753874
vt 0.993446 0.732136
vt 0.980668 0.714550
vt 0.959994 0.707833
vt 0.939320 0.714551
vt 0.926543 0.732138
vt 0.926543 0.753876
vt 0.939321 0.771463
vt 0.959996 0.778179
vt 0.980669 0.771461
vt 0.959432 0.767136
vt 0.959988 0.770325
vt 0.943931 0.765103
vt 0.945446 0.762592
vt 0.973416 0.762590
vt 0.976047 0.765111
vt 0.934011 0.751441
vt 0.936802 0.750697
vt 0.934015 0.734558
vt 0.936801 0.735992
vt 0.943943 0.720901
vt 0.945443 0.724095
vt 0.960002 0.715688
vt 0.959428 0.719550
vt 0.976058 0.720909
vt 0.973413 0.724093
vt 0.985978 0.734571
vt 0.982057 0.735989
vt 0.985974 0.751454
vt 0.982059 0.750693
vt 0.982760 0.750921
vt 0.973850 0.763187
vt 0.982759 0.735760
vt 0.973847 0.723496
vt 0.959428 0.718812
vt 0.945009 0.723498
vt 0.936099 0.735764
vt 0.936100 0.750925
vt 0.945012 0.763190
vt 0.959432 0.767874
vt 0.355084 0.579123
vt 0.405399 0.595544
vt 0.367455 0.579124
vt 0.379825 0.579124
vt 0.392195 0.579124
vt 0.404566 0.579124
vt 0.355918 0.595544
vt 0.368288 0.595544
vt 0.380658 0.595544
vt 0.393029 0.595544
vt 0.417770 0.581349
vt 0.367455 0.564929
vt 0.405399 0.581349
vt 0.393029 0.581349
vt 0.380658 0.581349
vt 0.368288 0.581349
vt 0.416936 0.564929
vt 0.404566 0.564929
vt 0.392195 0.564929
vt 0.379825 0.564929
vt 0.355084 0.565929
vt 0.417770 0.595544
vt 0.355084 0.564928
vt 0.355917 0.582350
vt 0.416936 0.579125
vt 0.355918 0.581349
vn 0.000001 0.587785 0.809017
vn 0.000001 0.587785 0.809017
vn 0.000000 0.587785 0.809017
vn 0.000000 0.587785 0.809017
vn 0.000001 0.000000 1.000000
vn 0.000001 0.000000 1.000000
vn 0.000000 0.000000 1.000000
vn 0.000000 0.000000 1.000000
vn 0.000000 -0.587778 0.809022
vn 0.000000 -0.587778 0.809022
vn 0.000000 -0.587784 0.809018
vn 0.000000 -0.587784 0.809018
vn 0.000000 -0.951057 0.309014
vn 0.000000 -0.951057 0.309014
vn 0.000000 -0.951057 0.309017
vn 0.000000 -0.951057 0.309017
vn -0.000002 -0.951057 -0.309014
vn -0.000002 -0.951057 -0.309014
vn -0.000000 -0.951057 -0.309017
vn -0.000000 -0.951057 -0.309017
vn 0.000002 -0.587778 -0.809022
vn 0.000002 -0.587778 -0.809022
vn 0.000000 -0.587784 -0.809018
vn 0.000000 -0.587784 -0.809018
vn 0.000002 0.000000 -1.000000
vn 0.000002 0.000000 -1.000000
vn 0.000000 0.000000 -1.000000
vn 0.000000 0.000000 -1.000000
vn 0.000001 0.587785 -0.809017
vn 0.000001 0.587786 -0.809017
vn 0.000000 0.587786 -0.809017
vn 0.000000 0.587785 -0.809017
vn -0.000000 0.973574 -0.228371
vn -0.000000 0.973574 -0.228371
vn -0.000000 0.973575 -0.228368
vn -0.000000 0.973575 -0.228368
vn 0.000000 0.973574 0.228371
vn 0.000000 0.973574 0.228371
vn 0.000000 0.973575 0.228368
vn 0.000000 0.973575 0.228368
vn -1.000000 0.000000 -0.000001
vn -1.000000 0.000000 -0.000001
vn -1.000000 0.000000 -0.000001
vn -1.000000 0.000000 -0.000001
vn -1.000000 0.000000 -0.000001
vn -1.000000 0.000000 -0.000001
vn -1.000000 0.000000 -0.000001
vn -1.000000 0.000000 -0.000001
vn -1.000000 0.000000 -0.000001
vn -1.000000 0.000000 -0.000001
vn -0.000000 0.587785 -0.809017
vn -0.000000 0.587785 -0.809017
vn -0.000000 0.000000 -1.000000
vn -0.000000 0.000000 -1.000000
vn -0.000000 -0.587784 -0.809018
vn -0.000000 -0.587784 -0.809018
vn -0.000000 -0.951057 -0.309017
vn -0.000000 -0.951057 -0.309017
vn 0.000000 -0.951057 0.309017
vn 0.000000 -0.951057 0.309017
vn 0.000000 -0.587784 0.809018
vn 0.000000 -0.587784 0.809018
vn 0.000000 0.000000 1.000000
vn 0.000000 0.000000 1.000000
vn 0.000000 0.587785 0.809017
vn 0.000000 0.587785 0.809017
vn 0.000000 0.973575 0.228368
vn 0.000000 0.973575 0.228368
vn -0.000000 0.973575 -0.228368
vn -0.000000 0.973575 -0.228368
vn -1.000000 0.000000 0.000000
vn -1.000000 0.000000 0.000000
vn -1.000000 0.000000 0.000000
vn -1.000000 0.000000 0.000000
vn -1.000000 0.000000 -0.000001
vn -1.000000 0.000000 -0.000001
vn -1.000000 0.000000 -0.000001
vn -1.000000 0.000000 -0.000001
vn -1.000000 0.000000 0.000001
vn -1.000000 0.000000 0.000001
vn -1.000000 0.000000 0.000001
vn -1.000000 0.000000 0.000001
vn -1.000000 0.000000 0.000000
vn -1.000000 0.000000 0.000000
vn -1.000000 0.000000 0.000000
vn -1.000000 0.000000 0.000000
vn -1.000000 0.000000 0.000000
vn -1.000000 0.000000 0.000000
vn -1.000000 0.000000 0.000000
vn -1.000000 0.000000 0.000000
vn -1.000000 0.000000 -0.000003
vn -1.000000 0.000000 -0.000003
vn -1.000000 0.000000 -0.000003
vn -1.000000 0.000000 -0.000003
vn -1.000000 0.000000 -0.000001
vn -1.000000 0.000000 -0.000001
vn -1.000000 0.000000 -0.000001
vn -1.000000 0.000000 -0.000001
vn -1.000000 0.000000 0.000001
vn -1.000000 0.000000 0.000001
vn -1.000000 0.000000 0.000001
vn -1.000000 0.000000 0.000001
vn -1.000000 0.000000 -0.000003
vn -1.000000 0.000000 -0.000003
vn -1.000000 0.000000 -0.000003
vn -1.000000 0.000000 -0.000003
vn -1.000000 0.000000 0.000003
vn -1.000000 0.000000 0.000003
vn -1.000000 0.000000 0.000003
vn -1.000000 0.000000 0.000003
vn 0.999999 0.000805 0.000584
vn 0.976303 0.177609 0.123639
vn 0.978563 0.063640 0.195867
vn 0.999999 0.000308 0.000946
vn 1.000000 0.000995 -0.000001
vn 0.972084 0.234633 0.000001
vn 0.978563 -0.063642 0.195867
vn 0.999999 -0.000308 0.000946
vn 0.978563 -0.166612 0.121054
vn 1.000000 -0.000805 0.000585
vn 0.978564 -0.205943 0.000002
vn 0.999999 -0.000995 -0.000000
vn 0.978563 -0.166612 -0.121053
vn 1.000000 -0.000805 -0.000586
vn 0.978563 -0.063642 -0.195869
vn 1.000000 -0.000308 -0.000947
vn 0.978563 0.063640 -0.195867
vn 1.000000 0.000308 -0.000947
vn 0.976304 0.177609 -0.123637
vn 0.999999 0.000805 -0.000586
vn 0.977288 0.065486 -0.201544
vn 0.974817 0.181605 -0.129425
vn 0.977287 -0.065484 -0.201547
vn 0.977288 -0.171442 -0.124560
vn 0.977289 -0.211911 0.000001
vn 0.977288 -0.171442 0.124560
vn 0.977288 -0.065484 0.201546
vn 0.977288 0.065486 0.201544
vn 0.974817 0.181605 0.129427
vn 0.969916 0.243439 0.000001
s 1
g Gun Gun_Bullet2
usemtl Gun_Bullet7
f 902/1419/1870 903/1427/1871 929/1340/1872 930/1341/1873
s 2
f 903/1427/1874 904/1426/1875 928/1343/1876 929/1340/1877
s 3
f 904/1426/1878 905/1425/1879 927/1345/1880 928/1343/1881
s 4
f 905/1425/1882 906/1424/1883 926/1347/1884 927/1345/1885
s 5
f 906/1433/1886 907/1423/1887 925/1349/1888 926/1431/1889
s 6
f 907/1423/1890 908/1422/1891 924/1351/1892 925/1349/1893
s 7
f 908/1422/1894 909/1421/1895 923/1353/1896 924/1351/1897
s 8
f 909/1421/1898 910/1420/1899 922/1355/1900 923/1353/1901
s 9
f 910/1420/1902 911/1418/1903 931/1357/1904 922/1355/1905
s 10
f 911/1430/1906 902/1419/1907 930/1341/1908 931/1428/1909
s off
f 933/1358/1910 932/1359/1911 934/1360/1912 935/1361/1913 936/1362/1914 937/1363/1915 938/1364/1916 939/1365/1917 940/1366/1918 941/1367/1919
s 8
f 923/1353/1901 922/1355/1900 912/1409/1920 913/1417/1921
s 7
f 924/1351/1897 923/1353/1896 913/1417/1922 914/1416/1923
s 6
f 925/1349/1893 924/1351/1892 914/1416/1924 915/1415/1925
s 5
f 926/1431/1889 925/1349/1888 915/1415/1926 916/1414/1927
s 4
f 927/1345/1885 926/1347/1884 916/1432/1928 917/1413/1929
s 3
f 928/1343/1881 927/1345/1880 917/1413/1930 918/1412/1931
s 2
f 929/1340/1877 928/1343/1876 918/1412/1932 919/1411/1933
s 1
f 930/1341/1873 929/1340/1872 919/1411/1934 920/1410/1935
s 10
f 931/1428/1909 930/1341/1908 920/1410/1936 921/1408/1937
s 9
f 922/1355/1905 931/1357/1904 921/1429/1938 912/1409/1939
s off
f 910/1354/1940 909/1352/1941 932/1359/1942 933/1358/1943
f 909/1352/1944 908/1350/1945 934/1360/1946 932/1359/1947
f 908/1350/1948 907/1348/1949 935/1361/1950 934/1360/1951
f 907/1348/1952 906/1346/1953 936/1362/1954 935/1361/1955
f 906/1346/1956 905/1344/1957 937/1363/1958 936/1362/1959
f 905/1344/1960 904/1342/1961 938/1364/1962 937/1363/1963
f 904/1342/1964 903/1339/1965 939/1365/1966 938/1364/1967
f 903/1339/1968 902/1338/1969 940/1366/1970 939/1365/1971
f 902/1338/1972 911/1356/1973 941/1367/1974 940/1366/1975
f 911/1356/1976 910/1354/1977 933/1358/1978 941/1367/1979
s 11
f 942/1378/1980 943/1407/1981 945/1406/1982 944/1381/1983
f 943/1407/1981 942/1378/1980 960/1382/1984 961/1399/1985
f 944/1381/1983 945/1406/1982 947/1405/1986 946/1385/1987
f 946/1385/1987 947/1405/1986 949/1404/1988 948/1387/1989
f 948/1387/1989 949/1404/1988 951/1403/1990 950/1389/1991
f 950/1389/1991 951/1403/1990 953/1402/1992 952/1391/1993
f 952/1391/1993 953/1402/1992 955/1401/1994 954/1393/1995
f 954/1393/1995 955/1401/1994 957/1400/1996 956/1395/1997
f 956/1395/1997 957/1400/1996 959/1398/1998 958/1397/1999
f 958/1397/1999 959/1398/1998 961/1399/1985 960/1382/1984
f 960/1382/1984 942/1378/1980 944/1381/1983 946/1385/1987 948/1387/1989 950/1389/1991 952/1391/1993 954/1393/1995 956/1395/1997 958/1397/1999
f 913/1369/2000 912/1368/2001 959/1396/1998 957/1394/1996
f 914/1370/2002 913/1369/2000 957/1394/1996 955/1392/1994
f 915/1371/2003 914/1370/2002 955/1392/1994 953/1390/1992
f 916/1372/2004 915/1371/2003 953/1390/1992 951/1388/1990
f 917/1373/2005 916/1372/2004 951/1388/1990 949/1386/1988
f 918/1374/2006 917/1373/2005 949/1386/1988 947/1384/1986
f 919/1375/2007 918/1374/2006 947/1384/1986 945/1380/1982
f 920/1376/2008 919/1375/2007 945/1380/1982 943/1379/1981
f 921/1377/2009 920/1376/2008 943/1379/1981 961/1383/1985
f 912/1368/2001 921/1377/2009 961/1383/1985 959/1396/1998
g default
v -0.233460 21.151157 -0.752515
v -0.233460 20.727243 -0.444524
v -0.233460 20.203256 -0.444524
v -0.233460 19.779341 -0.752516
v -0.233460 19.617420 -1.250856
v -0.233460 19.779341 -1.749197
v -0.233460 20.203256 -2.057189
v -0.233460 20.727243 -2.057189
v -0.233460 21.151157 -1.749197
v -0.233460 21.313071 -1.250856
v 0.367817 21.151157 -1.749197
v 0.367817 20.727243 -2.057189
v 0.367817 20.203256 -2.057189
v 0.367817 19.779341 -1.749197
v 0.367817 19.617420 -1.250856
v 0.367817 19.779341 -0.752516
v 0.367817 20.203256 -0.444524
v 0.367817 20.727243 -0.444524
v 0.367817 21.151157 -0.752515
v 0.367817 21.313071 -1.250856
v -0.191059 21.151157 -1.749197
v -0.191059 20.727243 -2.057189
v -0.191059 20.203256 -2.057189
v -0.191059 19.779341 -1.749197
v -0.191059 19.617420 -1.250856
v -0.191059 19.779341 -0.752516
v -0.191059 20.203256 -0.444524
v -0.191059 20.727243 -0.444524
v -0.191059 21.151157 -0.752515
v -0.191059 21.313071 -1.250856
v -0.233460 20.632825 -1.766614
v -0.233460 20.903978 -1.569612
v -0.233460 20.297666 -1.766614
v -0.233460 20.026521 -1.569612
v -0.233460 19.922952 -1.250856
v -0.233460 20.026521 -0.932101
v -0.233460 20.297666 -0.735099
v -0.233460 20.632825 -0.735099
v -0.233460 20.903978 -0.932101
v -0.233460 21.007547 -1.250856
v 0.410222 20.984836 -0.873355
v 0.408102 21.000854 -0.861714
v 0.410222 20.663709 -0.640047
v 0.408102 20.669830 -0.621211
v 0.410222 20.266783 -0.640047
v 0.408102 20.260662 -0.621211
v 0.410222 19.945663 -0.873355
v 0.408102 19.929646 -0.861714
v 0.410222 19.823007 -1.250856
v 0.408102 19.803201 -1.250856
v 0.410222 19.945663 -1.628358
v 0.408102 19.929646 -1.639999
v 0.410222 20.266783 -1.861666
v 0.408102 20.260662 -1.880501
v 0.410222 20.663709 -1.861666
v 0.408102 20.669830 -1.880501
v 0.410222 20.984836 -1.628358
v 0.408102 21.000854 -1.639999
v 0.410222 21.107491 -1.250856
v 0.408102 21.127290 -1.250856
vt 0.725556 0.196000
vt 0.725305 0.193114
vt 0.444311 0.565784
vt 0.431941 0.565783
vt 0.723407 0.190927
vt 0.456681 0.565784
vt 0.720585 0.190274
vt 0.469052 0.565784
vt 0.717918 0.191404
vt 0.481422 0.565784
vt 0.716425 0.193885
vt 0.432289 0.582204
vt 0.716675 0.196771
vt 0.444660 0.582204
vt 0.718574 0.198958
vt 0.457030 0.582204
vt 0.721396 0.199611
vt 0.469400 0.582204
vt 0.724063 0.198481
vt 0.481771 0.582204
vt 0.721250 0.197929
vt 0.719445 0.197511
vt 0.718230 0.196112
vt 0.718070 0.194266
vt 0.719025 0.192679
vt 0.720731 0.191956
vt 0.722536 0.192374
vt 0.723751 0.193773
vt 0.723911 0.195619
vt 0.722956 0.197206
vt 0.994642 0.670970
vt 0.994642 0.649232
vt 0.981864 0.631645
vt 0.961189 0.624928
vt 0.940516 0.631646
vt 0.927739 0.649233
vt 0.927739 0.670971
vt 0.940517 0.688557
vt 0.961191 0.695274
vt 0.981865 0.688556
vt 0.960628 0.684231
vt 0.961184 0.687420
vt 0.945127 0.682199
vt 0.946642 0.679688
vt 0.974612 0.679685
vt 0.977242 0.682206
vt 0.935207 0.668537
vt 0.937998 0.667792
vt 0.935211 0.651653
vt 0.937997 0.653087
vt 0.945139 0.637996
vt 0.946639 0.641190
vt 0.961198 0.632783
vt 0.960624 0.636645
vt 0.977254 0.638004
vt 0.974609 0.641188
vt 0.987174 0.651666
vt 0.983253 0.653084
vt 0.987170 0.668550
vt 0.983254 0.667788
vt 0.983957 0.668016
vt 0.975046 0.680282
vt 0.983955 0.652856
vt 0.975043 0.640591
vt 0.960624 0.635907
vt 0.946205 0.640593
vt 0.937295 0.652859
vt 0.937296 0.668020
vt 0.946208 0.680285
vt 0.960627 0.684969
vt 0.419570 0.578977
vt 0.469400 0.595398
vt 0.431940 0.578978
vt 0.444311 0.578978
vt 0.456681 0.578978
vt 0.469051 0.578978
vt 0.419919 0.595398
vt 0.432289 0.595398
vt 0.444660 0.595398
vt 0.457030 0.595398
vt 0.481771 0.581203
vt 0.431941 0.564783
vt 0.469400 0.581203
vt 0.457030 0.581203
vt 0.444660 0.581203
vt 0.432289 0.581203
vt 0.481422 0.564783
vt 0.469052 0.564783
vt 0.456681 0.564783
vt 0.444311 0.564783
vt 0.419570 0.565783
vt 0.481771 0.595398
vt 0.419570 0.564782
vt 0.419919 0.582204
vt 0.481422 0.578978
vt 0.419919 0.581203
vn 0.000001 0.587785 0.809017
vn 0.000001 0.587785 0.809017
vn 0.000000 0.587785 0.809017
vn 0.000000 0.587785 0.809017
vn 0.000001 0.000000 1.000000
vn 0.000001 0.000000 1.000000
vn 0.000000 0.000000 1.000000
vn 0.000000 0.000000 1.000000
vn 0.000000 -0.587778 0.809022
vn 0.000000 -0.587778 0.809022
vn 0.000000 -0.587784 0.809018
vn 0.000000 -0.587784 0.809018
vn 0.000000 -0.951057 0.309014
vn 0.000000 -0.951057 0.309014
vn 0.000000 -0.951057 0.309017
vn 0.000000 -0.951057 0.309017
vn -0.000002 -0.951057 -0.309014
vn -0.000002 -0.951057 -0.309014
vn -0.000000 -0.951057 -0.309017
vn -0.000000 -0.951057 -0.309017
vn 0.000002 -0.587778 -0.809022
vn 0.000002 -0.587778 -0.809022
vn 0.000000 -0.587784 -0.809018
vn 0.000000 -0.587784 -0.809018
vn 0.000002 0.000000 -1.000000
vn 0.000002 0.000000 -1.000000
vn 0.000000 0.000000 -1.000000
vn 0.000000 0.000000 -1.000000
vn 0.000001 0.587785 -0.809017
vn 0.000001 0.587786 -0.809017
vn 0.000000 0.587786 -0.809017
vn 0.000000 0.587785 -0.809017
vn -0.000000 0.951062 -0.309001
vn -0.000000 0.951062 -0.309001
vn -0.000000 0.951060 -0.309005
vn -0.000000 0.951060 -0.309005
vn 0.000000 0.951062 0.309000
vn 0.000000 0.951062 0.309000
vn 0.000000 0.951060 0.309005
vn 0.000000 0.951060 0.309005
vn -1.000000 0.000000 -0.000001
vn -1.000000 0.000000 -0.000001
vn -1.000000 0.000000 -0.000001
vn -1.000000 0.000000 -0.000001
vn -1.000000 0.000000 -0.000001
vn -1.000000 0.000000 -0.000001
vn -1.000000 0.000000 -0.000001
vn -1.000000 0.000000 -0.000001
vn -1.000000 0.000000 -0.000001
vn -1.000000 0.000000 -0.000001
vn -0.000000 0.587785 -0.809017
vn -0.000000 0.587785 -0.809017
vn -0.000000 0.000000 -1.000000
vn -0.000000 0.000000 -1.000000
vn -0.000000 -0.587784 -0.809018
vn -0.000000 -0.587784 -0.809018
vn -0.000000 -0.951057 -0.309017
vn -0.000000 -0.951057 -0.309017
vn 0.000000 -0.951057 0.309017
vn 0.000000 -0.951057 0.309017
vn 0.000000 -0.587784 0.809018
vn 0.000000 -0.587784 0.809018
vn 0.000000 0.000000 1.000000
vn 0.000000 0.000000 1.000000
vn 0.000000 0.587785 0.809017
vn 0.000000 0.587785 0.809017
vn 0.000000 0.951060 0.309006
vn 0.000000 0.951060 0.309006
vn -0.000000 0.951060 -0.309006
vn -0.000000 0.951060 -0.309006
vn -1.000000 0.000000 0.000000
vn -1.000000 0.000000 0.000000
vn -1.000000 0.000000 0.000000
vn -1.000000 0.000000 0.000000
vn -1.000000 0.000000 -0.000001
vn -1.000000 0.000000 -0.000001
vn -1.000000 0.000000 -0.000001
vn -1.000000 0.000000 -0.000001
vn -1.000000 0.000000 0.000001
vn -1.000000 0.000000 0.000001
vn -1.000000 0.000000 0.000001
vn -1.000000 0.000000 0.000001
vn -1.000000 0.000000 0.000000
vn -1.000000 0.000000 0.000000
vn -1.000000 0.000000 0.000000
vn -1.000000 0.000000 0.000000
vn -1.000000 0.000000 0.000000
vn -1.000000 0.000000 0.000000
vn -1.000000 0.000000 0.000000
vn -1.000000 0.000000 0.000000
vn -1.000000 0.000000 -0.000003
vn -1.000000 0.000000 -0.000003
vn -1.000000 0.000000 -0.000003
vn -1.000000 0.000000 -0.000003
vn -1.000000 0.000000 -0.000001
vn -1.000000 0.000000 -0.000001
vn -1.000000 0.000000 -0.000001
vn -1.000000 0.000000 -0.000001
vn -1.000000 0.000000 0.000001
vn -1.000000 0.000000 0.000001
vn -1.000000 0.000000 0.000001
vn -1.000000 0.000000 0.000001
vn -1.000000 0.000000 0.000000
vn -1.000000 0.000000 0.000000
vn -1.000000 0.000000 0.000000
vn -1.000000 0.000000 0.000000
vn -1.000000 0.000000 0.000003
vn -1.000000 0.000000 0.000003
vn -1.000000 0.000000 0.000003
vn -1.000000 0.000000 0.000003
vn 0.999999 0.000805 0.000584
vn 0.978563 0.166613 0.121053
vn 0.978563 0.063640 0.195867
vn 0.999999 0.000308 0.000946
vn 1.000000 0.000995 -0.000001
vn 0.978563 0.205946 0.000001
vn 0.978563 -0.063642 0.195867
vn 0.999999 -0.000308 0.000946
vn 0.978563 -0.166612 0.121054
vn 1.000000 -0.000805 0.000585
vn 0.978564 -0.205943 0.000002
vn 0.999999 -0.000995 -0.000000
vn 0.978563 -0.166612 -0.121053
vn 1.000000 -0.000805 -0.000586
vn 0.978563 -0.063642 -0.195869
vn 1.000000 -0.000308 -0.000947
vn 0.978563 0.063640 -0.195867
vn 1.000000 0.000308 -0.000947
vn 0.978564 0.166613 -0.121052
vn 0.999999 0.000805 -0.000586
vn 0.977288 0.065486 -0.201544
vn 0.977289 0.171441 -0.124558
vn 0.977287 -0.065484 -0.201547
vn 0.977288 -0.171442 -0.124560
vn 0.977289 -0.211911 0.000001
vn 0.977288 -0.171442 0.124560
vn 0.977288 -0.065484 0.201546
vn 0.977288 0.065486 0.201544
vn 0.977289 0.171441 0.124560
vn 0.977289 0.211913 0.000001
s 1
g Gun Gun_Bullet3
usemtl Gun_Bullet7
f 962/1515/2010 963/1523/2011 989/1436/2012 990/1437/2013
s 2
f 963/1523/2014 964/1522/2015 988/1439/2016 989/1436/2017
s 3
f 964/1522/2018 965/1521/2019 987/1441/2020 988/1439/2021
s 4
f 965/1521/2022 966/1520/2023 986/1443/2024 987/1441/2025
s 5
f 966/1529/2026 967/1519/2027 985/1445/2028 986/1527/2029
s 6
f 967/1519/2030 968/1518/2031 984/1447/2032 985/1445/2033
s 7
f 968/1518/2034 969/1517/2035 983/1449/2036 984/1447/2037
s 8
f 969/1517/2038 970/1516/2039 982/1451/2040 983/1449/2041
s 9
f 970/1516/2042 971/1514/2043 991/1453/2044 982/1451/2045
s 10
f 971/1526/2046 962/1515/2047 990/1437/2048 991/1524/2049
s off
f 993/1454/2050 992/1455/2051 994/1456/2052 995/1457/2053 996/1458/2054 997/1459/2055 998/1460/2056 999/1461/2057 1000/1462/2058 1001/1463/2059
s 8
f 983/1449/2041 982/1451/2040 972/1505/2060 973/1513/2061
s 7
f 984/1447/2037 983/1449/2036 973/1513/2062 974/1512/2063
s 6
f 985/1445/2033 984/1447/2032 974/1512/2064 975/1511/2065
s 5
f 986/1527/2029 985/1445/2028 975/1511/2066 976/1510/2067
s 4
f 987/1441/2025 986/1443/2024 976/1528/2068 977/1509/2069
s 3
f 988/1439/2021 987/1441/2020 977/1509/2070 978/1508/2071
s 2
f 989/1436/2017 988/1439/2016 978/1508/2072 979/1507/2073
s 1
f 990/1437/2013 989/1436/2012 979/1507/2074 980/1506/2075
s 10
f 991/1524/2049 990/1437/2048 980/1506/2076 981/1504/2077
s 9
f 982/1451/2045 991/1453/2044 981/1525/2078 972/1505/2079
s off
f 970/1450/2080 969/1448/2081 992/1455/2082 993/1454/2083
f 969/1448/2084 968/1446/2085 994/1456/2086 992/1455/2087
f 968/1446/2088 967/1444/2089 995/1457/2090 994/1456/2091
f 967/1444/2092 966/1442/2093 996/1458/2094 995/1457/2095
f 966/1442/2096 965/1440/2097 997/1459/2098 996/1458/2099
f 965/1440/2100 964/1438/2101 998/1460/2102 997/1459/2103
f 964/1438/2104 963/1435/2105 999/1461/2106 998/1460/2107
f 963/1435/2108 962/1434/2109 1000/1462/2110 999/1461/2111
f 962/1434/2112 971/1452/2113 1001/1463/2114 1000/1462/2115
f 971/1452/2116 970/1450/2117 993/1454/2118 1001/1463/2119
s 11
f 1002/1474/2120 1003/1503/2121 1005/1502/2122 1004/1477/2123
f 1003/1503/2121 1002/1474/2120 1020/1478/2124 1021/1495/2125
f 1004/1477/2123 1005/1502/2122 1007/1501/2126 1006/1481/2127
f 1006/1481/2127 1007/1501/2126 1009/1500/2128 1008/1483/2129
f 1008/1483/2129 1009/1500/2128 1011/1499/2130 1010/1485/2131
f 1010/1485/2131 1011/1499/2130 1013/1498/2132 1012/1487/2133
f 1012/1487/2133 1013/1498/2132 1015/1497/2134 1014/1489/2135
f 1014/1489/2135 1015/1497/2134 1017/1496/2136 1016/1491/2137
f 1016/1491/2137 1017/1496/2136 1019/1494/2138 1018/1493/2139
f 1018/1493/2139 1019/1494/2138 1021/1495/2125 1020/1478/2124
f 1020/1478/2124 1002/1474/2120 1004/1477/2123 1006/1481/2127 1008/1483/2129 1010/1485/2131 1012/1487/2133 1014/1489/2135 1016/1491/2137 1018/1493/2139
f 973/1465/2140 972/1464/2141 1019/1492/2138 1017/1490/2136
f 974/1466/2142 973/1465/2140 1017/1490/2136 1015/1488/2134
f 975/1467/2143 974/1466/2142 1015/1488/2134 1013/1486/2132
f 976/1468/2144 975/1467/2143 1013/1486/2132 1011/1484/2130
f 977/1469/2145 976/1468/2144 1011/1484/2130 1009/1482/2128
f 978/1470/2146 977/1469/2145 1009/1482/2128 1007/1480/2126
f 979/1471/2147 978/1470/2146 1007/1480/2126 1005/1476/2122
f 980/1472/2148 979/1471/2147 1005/1476/2122 1003/1475/2121
f 981/1473/2149 980/1472/2148 1003/1475/2121 1021/1479/2125
f 972/1464/2141 981/1473/2149 1021/1479/2125 1019/1492/2138
g default
v -0.233460 22.252928 0.805432
v -0.233460 21.829014 1.113424
v -0.233460 21.305027 1.113424
v -0.233460 20.881111 0.805432
v -0.233460 20.719191 0.307091
v -0.233460 20.881111 -0.191250
v -0.233460 21.305027 -0.499241
v -0.233460 21.829014 -0.499241
v -0.233460 22.252928 -0.191249
v -0.233460 22.414842 0.307091
v 0.367817 22.279860 -0.124836
v 0.367817 21.829014 -0.499241
v 0.367817 21.305027 -0.499241
v 0.367817 20.881111 -0.191250
v 0.367817 20.719191 0.307091
v 0.367817 20.881111 0.805432
v 0.367817 21.305027 1.113424
v 0.367817 21.829014 1.113424
v 0.367817 22.279860 0.739019
v 0.367817 22.352088 0.307091
v -0.191059 22.252928 -0.191249
v -0.191059 21.829014 -0.499241
v -0.191059 21.305027 -0.499241
v -0.191059 20.881111 -0.191250
v -0.191059 20.719191 0.307091
v -0.191059 20.881111 0.805432
v -0.191059 21.305027 1.113424
v -0.191059 21.829014 1.113424
v -0.191059 22.252928 0.805432
v -0.191059 22.414842 0.307091
v -0.233460 21.734596 -0.208666
v -0.233460 22.005749 -0.011664
v -0.233460 21.399437 -0.208666
v -0.233460 21.128292 -0.011664
v -0.233460 21.024723 0.307091
v -0.233460 21.128292 0.625847
v -0.233460 21.399437 0.822849
v -0.233460 21.734596 0.822849
v -0.233460 22.005749 0.625847
v -0.233460 22.109318 0.307091
v 0.410222 22.086607 0.684593
v 0.408102 22.102624 0.696234
v 0.410222 21.765479 0.917901
v 0.408102 21.771600 0.936736
v 0.410222 21.368553 0.917901
v 0.408102 21.362432 0.936736
v 0.410222 21.047434 0.684593
v 0.408102 21.031416 0.696234
v 0.410222 20.924778 0.307091
v 0.408102 20.904972 0.307091
v 0.410222 21.047434 -0.070410
v 0.408102 21.031416 -0.082051
v 0.410222 21.368553 -0.303718
v 0.408102 21.362432 -0.322554
v 0.410222 21.765479 -0.303718
v 0.408102 21.771600 -0.322554
v 0.410222 22.086607 -0.070410
v 0.408102 22.102624 -0.082051
v 0.410222 22.209261 0.307091
v 0.408102 22.229061 0.307091
vt 0.725239 0.185291
vt 0.724989 0.182405
vt 0.510028 0.564660
vt 0.497657 0.564660
vt 0.723090 0.180218
vt 0.522398 0.564660
vt 0.720268 0.179565
vt 0.534769 0.564660
vt 0.717601 0.180695
vt 0.547139 0.564661
vt 0.716108 0.183176
vt 0.498006 0.581081
vt 0.716358 0.186062
vt 0.510376 0.581080
vt 0.718257 0.188249
vt 0.522747 0.581081
vt 0.721079 0.188903
vt 0.535117 0.581080
vt 0.723746 0.187773
vt 0.547488 0.581080
vt 0.720933 0.187220
vt 0.719128 0.186802
vt 0.717913 0.185403
vt 0.717753 0.183558
vt 0.718708 0.181970
vt 0.720414 0.181247
vt 0.722219 0.181665
vt 0.723434 0.183064
vt 0.723594 0.184910
vt 0.722638 0.186497
vt 0.914589 0.667024
vt 0.914589 0.645286
vt 0.901811 0.627699
vt 0.881136 0.620983
vt 0.860463 0.627701
vt 0.847686 0.645287
vt 0.847686 0.667026
vt 0.860464 0.684612
vt 0.881138 0.691329
vt 0.901812 0.684611
vt 0.880575 0.680285
vt 0.881130 0.683474
vt 0.865074 0.678253
vt 0.866589 0.675742
vt 0.894559 0.675740
vt 0.897189 0.678261
vt 0.855153 0.664591
vt 0.857945 0.663846
vt 0.855158 0.647707
vt 0.857944 0.649142
vt 0.865086 0.634051
vt 0.866586 0.637245
vt 0.881145 0.628837
vt 0.880571 0.632699
vt 0.897201 0.634058
vt 0.894556 0.637242
vt 0.907121 0.647720
vt 0.903200 0.649138
vt 0.907117 0.664604
vt 0.903201 0.663843
vt 0.903903 0.664071
vt 0.894993 0.676337
vt 0.903902 0.648910
vt 0.894990 0.636645
vt 0.880571 0.631961
vt 0.866152 0.636647
vt 0.857242 0.648914
vt 0.857243 0.664074
vt 0.866155 0.676339
vt 0.880575 0.681023
vt 0.485287 0.577854
vt 0.535117 0.594275
vt 0.497657 0.577854
vt 0.510028 0.577854
vt 0.522398 0.577854
vt 0.534768 0.577855
vt 0.485636 0.594275
vt 0.498006 0.594275
vt 0.510377 0.594275
vt 0.522747 0.594275
vt 0.547488 0.580079
vt 0.497657 0.563659
vt 0.535117 0.580079
vt 0.522747 0.580080
vt 0.510377 0.580079
vt 0.498006 0.580080
vt 0.547139 0.563660
vt 0.534769 0.563660
vt 0.522398 0.563659
vt 0.510028 0.563659
vt 0.485287 0.564660
vt 0.547488 0.594275
vt 0.485287 0.563659
vt 0.485636 0.581081
vt 0.547139 0.577855
vt 0.485636 0.580080
vn 0.000001 0.587785 0.809017
vn 0.000001 0.587785 0.809017
vn 0.029874 0.613002 0.789517
vn 0.030003 0.613108 0.789429
vn 0.000001 0.000000 1.000000
vn 0.000001 0.000000 1.000000
vn 0.000000 0.000000 1.000000
vn 0.000000 0.000000 1.000000
vn 0.000000 -0.587778 0.809022
vn 0.000000 -0.587778 0.809022
vn 0.000000 -0.587784 0.809018
vn 0.000000 -0.587784 0.809018
vn 0.000000 -0.951057 0.309014
vn 0.000000 -0.951057 0.309014
vn 0.000000 -0.951057 0.309017
vn 0.000000 -0.951057 0.309017
vn -0.000002 -0.951057 -0.309014
vn -0.000002 -0.951057 -0.309014
vn -0.000000 -0.951057 -0.309017
vn -0.000000 -0.951057 -0.309017
vn 0.000002 -0.587778 -0.809022
vn 0.000002 -0.587778 -0.809022
vn 0.000000 -0.587784 -0.809018
vn 0.000000 -0.587784 -0.809018
vn 0.000002 0.000000 -1.000000
vn 0.000002 0.000000 -1.000000
vn 0.000000 0.000000 -1.000000
vn 0.000000 0.000000 -1.000000
vn 0.000001 0.587785 -0.809017
vn 0.000001 0.587786 -0.809017
vn 0.030003 0.613109 -0.789429
vn 0.029874 0.613002 -0.789516
vn -0.000000 0.951062 -0.309001
vn -0.000000 0.951062 -0.309001
vn 0.041989 0.967600 -0.248974
vn 0.041781 0.967531 -0.249277
vn 0.000000 0.951062 0.309000
vn 0.000000 0.951062 0.309000
vn 0.041780 0.967531 0.249276
vn 0.041989 0.967600 0.248973
vn -1.000000 0.000000 -0.000001
vn -1.000000 0.000000 -0.000001
vn -1.000000 0.000000 -0.000001
vn -1.000000 0.000000 -0.000001
vn -1.000000 0.000000 -0.000001
vn -1.000000 0.000000 -0.000001
vn -1.000000 0.000000 -0.000001
vn -1.000000 0.000000 -0.000001
vn -1.000000 0.000000 -0.000001
vn -1.000000 0.000000 -0.000001
vn 0.032011 0.614763 -0.788062
vn 0.032011 0.614763 -0.788062
vn -0.000000 0.000000 -1.000000
vn -0.000000 0.000000 -1.000000
vn -0.000000 -0.587784 -0.809018
vn -0.000000 -0.587784 -0.809018
vn -0.000000 -0.951057 -0.309017
vn -0.000000 -0.951057 -0.309017
vn 0.000000 -0.951057 0.309017
vn 0.000000 -0.951057 0.309017
vn 0.000000 -0.587784 0.809018
vn 0.000000 -0.587784 0.809018
vn 0.000000 0.000000 1.000000
vn 0.000000 0.000000 1.000000
vn 0.032011 0.614763 0.788062
vn 0.032011 0.614763 0.788062
vn 0.045533 0.968749 0.243827
vn 0.045533 0.968749 0.243827
vn 0.045533 0.968749 -0.243828
vn 0.045533 0.968749 -0.243828
vn -1.000000 0.000000 0.000000
vn -1.000000 0.000000 0.000000
vn -1.000000 0.000000 0.000000
vn -1.000000 0.000000 0.000000
vn -1.000000 0.000000 -0.000001
vn -1.000000 0.000000 -0.000001
vn -1.000000 0.000000 -0.000001
vn -1.000000 0.000000 -0.000001
vn -1.000000 0.000000 0.000001
vn -1.000000 0.000000 0.000001
vn -1.000000 0.000000 0.000001
vn -1.000000 0.000000 0.000001
vn -1.000000 0.000000 0.000000
vn -1.000000 0.000000 0.000000
vn -1.000000 0.000000 0.000000
vn -1.000000 0.000000 0.000000
vn -1.000000 0.000000 0.000000
vn -1.000000 0.000000 0.000000
vn -1.000000 0.000000 0.000000
vn -1.000000 0.000000 0.000000
vn -1.000000 0.000000 -0.000003
vn -1.000000 0.000000 -0.000003
vn -1.000000 0.000000 -0.000003
vn -1.000000 0.000000 -0.000003
vn -1.000000 0.000000 -0.000001
vn -1.000000 0.000000 -0.000001
vn -1.000000 0.000000 -0.000001
vn -1.000000 0.000000 -0.000001
vn -1.000000 0.000000 0.000001
vn -1.000000 0.000000 0.000001
vn -1.000000 0.000000 0.000001
vn -1.000000 0.000000 0.000001
vn -1.000000 0.000000 0.000000
vn -1.000000 0.000000 0.000000
vn -1.000000 0.000000 0.000000
vn -1.000000 0.000000 0.000000
vn -1.000000 0.000000 0.000003
vn -1.000000 0.000000 0.000003
vn -1.000000 0.000000 0.000003
vn -1.000000 0.000000 0.000003
vn 0.999999 0.000805 0.000584
vn 0.973224 0.180690 0.142080
vn 0.976599 0.072409 0.202511
vn 0.999999 0.000308 0.000946
vn 1.000000 0.000995 -0.000001
vn 0.970579 0.240783 -0.000000
vn 0.978563 -0.063642 0.195867
vn 0.999999 -0.000308 0.000946
vn 0.978563 -0.166612 0.121054
vn 1.000000 -0.000805 0.000585
vn 0.978564 -0.205943 0.000002
vn 0.999999 -0.000995 -0.000000
vn 0.978563 -0.166612 -0.121053
vn 1.000000 -0.000805 -0.000586
vn 0.978563 -0.063642 -0.195869
vn 1.000000 -0.000308 -0.000947
vn 0.976599 0.072409 -0.202511
vn 1.000000 0.000308 -0.000947
vn 0.973224 0.180690 -0.142079
vn 0.999999 0.000805 -0.000586
vn 0.975183 0.072876 -0.209063
vn 0.970817 0.208140 -0.119132
vn 0.977287 -0.065484 -0.201547
vn 0.977288 -0.171442 -0.124560
vn 0.977289 -0.211911 0.000001
vn 0.977288 -0.171442 0.124560
vn 0.977288 -0.065484 0.201546
vn 0.975183 0.072876 0.209064
vn 0.970817 0.208139 0.119133
vn 0.967967 0.251076 -0.000000
s 1
g Gun Gun_Bullet4
usemtl Gun_Bullet7
f 1022/1611/2150 1023/1619/2151 1049/1532/2152 1050/1533/2153
s 2
f 1023/1619/2154 1024/1618/2155 1048/1535/2156 1049/1532/2157
s 3
f 1024/1618/2158 1025/1617/2159 1047/1537/2160 1048/1535/2161
s 4
f 1025/1617/2162 1026/1616/2163 1046/1539/2164 1047/1537/2165
s 5
f 1026/1625/2166 1027/1615/2167 1045/1541/2168 1046/1623/2169
s 6
f 1027/1615/2170 1028/1614/2171 1044/1543/2172 1045/1541/2173
s 7
f 1028/1614/2174 1029/1613/2175 1043/1545/2176 1044/1543/2177
s 8
f 1029/1613/2178 1030/1612/2179 1042/1547/2180 1043/1545/2181
s 9
f 1030/1612/2182 1031/1610/2183 1051/1549/2184 1042/1547/2185
s 10
f 1031/1622/2186 1022/1611/2187 1050/1533/2188 1051/1620/2189
s off
f 1053/1550/2190 1052/1551/2191 1054/1552/2192 1055/1553/2193 1056/1554/2194 1057/1555/2195 1058/1556/2196 1059/1557/2197 1060/1558/2198 1061/1559/2199
s 8
f 1043/1545/2181 1042/1547/2180 1032/1601/2200 1033/1609/2201
s 7
f 1044/1543/2177 1043/1545/2176 1033/1609/2202 1034/1608/2203
s 6
f 1045/1541/2173 1044/1543/2172 1034/1608/2204 1035/1607/2205
s 5
f 1046/1623/2169 1045/1541/2168 1035/1607/2206 1036/1606/2207
s 4
f 1047/1537/2165 1046/1539/2164 1036/1624/2208 1037/1605/2209
s 3
f 1048/1535/2161 1047/1537/2160 1037/1605/2210 1038/1604/2211
s 2
f 1049/1532/2157 1048/1535/2156 1038/1604/2212 1039/1603/2213
s 1
f 1050/1533/2153 1049/1532/2152 1039/1603/2214 1040/1602/2215
s 10
f 1051/1620/2189 1050/1533/2188 1040/1602/2216 1041/1600/2217
s 9
f 1042/1547/2185 1051/1549/2184 1041/1621/2218 1032/1601/2219
s off
f 1030/1546/2220 1029/1544/2221 1052/1551/2222 1053/1550/2223
f 1029/1544/2224 1028/1542/2225 1054/1552/2226 1052/1551/2227
f 1028/1542/2228 1027/1540/2229 1055/1553/2230 1054/1552/2231
f 1027/1540/2232 1026/1538/2233 1056/1554/2234 1055/1553/2235
f 1026/1538/2236 1025/1536/2237 1057/1555/2238 1056/1554/2239
f 1025/1536/2240 1024/1534/2241 1058/1556/2242 1057/1555/2243
f 1024/1534/2244 1023/1531/2245 1059/1557/2246 1058/1556/2247
f 1023/1531/2248 1022/1530/2249 1060/1558/2250 1059/1557/2251
f 1022/1530/2252 1031/1548/2253 1061/1559/2254 1060/1558/2255
f 1031/1548/2256 1030/1546/2257 1053/1550/2258 1061/1559/2259
s 11
f 1062/1570/2260 1063/1599/2261 1065/1598/2262 1064/1573/2263
f 1063/1599/2261 1062/1570/2260 1080/1574/2264 1081/1591/2265
f 1064/1573/2263 1065/1598/2262 1067/1597/2266 1066/1577/2267
f 1066/1577/2267 1067/1597/2266 1069/1596/2268 1068/1579/2269
f 1068/1579/2269 1069/1596/2268 1071/1595/2270 1070/1581/2271
f 1070/1581/2271 1071/1595/2270 1073/1594/2272 1072/1583/2273
f 1072/1583/2273 1073/1594/2272 1075/1593/2274 1074/1585/2275
f 1074/1585/2275 1075/1593/2274 1077/1592/2276 1076/1587/2277
f 1076/1587/2277 1077/1592/2276 1079/1590/2278 1078/1589/2279
f 1078/1589/2279 1079/1590/2278 1081/1591/2265 1080/1574/2264
f 1080/1574/2264 1062/1570/2260 1064/1573/2263 1066/1577/2267 1068/1579/2269 1070/1581/2271 1072/1583/2273 1074/1585/2275 1076/1587/2277 1078/1589/2279
f 1033/1561/2280 1032/1560/2281 1079/1588/2278 1077/1586/2276
f 1034/1562/2282 1033/1561/2280 1077/1586/2276 1075/1584/2274
f 1035/1563/2283 1034/1562/2282 1075/1584/2274 1073/1582/2272
f 1036/1564/2284 1035/1563/2283 1073/1582/2272 1071/1580/2270
f 1037/1565/2285 1036/1564/2284 1071/1580/2270 1069/1578/2268
f 1038/1566/2286 1037/1565/2285 1069/1578/2268 1067/1576/2266
f 1039/1567/2287 1038/1566/2286 1067/1576/2266 1065/1572/2262
f 1040/1568/2288 1039/1567/2287 1065/1572/2262 1063/1571/2261
f 1041/1569/2289 1040/1568/2288 1063/1571/2261 1081/1575/2265
f 1032/1560/2281 1041/1569/2289 1081/1575/2265 1079/1588/2278
g default
v -0.233460 24.851971 -0.752515
v -0.233460 24.428057 -0.444524
v -0.233460 23.904070 -0.444524
v -0.233460 23.480155 -0.752516
v -0.233460 23.318234 -1.250856
v -0.233460 23.480155 -1.749197
v -0.233460 23.904070 -2.057189
v -0.233460 24.428057 -2.057189
v -0.233460 24.851971 -1.749197
v -0.233460 25.013885 -1.250856
v 0.367817 24.851971 -1.749197
v 0.367817 24.428057 -2.057189
v 0.367817 23.904070 -2.057189
v 0.367817 23.480155 -1.749197
v 0.367817 23.318234 -1.250856
v 0.367817 23.480155 -0.752516
v 0.367817 23.904070 -0.444524
v 0.367817 24.428057 -0.444524
v 0.367817 24.851971 -0.752515
v 0.367817 25.013885 -1.250856
v -0.191059 24.851971 -1.749197
v -0.191059 24.428057 -2.057189
v -0.191059 23.904070 -2.057189
v -0.191059 23.480155 -1.749197
v -0.191059 23.318234 -1.250856
v -0.191059 23.480155 -0.752516
v -0.191059 23.904070 -0.444524
v -0.191059 24.428057 -0.444524
v -0.191059 24.851971 -0.752515
v -0.191059 25.013885 -1.250856
v -0.233460 24.333640 -1.766614
v -0.233460 24.604792 -1.569612
v -0.233460 23.998480 -1.766614
v -0.233460 23.727336 -1.569612
v -0.233460 23.623767 -1.250856
v -0.233460 23.727336 -0.932101
v -0.233460 23.998480 -0.735099
v -0.233460 24.333640 -0.735099
v -0.233460 24.604792 -0.932101
v -0.233460 24.708361 -1.250856
v 0.410222 24.685651 -0.873355
v 0.408102 24.701668 -0.861714
v 0.410222 24.364523 -0.640047
v 0.408102 24.370644 -0.621211
v 0.410222 23.967597 -0.640047
v 0.408102 23.961476 -0.621211
v 0.410222 23.646477 -0.873355
v 0.408102 23.630460 -0.861714
v 0.410222 23.523821 -1.250856
v 0.408102 23.504015 -1.250856
v 0.410222 23.646477 -1.628358
v 0.408102 23.630460 -1.639999
v 0.410222 23.967597 -1.861666
v 0.408102 23.961476 -1.880501
v 0.410222 24.364523 -1.861666
v 0.408102 24.370644 -1.880501
v 0.410222 24.685651 -1.628358
v 0.408102 24.701668 -1.639999
v 0.410222 24.808305 -1.250856
v 0.408102 24.828105 -1.250856
vt 0.693288 0.182793
vt 0.691536 0.180486
vt 0.380002 0.531317
vt 0.367631 0.531317
vt 0.688763 0.179650
vt 0.392372 0.531318
vt 0.686028 0.180603
vt 0.404743 0.531318
vt 0.684376 0.182982
vt 0.417113 0.531318
vt 0.684437 0.185878
vt 0.367530 0.549064
vt 0.686189 0.188184
vt 0.379901 0.549064
vt 0.688962 0.189021
vt 0.392271 0.549064
vt 0.691697 0.188067
vt 0.404641 0.549064
vt 0.693349 0.185689
vt 0.417012 0.549064
vt 0.690676 0.186722
vt 0.688926 0.187332
vt 0.687152 0.186797
vt 0.686032 0.185322
vt 0.685993 0.183470
vt 0.687050 0.181948
vt 0.688799 0.181338
vt 0.690573 0.181873
vt 0.691693 0.183349
vt 0.691732 0.185201
vt 0.913333 0.751908
vt 0.913333 0.730170
vt 0.900555 0.712584
vt 0.879880 0.705867
vt 0.859207 0.712585
vt 0.846430 0.730171
vt 0.846430 0.751910
vt 0.859208 0.769496
vt 0.879882 0.776213
vt 0.900556 0.769495
vt 0.879319 0.765169
vt 0.879874 0.768358
vt 0.863818 0.763137
vt 0.865333 0.760626
vt 0.893303 0.760624
vt 0.895933 0.763145
vt 0.853897 0.749475
vt 0.856689 0.748730
vt 0.853902 0.732591
vt 0.856688 0.734026
vt 0.863830 0.718935
vt 0.865330 0.722129
vt 0.879888 0.713721
vt 0.879315 0.717584
vt 0.895944 0.718942
vt 0.893300 0.722126
vt 0.905865 0.732604
vt 0.901944 0.734022
vt 0.905861 0.749488
vt 0.901945 0.748727
vt 0.902647 0.748955
vt 0.893737 0.761221
vt 0.902646 0.733794
vt 0.893734 0.721529
vt 0.879315 0.716845
vt 0.864896 0.721532
vt 0.855986 0.733798
vt 0.855987 0.748958
vt 0.864899 0.761223
vt 0.879318 0.765907
vt 0.355261 0.544511
vt 0.404641 0.562258
vt 0.367631 0.544511
vt 0.380002 0.544511
vt 0.392372 0.544512
vt 0.404742 0.544512
vt 0.355160 0.562258
vt 0.367530 0.562258
vt 0.379901 0.562258
vt 0.392271 0.562258
vt 0.417012 0.548063
vt 0.367631 0.530316
vt 0.404642 0.548063
vt 0.392271 0.548063
vt 0.379901 0.548063
vt 0.367530 0.548063
vt 0.417113 0.530317
vt 0.404743 0.530317
vt 0.392372 0.530317
vt 0.380002 0.530316
vt 0.355261 0.531317
vt 0.417012 0.562258
vt 0.355261 0.530316
vt 0.355160 0.549064
vt 0.417113 0.544512
vt 0.355160 0.548063
vn 0.000001 0.587785 0.809017
vn 0.000001 0.587785 0.809017
vn 0.000000 0.587785 0.809017
vn 0.000000 0.587785 0.809017
vn 0.000001 0.000000 1.000000
vn 0.000001 0.000000 1.000000
vn 0.000000 0.000000 1.000000
vn 0.000000 0.000000 1.000000
vn 0.000000 -0.587778 0.809022
vn 0.000000 -0.587778 0.809022
vn 0.000000 -0.587784 0.809018
vn 0.000000 -0.587784 0.809018
vn 0.000000 -0.951057 0.309014
vn 0.000000 -0.951057 0.309014
vn 0.000000 -0.951057 0.309017
vn 0.000000 -0.951057 0.309017
vn -0.000002 -0.951057 -0.309014
vn -0.000002 -0.951057 -0.309014
vn -0.000000 -0.951057 -0.309017
vn -0.000000 -0.951057 -0.309017
vn 0.000002 -0.587778 -0.809022
vn 0.000002 -0.587778 -0.809022
vn 0.000000 -0.587784 -0.809018
vn 0.000000 -0.587784 -0.809018
vn 0.000002 0.000000 -1.000000
vn 0.000002 0.000000 -1.000000
vn 0.000000 0.000000 -1.000000
vn 0.000000 0.000000 -1.000000
vn 0.000001 0.587785 -0.809017
vn 0.000001 0.587786 -0.809017
vn 0.000000 0.587786 -0.809017
vn 0.000000 0.587785 -0.809017
vn -0.000000 0.951062 -0.309001
vn -0.000000 0.951062 -0.309001
vn -0.000000 0.951060 -0.309005
vn -0.000000 0.951060 -0.309005
vn 0.000000 0.951062 0.309000
vn 0.000000 0.951062 0.309000
vn 0.000000 0.951060 0.309005
vn 0.000000 0.951060 0.309005
vn -1.000000 0.000000 -0.000001
vn -1.000000 0.000000 -0.000001
vn -1.000000 0.000000 -0.000001
vn -1.000000 0.000000 -0.000001
vn -1.000000 0.000000 -0.000001
vn -1.000000 0.000000 -0.000001
vn -1.000000 0.000000 -0.000001
vn -1.000000 0.000000 -0.000001
vn -1.000000 0.000000 -0.000001
vn -1.000000 0.000000 -0.000001
vn -0.000000 0.587785 -0.809017
vn -0.000000 0.587785 -0.809017
vn -0.000000 0.000000 -1.000000
vn -0.000000 0.000000 -1.000000
vn -0.000000 -0.587784 -0.809018
vn -0.000000 -0.587784 -0.809018
vn -0.000000 -0.951057 -0.309017
vn -0.000000 -0.951057 -0.309017
vn 0.000000 -0.951057 0.309017
vn 0.000000 -0.951057 0.309017
vn 0.000000 -0.587784 0.809018
vn 0.000000 -0.587784 0.809018
vn 0.000000 0.000000 1.000000
vn 0.000000 0.000000 1.000000
vn 0.000000 0.587785 0.809017
vn 0.000000 0.587785 0.809017
vn 0.000000 0.951060 0.309006
vn 0.000000 0.951060 0.309006
vn -0.000000 0.951060 -0.309006
vn -0.000000 0.951060 -0.309006
vn -1.000000 0.000000 0.000000
vn -1.000000 0.000000 0.000000
vn -1.000000 0.000000 0.000000
vn -1.000000 0.000000 0.000000
vn -1.000000 0.000000 -0.000001
vn -1.000000 0.000000 -0.000001
vn -1.000000 0.000000 -0.000001
vn -1.000000 0.000000 -0.000001
vn -1.000000 0.000000 0.000001
vn -1.000000 0.000000 0.000001
vn -1.000000 0.000000 0.000001
vn -1.000000 0.000000 0.000001
vn -1.000000 0.000000 0.000000
vn -1.000000 0.000000 0.000000
vn -1.000000 0.000000 0.000000
vn -1.000000 0.000000 0.000000
vn -1.000000 0.000000 0.000000
vn -1.000000 0.000000 0.000000
vn -1.000000 0.000000 0.000000
vn -1.000000 0.000000 0.000000
vn -1.000000 0.000000 -0.000003
vn -1.000000 0.000000 -0.000003
vn -1.000000 0.000000 -0.000003
vn -1.000000 0.000000 -0.000003
vn -1.000000 0.000000 -0.000001
vn -1.000000 0.000000 -0.000001
vn -1.000000 0.000000 -0.000001
vn -1.000000 0.000000 -0.000001
vn -1.000000 0.000000 0.000001
vn -1.000000 0.000000 0.000001
vn -1.000000 0.000000 0.000001
vn -1.000000 0.000000 0.000001
vn -1.000000 0.000000 0.000000
vn -1.000000 0.000000 0.000000
vn -1.000000 0.000000 0.000000
vn -1.000000 0.000000 0.000000
vn -1.000000 0.000000 0.000003
vn -1.000000 0.000000 0.000003
vn -1.000000 0.000000 0.000003
vn -1.000000 0.000000 0.000003
vn 0.999999 0.000805 0.000584
vn 0.978563 0.166613 0.121053
vn 0.978563 0.063640 0.195867
vn 0.999999 0.000308 0.000946
vn 1.000000 0.000995 -0.000001
vn 0.978563 0.205946 0.000001
vn 0.978563 -0.063642 0.195867
vn 0.999999 -0.000308 0.000946
vn 0.978563 -0.166612 0.121054
vn 1.000000 -0.000805 0.000585
vn 0.978564 -0.205943 0.000002
vn 0.999999 -0.000995 -0.000000
vn 0.978563 -0.166612 -0.121053
vn 1.000000 -0.000805 -0.000586
vn 0.978563 -0.063642 -0.195869
vn 1.000000 -0.000308 -0.000947
vn 0.978563 0.063640 -0.195867
vn 1.000000 0.000308 -0.000947
vn 0.978564 0.166613 -0.121052
vn 0.999999 0.000805 -0.000586
vn 0.977288 0.065486 -0.201544
vn 0.977289 0.171441 -0.124558
vn 0.977287 -0.065484 -0.201547
vn 0.977288 -0.171442 -0.124560
vn 0.977289 -0.211911 0.000001
vn 0.977288 -0.171442 0.124560
vn 0.977288 -0.065484 0.201546
vn 0.977288 0.065486 0.201544
vn 0.977289 0.171441 0.124560
vn 0.977289 0.211913 0.000001
s 1
g Gun Gun_Bullet5
usemtl Gun_Bullet7
f 1082/1707/2290 1083/1715/2291 1109/1628/2292 1110/1629/2293
s 2
f 1083/1715/2294 1084/1714/2295 1108/1631/2296 1109/1628/2297
s 3
f 1084/1714/2298 1085/1713/2299 1107/1633/2300 1108/1631/2301
s 4
f 1085/1713/2302 1086/1712/2303 1106/1635/2304 1107/1633/2305
s 5
f 1086/1721/2306 1087/1711/2307 1105/1637/2308 1106/1719/2309
s 6
f 1087/1711/2310 1088/1710/2311 1104/1639/2312 1105/1637/2313
s 7
f 1088/1710/2314 1089/1709/2315 1103/1641/2316 1104/1639/2317
s 8
f 1089/1709/2318 1090/1708/2319 1102/1643/2320 1103/1641/2321
s 9
f 1090/1708/2322 1091/1706/2323 1111/1645/2324 1102/1643/2325
s 10
f 1091/1718/2326 1082/1707/2327 1110/1629/2328 1111/1716/2329
s off
f 1113/1646/2330 1112/1647/2331 1114/1648/2332 1115/1649/2333 1116/1650/2334 1117/1651/2335 1118/1652/2336 1119/1653/2337 1120/1654/2338 1121/1655/2339
s 8
f 1103/1641/2321 1102/1643/2320 1092/1697/2340 1093/1705/2341
s 7
f 1104/1639/2317 1103/1641/2316 1093/1705/2342 1094/1704/2343
s 6
f 1105/1637/2313 1104/1639/2312 1094/1704/2344 1095/1703/2345
s 5
f 1106/1719/2309 1105/1637/2308 1095/1703/2346 1096/1702/2347
s 4
f 1107/1633/2305 1106/1635/2304 1096/1720/2348 1097/1701/2349
s 3
f 1108/1631/2301 1107/1633/2300 1097/1701/2350 1098/1700/2351
s 2
f 1109/1628/2297 1108/1631/2296 1098/1700/2352 1099/1699/2353
s 1
f 1110/1629/2293 1109/1628/2292 1099/1699/2354 1100/1698/2355
s 10
f 1111/1716/2329 1110/1629/2328 1100/1698/2356 1101/1696/2357
s 9
f 1102/1643/2325 1111/1645/2324 1101/1717/2358 1092/1697/2359
s off
f 1090/1642/2360 1089/1640/2361 1112/1647/2362 1113/1646/2363
f 1089/1640/2364 1088/1638/2365 1114/1648/2366 1112/1647/2367
f 1088/1638/2368 1087/1636/2369 1115/1649/2370 1114/1648/2371
f 1087/1636/2372 1086/1634/2373 1116/1650/2374 1115/1649/2375
f 1086/1634/2376 1085/1632/2377 1117/1651/2378 1116/1650/2379
f 1085/1632/2380 1084/1630/2381 1118/1652/2382 1117/1651/2383
f 1084/1630/2384 1083/1627/2385 1119/1653/2386 1118/1652/2387
f 1083/1627/2388 1082/1626/2389 1120/1654/2390 1119/1653/2391
f 1082/1626/2392 1091/1644/2393 1121/1655/2394 1120/1654/2395
f 1091/1644/2396 1090/1642/2397 1113/1646/2398 1121/1655/2399
s 11
f 1122/1666/2400 1123/1695/2401 1125/1694/2402 1124/1669/2403
f 1123/1695/2401 1122/1666/2400 1140/1670/2404 1141/1687/2405
f 1124/1669/2403 1125/1694/2402 1127/1693/2406 1126/1673/2407
f 1126/1673/2407 1127/1693/2406 1129/1692/2408 1128/1675/2409
f 1128/1675/2409 1129/1692/2408 1131/1691/2410 1130/1677/2411
f 1130/1677/2411 1131/1691/2410 1133/1690/2412 1132/1679/2413
f 1132/1679/2413 1133/1690/2412 1135/1689/2414 1134/1681/2415
f 1134/1681/2415 1135/1689/2414 1137/1688/2416 1136/1683/2417
f 1136/1683/2417 1137/1688/2416 1139/1686/2418 1138/1685/2419
f 1138/1685/2419 1139/1686/2418 1141/1687/2405 1140/1670/2404
f 1140/1670/2404 1122/1666/2400 1124/1669/2403 1126/1673/2407 1128/1675/2409 1130/1677/2411 1132/1679/2413 1134/1681/2415 1136/1683/2417 1138/1685/2419
f 1093/1657/2420 1092/1656/2421 1139/1684/2418 1137/1682/2416
f 1094/1658/2422 1093/1657/2420 1137/1682/2416 1135/1680/2414
f 1095/1659/2423 1094/1658/2422 1135/1680/2414 1133/1678/2412
f 1096/1660/2424 1095/1659/2423 1133/1678/2412 1131/1676/2410
f 1097/1661/2425 1096/1660/2424 1131/1676/2410 1129/1674/2408
f 1098/1662/2426 1097/1661/2425 1129/1674/2408 1127/1672/2406
f 1099/1663/2427 1098/1662/2426 1127/1672/2406 1125/1668/2402
f 1100/1664/2428 1099/1663/2427 1125/1668/2402 1123/1667/2401
f 1101/1665/2429 1100/1664/2428 1123/1667/2401 1141/1671/2405
f 1092/1656/2421 1101/1665/2429 1141/1671/2405 1139/1684/2418
g default
v 7.852728 5.469404 1.461229
v 2.450173 16.510351 0.684451
v 2.450177 16.510351 -3.183478
v 7.852728 5.469404 -3.960256
v 1.793884 14.632593 0.421373
v 1.793884 14.477709 -0.417015
v 7.653534 21.601438 0.424353
v 7.653534 21.601438 -0.317842
v 5.794668 5.476338 -2.484812
v 5.794501 5.475303 -3.346499
v 14.180627 5.358488 -2.490205
v 14.180778 5.357652 -3.352423
v 12.942899 5.436782 1.659414
v 6.067869 20.889601 0.690307
v 12.362411 7.481170 1.269971
v 6.067547 20.889734 -3.189340
v 5.853947 21.142320 -0.314549
v 12.943083 5.437238 -4.158376
v 9.689283 15.593997 -3.448840
v 12.999400 5.106491 -2.515027
v 12.999400 5.106491 -3.383660
v 10.640005 5.390054 1.644965
v 3.972767 19.258011 0.750444
v 9.931482 7.387775 1.278929
v 3.971647 19.258264 -3.249508
v 3.747629 19.485726 -0.338026
v 10.640094 5.390212 -4.143959
v 8.368303 15.000211 -3.316502
v 10.427974 4.972923 -2.515029
v 10.670047 5.052106 -3.383660
v 7.831834 7.345554 1.144958
v 2.196070 16.681372 -0.464791
v 7.018620 14.177898 -3.183479
v 7.991454 5.046257 -2.441617
v 7.785140 5.149957 -3.261182
v 10.454886 13.385303 0.802195
v 9.689284 15.593997 0.949809
v 8.927228 12.815300 0.802195
v 8.368303 15.000211 0.817482
v 7.490943 12.075361 0.684449
v 7.018620 14.177898 0.684448
v 5.959304 11.325415 0.287516
v 5.959304 11.325415 -0.417015
v 7.490943 12.075361 -3.183480
v 7.604756 9.655676 -3.203468
v 8.927228 12.815300 -3.301227
v 9.408296 9.929745 -3.320557
v 10.455014 13.385287 -3.301227
v 11.536643 10.299678 -3.318630
v 12.198641 13.436203 -2.081619
v 12.198285 13.436701 -2.786422
v 11.536478 10.299744 0.819586
v 9.408100 9.929832 0.821510
v 7.604756 9.655676 0.704447
v 6.060727 9.342809 0.308632
v 6.060727 9.342809 -0.403206
v 7.831636 7.345464 -3.644029
v 9.931853 7.387528 -3.778037
v 12.362620 7.481034 -3.769031
v 13.143774 10.544275 -2.087176
v 13.142937 10.546989 -2.796435
v 5.935209 7.221400 0.601334
v 5.935209 7.221400 -0.192609
v 13.824808 7.683815 -2.302931
v 13.824738 7.684199 -3.094338
v 5.553493 12.798540 0.287516
v 5.553493 12.798540 -0.417015
v 10.777902 15.940387 -2.150664
v 10.777779 15.940629 -2.881959
v 3.751425 19.488799 -2.157903
v 2.195826 16.680555 -2.033687
v 1.793887 14.632593 -2.920057
v 1.793884 14.477709 -2.082012
v 5.559201 12.795622 -2.792119
v 5.559201 12.795622 -2.077882
v 5.964524 11.314647 -2.797055
v 5.964524 11.314647 -2.074304
v 6.060646 9.336765 -2.813493
v 6.060646 9.336765 -2.092309
v 5.935114 7.220816 -3.100850
v 5.935114 7.220816 -2.306089
v 5.794480 5.475170 0.847521
v 5.794652 5.476239 -0.014156
v 7.783969 5.150273 0.763346
v 7.992436 5.046012 -0.056627
v 10.670047 5.052106 0.884754
v 10.427974 4.972923 0.016000
v 12.999400 5.106491 0.884753
v 12.999400 5.106491 0.016000
v 14.180778 5.357652 0.853518
v 14.180627 5.358488 -0.008820
v 13.824808 7.683815 0.595825
v 13.824738 7.684199 -0.195873
v 13.143774 10.544275 0.300181
v 13.142937 10.546989 -0.410112
v 12.198641 13.436203 0.288059
v 12.198285 13.436701 -0.417015
v 10.777902 15.940387 0.383281
v 10.777779 15.940629 -0.348179
v 7.653534 21.601438 -2.181185
v 7.653534 21.601438 -2.923259
v 5.856292 21.143251 -2.182853
v 3.977976 14.169537 0.629476
v 5.056126 15.707703 0.684449
v 6.305152 16.988386 0.864128
v 7.686759 18.205507 0.971325
v 8.670261 19.131430 0.397654
v 8.670193 19.131586 -0.337562
v 8.670261 19.131430 -2.161345
v 8.670193 19.131586 -2.896413
v 7.686663 18.205553 -3.470357
v 6.304821 16.988473 -3.363164
v 5.056126 15.707703 -3.183478
v 3.981109 14.167640 -3.132086
v 3.981109 14.167640 -2.079328
v 3.977976 14.169537 -0.417015
v 2.653566 14.359856 0.627724
v 3.559638 16.268113 0.684451
v 4.734889 18.532396 0.935818
v 6.693871 20.006117 1.004394
v 8.260991 21.063971 0.419745
v 8.260980 21.063998 -0.321246
v 8.260991 21.063971 -2.177760
v 8.260980 21.063998 -2.918625
v 6.693588 20.006235 -3.503426
v 4.733905 18.532621 -3.434878
v 3.559638 16.268113 -3.183478
v 2.654107 14.359529 -3.127269
v 2.654107 14.139465 -2.081549
v 2.653566 14.139791 -0.417015
v 13.683002 5.389473 1.177585
v 13.236748 7.602328 0.866913
v 12.497447 10.445944 0.509044
v 11.497440 13.415736 0.494804
v 10.340146 15.801096 0.611093
v 8.274774 18.759096 0.628339
v 7.630820 20.638587 0.654844
v 7.105750 21.437467 0.660373
v 7.019727 21.539091 -0.316518
v 7.020669 21.539466 -2.181855
v 7.105620 21.437522 -3.159330
v 7.630699 20.638649 -3.153785
v 8.274696 18.759211 -3.127207
v 10.340072 15.801240 -3.109913
v 11.497279 13.416027 -2.993436
v 12.497014 10.447541 -3.006420
v 13.236790 7.602502 -3.365646
v 13.683075 5.389656 -3.676513
v 6.440106 5.473361 1.040027
v 6.530137 7.260344 0.771857
v 6.545054 9.440948 0.432790
v 6.439744 11.560655 0.412025
v 6.013070 13.231213 0.412025
v 4.316168 14.652023 0.668693
v 3.035460 15.022294 0.803990
v 1.999748 15.115301 0.665724
v 1.920040 15.168947 -0.432001
v 1.919964 15.168691 -2.066854
v 1.999746 15.115301 -3.164668
v 3.035831 15.022069 -3.303373
v 4.318317 14.650723 -3.170180
v 6.016988 13.229212 -2.914880
v 6.443327 11.553266 -2.918267
v 6.544998 9.436800 -2.935819
v 6.530010 7.259915 -3.271233
v 6.440120 5.473453 -3.539020
vt 0.479666 0.337251
vt 0.656224 0.605450
vt 0.507715 0.325911
vt 0.488630 0.333608
vt 0.626817 0.604171
vt 0.499095 0.357657
vt 0.509657 0.427703
vt 0.357817 0.653214
vt 0.549058 0.583204
vt 0.364597 0.642214
vt 0.454822 0.282550
vt 0.640485 0.573363
vt 0.461900 0.308669
vt 0.452997 0.308706
vt 0.434261 0.281673
vt 0.437490 0.271232
vt 0.511463 0.386994
vt 0.610241 0.601885
vt 0.581839 0.291889
vt 0.590986 0.323708
vt 0.577415 0.327388
vt 0.571818 0.297976
vt 0.707422 0.604793
vt 0.696993 0.606404
vt 0.597711 0.365774
vt 0.583371 0.369421
vt 0.548863 0.602991
vt 0.355549 0.621029
vt 0.556229 0.596163
vt 0.556012 0.604436
vt 0.364451 0.621188
vt 0.364274 0.607058
vt 0.473738 0.607092
vt 0.473313 0.619566
vt 0.457806 0.619709
vt 0.572931 0.540304
vt 0.481332 0.619571
vt 0.481170 0.610125
vt 0.603590 0.529600
vt 0.491603 0.619627
vt 0.473300 0.643333
vt 0.457894 0.643202
vt 0.494911 0.425121
vt 0.501341 0.415954
vt 0.436483 0.491556
vt 0.458512 0.656495
vt 0.428771 0.511924
vt 0.421902 0.500012
vt 0.657926 0.580455
vt 0.640468 0.580086
vt 0.640471 0.599377
vt 0.657917 0.599023
vt 0.626820 0.581485
vt 0.369059 0.306360
vt 0.355038 0.307434
vt 0.353023 0.274387
vt 0.364502 0.276776
vt 0.344616 0.272902
vt 0.696995 0.573094
vt 0.706418 0.580065
vt 0.345674 0.307988
vt 0.677568 0.644830
vt 0.707411 0.615732
vt 0.696999 0.599627
vt 0.696998 0.579870
vt 0.545168 0.340166
vt 0.542718 0.309397
vt 0.678800 0.606411
vt 0.552879 0.376939
vt 0.424184 0.620020
vt 0.535904 0.531067
vt 0.424257 0.642960
vt 0.395749 0.277809
vt 0.403720 0.307622
vt 0.678812 0.573078
vt 0.466087 0.473064
vt 0.476323 0.484432
vt 0.676918 0.599609
vt 0.676927 0.579878
vt 0.517323 0.351219
vt 0.383841 0.621679
vt 0.383200 0.606580
vt 0.433666 0.308736
vt 0.485800 0.442199
vt 0.383388 0.656655
vt 0.527196 0.383563
vt 0.383901 0.641545
vt 0.599673 0.448400
vt 0.588841 0.449502
vt 0.586596 0.416220
vt 0.601192 0.410527
vt 0.575819 0.524456
vt 0.592386 0.527546
vt 0.563050 0.417495
vt 0.568090 0.449369
vt 0.541744 0.516931
vt 0.512828 0.494454
vt 0.545550 0.446418
vt 0.539709 0.416027
vt 0.498521 0.481420
vt 0.526442 0.439825
vt 0.517728 0.436773
vt 0.594756 0.601722
vt 0.522412 0.415422
vt 0.461790 0.389449
vt 0.454628 0.395253
vt 0.450262 0.370833
vt 0.457569 0.367874
vt 0.451134 0.340430
vt 0.458401 0.339470
vt 0.594756 0.596226
vt 0.610241 0.596332
vt 0.582838 0.596233
vt 0.594844 0.583294
vt 0.582870 0.583264
vt 0.418636 0.418209
vt 0.412724 0.386485
vt 0.434230 0.377296
vt 0.438890 0.407888
vt 0.399126 0.425275
vt 0.390105 0.393157
vt 0.435168 0.342519
vt 0.408746 0.344860
vt 0.388548 0.427863
vt 0.374449 0.392678
vt 0.377495 0.347970
vt 0.362761 0.349355
vt 0.363957 0.392347
vt 0.381426 0.429633
vt 0.565154 0.642893
vt 0.601676 0.642018
vt 0.601669 0.620901
vt 0.565151 0.620024
vt 0.352915 0.350252
vt 0.640269 0.642091
vt 0.626816 0.597978
vt 0.610288 0.583155
vt 0.640235 0.620817
vt 0.677566 0.618102
vt 0.556259 0.583326
vt 0.412030 0.505696
vt 0.420137 0.514087
vt 0.481332 0.643333
vt 0.491590 0.643277
vt 0.599995 0.321095
vt 0.607284 0.363311
vt 0.610968 0.406703
vt 0.606976 0.447684
vt 0.512948 0.468817
vt 0.505617 0.464556
vt 0.552985 0.487435
vt 0.528949 0.478080
vt 0.578326 0.495244
vt 0.590320 0.499144
vt 0.516643 0.619871
vt 0.598370 0.501742
vt 0.516646 0.643040
vt 0.407624 0.477698
vt 0.424341 0.464866
vt 0.414343 0.472555
vt 0.445613 0.449028
vt 0.465128 0.432167
vt 0.482544 0.411584
vt 0.477076 0.418062
vt 0.566565 0.583245
vt 0.566556 0.596258
vt 0.364537 0.656345
vt 0.513827 0.420527
vt 0.485495 0.488782
vt 0.499802 0.504238
vt 0.473746 0.655816
vt 0.481168 0.652777
vt 0.589899 0.541070
vt 0.598758 0.540221
vt 0.556020 0.575044
vt 0.566533 0.575026
vt 0.491535 0.652695
vt 0.491547 0.610209
vt 0.489394 0.474934
vt 0.566522 0.604429
vt 0.582866 0.577690
vt 0.516633 0.652369
vt 0.516637 0.610539
vt 0.582837 0.601732
vt 0.565155 0.610744
vt 0.601677 0.611957
vt 0.640271 0.611807
vt 0.677571 0.608059
vt 0.589268 0.287681
vt 0.570599 0.286508
vt 0.538206 0.298071
vt 0.501177 0.317172
vt 0.640485 0.606100
vt 0.610288 0.577530
vt 0.626821 0.575285
vt 0.594843 0.577656
vt 0.565149 0.652171
vt 0.490692 0.360599
vt 0.677563 0.654869
vt 0.640232 0.651088
vt 0.504300 0.388548
vt 0.514525 0.415134
vt 0.601668 0.650958
vt 0.479167 0.483414
vt 0.656250 0.574031
vt 0.396217 0.265625
vt 0.501350 0.447058
vt 0.423946 0.657312
vt 0.423875 0.605701
vt 0.361820 0.265557
vt 0.444508 0.505525
vt 0.458453 0.606435
vt 0.706417 0.573339
vt 0.464489 0.282988
vt 0.706415 0.606162
vt 0.706419 0.599434
vt 0.355703 0.642478
vt 0.548855 0.576500
vt 0.707409 0.647208
vt 0.707418 0.658145
vt 0.549077 0.596284
vt 0.357570 0.610257
vn -0.173174 -0.982239 0.072228
vn -0.095369 -0.971377 0.217560
vn -0.065406 -0.908012 0.413807
vn -0.128598 -0.897022 0.422863
vn -0.833357 0.137155 0.535448
vn -0.697824 0.154854 0.699330
vn -0.281711 0.156312 0.946681
vn -0.279847 0.153385 0.947712
vn -0.958299 0.243254 -0.149968
vn -0.963243 0.267401 -0.025680
vn -0.977276 0.211766 -0.009363
vn -0.976976 0.206814 -0.052409
vn -0.281647 0.156174 -0.946723
vn -0.698277 0.154660 -0.698920
vn -0.834571 0.136500 -0.533721
vn -0.279085 0.152923 -0.948012
vn -0.173200 -0.982233 -0.072249
vn -0.128538 -0.897237 -0.422427
vn -0.065446 -0.908075 -0.413663
vn -0.095307 -0.971392 -0.217516
vn -0.263932 0.072619 0.961804
vn -0.867959 0.052554 0.493848
vn 0.461282 0.218809 0.859850
vn 0.388425 0.216545 0.895675
vn 0.121937 0.198773 0.972430
vn 0.260016 0.226860 0.938577
vn 0.209359 -0.976158 0.057304
vn 0.200922 -0.895745 0.396574
vn 0.042302 -0.915401 0.400314
vn 0.080846 -0.978171 0.191431
vn 0.308148 0.162221 0.937405
vn 0.107458 0.142933 0.983882
vn -0.353908 -0.856750 0.375138
vn -0.360957 -0.930177 0.066934
vn -0.153255 -0.986807 0.052195
vn -0.201067 -0.810964 0.549464
vn -0.976978 0.206805 0.052407
vn -0.977280 0.211746 0.009364
vn -0.963240 0.267413 0.025673
vn -0.958300 0.243251 0.149965
vn -0.329931 0.926693 0.179962
vn -0.275360 0.959451 0.060258
vn -0.539629 0.835072 0.107029
vn -0.520588 0.809500 0.271472
vn 0.662638 0.748940 0.000000
vn 0.493874 0.495491 0.714547
vn 0.745920 0.278528 0.605000
vn 0.923674 0.383180 -0.000000
vn -0.275292 0.959480 -0.060101
vn -0.539439 0.835225 -0.106792
vn -0.354171 -0.856756 -0.374876
vn -0.181480 -0.167683 -0.968993
vn -0.032521 -0.031735 -0.998967
vn -0.201711 -0.811695 -0.548146
vn 0.000798 0.020550 -0.999789
vn -0.124996 0.184105 -0.974926
vn 0.071426 0.218144 -0.973299
vn 0.300295 0.149966 -0.941984
vn -0.102212 -0.994530 -0.021533
vn -0.188160 -0.982090 -0.009692
vn -0.188149 -0.982093 0.009664
vn -0.102142 -0.994536 0.021553
vn -0.996773 0.080266 0.000029
vn -0.997427 0.071687 -0.000003
vn 0.122187 0.198886 -0.972376
vn 0.388853 0.216873 -0.895410
vn 0.461472 0.218915 -0.859721
vn 0.260159 0.226914 -0.938524
vn 0.209360 -0.976153 -0.057389
vn 0.080857 -0.978134 -0.191616
vn 0.042356 -0.915272 -0.400603
vn 0.200897 -0.895583 -0.396954
vn 0.988494 0.151262 0.000004
vn 0.858074 0.196814 -0.474313
vn 0.878304 0.217395 -0.425818
vn 0.982026 0.188745 -0.000004
vn 0.208551 -0.978011 0.000123
vn 0.208551 -0.978011 -0.000123
vn 0.099819 -0.994983 0.006725
vn 0.099819 -0.994983 -0.006725
vn -0.038541 0.164918 0.985554
vn -0.014921 0.178753 0.983781
vn -0.018726 -0.913489 0.406432
vn -0.005566 -0.970643 0.240459
vn -0.034078 0.084999 0.995798
vn -0.772562 0.624553 0.114378
vn -0.729168 0.621836 0.285716
vn -0.772201 0.625029 -0.114211
vn -0.014921 0.178745 -0.983782
vn -0.038535 0.164916 -0.985555
vn -0.005565 -0.970624 -0.240536
vn -0.018707 -0.913453 -0.406514
vn -0.081478 0.018117 -0.996510
vn -0.106268 0.009771 -0.994289
vn 0.007861 -0.999736 0.021588
vn 0.007862 -0.999736 -0.021577
vn -0.127069 0.160924 0.978753
vn -0.135327 0.163717 0.977181
vn -0.916600 0.390873 0.084038
vn -0.880968 0.407433 0.240613
vn -0.126999 0.160882 -0.978769
vn -0.135158 0.163645 -0.977217
vn -0.043265 -0.003940 -0.999056
vn -0.061136 0.050377 -0.996857
vn -0.150809 0.078981 0.985403
vn -0.916559 0.390911 -0.084315
vn 0.348601 0.166986 0.922276
vn 0.138643 0.076383 0.987392
vn 0.099384 0.029716 0.994605
vn 0.303140 0.112673 0.946261
vn 0.071365 0.218111 0.973311
vn -0.125052 0.184078 0.974924
vn 0.000774 0.020549 0.999789
vn 0.300224 0.149940 0.942010
vn -0.046829 -0.017795 0.998744
vn -0.058147 -0.045567 0.997268
vn -0.106259 0.009811 0.994290
vn -0.081492 0.018100 0.996510
vn -0.060988 0.050254 0.996873
vn -0.043175 -0.004410 0.999058
vn -0.102493 -0.068904 0.992344
vn -0.126454 -0.013951 0.991874
vn -0.031935 -0.032522 0.998961
vn -0.181005 -0.167879 0.969048
vn -0.079213 -0.105334 0.991277
vn -0.584150 -0.552528 0.594542
vn -0.802688 -0.119232 0.584359
vn -0.232547 -0.031628 0.972071
vn -0.589410 -0.551912 -0.589906
vn -0.077525 -0.103022 -0.991653
vn -0.228748 -0.030813 -0.972998
vn -0.802535 -0.117168 -0.584986
vn -0.260949 0.072252 -0.962645
vn -0.870827 0.052148 -0.488816
vn -0.989656 -0.143458 -0.001163
vn -0.999894 0.014572 -0.000388
vn -0.814521 -0.580133 -0.000883
vn -0.989783 -0.142580 -0.001160
vn -0.815199 -0.579180 -0.000878
vn -0.058144 -0.045569 -0.997268
vn -0.046835 -0.017795 -0.998744
vn -0.124987 -0.013908 -0.992061
vn -0.101499 -0.068320 -0.992487
vn 0.138720 0.076429 -0.987378
vn 0.099519 0.029756 -0.994591
vn -0.149712 0.078801 -0.985584
vn -0.034077 0.085012 -0.995797
vn 0.348836 0.167090 -0.922168
vn 0.303844 0.112758 -0.946026
vn 0.107826 0.143040 -0.983826
vn 0.308980 0.162380 -0.937104
vn 0.759576 0.319601 -0.566480
vn 0.766238 0.448393 -0.460242
vn 0.849632 0.527376 -0.000000
vn 0.914996 0.403462 0.000000
vn 0.914992 0.403471 0.000000
vn 0.849630 0.527379 -0.000000
vn 0.838367 0.274447 -0.470977
vn 0.963299 0.268430 0.000006
vn -0.997430 0.071651 -0.000010
vn -0.999888 0.014992 -0.000383
vn 0.963288 0.268470 0.000005
vn -0.996772 0.080281 -0.000020
vn 0.982023 0.188763 -0.000006
vn -0.153452 -0.986804 -0.051673
vn -0.361006 -0.930158 -0.066939
vn 0.745862 0.278483 -0.605092
vn 0.493859 0.495442 -0.714592
vn 0.662638 0.748940 0.000000
vn 0.923671 0.383186 -0.000000
vn -0.520907 0.809623 -0.270491
vn -0.729852 0.621763 -0.284125
vn -0.881109 0.407843 -0.239397
vn 0.858223 0.196742 0.474073
vn 0.988494 0.151262 -0.000006
vn 0.878557 0.217272 0.425359
vn 0.838127 0.274220 0.471536
vn 0.759578 0.319842 0.566341
vn 0.766215 0.448422 0.460254
vn -0.330038 0.926700 -0.179729
vn 0.033071 -0.074713 0.996657
vn -0.292419 -0.783314 0.548553
vn -0.037074 -0.062014 0.997386
vn -0.034259 -0.101762 0.994219
vn 0.067759 0.006951 0.997678
vn 0.348295 0.194127 0.917064
vn 0.898437 0.439103 0.000000
vn 0.761134 0.394071 0.515153
vn 0.898435 0.439107 0.000000
vn 0.761153 0.394056 -0.515137
vn 0.067796 0.006970 -0.997675
vn 0.348423 0.194192 -0.917001
vn -0.037065 -0.062015 -0.997387
vn -0.033728 -0.100894 -0.994325
vn -0.295145 -0.783666 -0.546586
vn 0.033414 -0.072723 -0.996792
vn -0.420713 -0.907026 -0.017467
vn -0.419952 -0.907381 0.017336
vn -0.174734 0.982346 0.066816
vn -0.121318 0.992403 0.020456
vn -0.121267 0.992411 -0.020376
vn -0.174529 0.982379 -0.066862
s 1
g Gun_Handle
usemtl Gun_Handle2
f 1223/1722/2430 1225/1913/2431 1142/1724/2432 1290/1725/2433
s 2
f 1203/1919/2434 1223/1722/2435 1290/1725/2436 1291/1727/2437
s 3
f 1300/1888/2438 1213/1729/2439 1214/1938/2440 1299/1731/2441
s 2
f 1307/1732/2442 1151/1935/2443 1221/1734/2444 1306/1735/2445
s 1
f 1151/1935/2446 1307/1732/2447 1145/1736/2448 1176/1737/2449
s 2
f 1292/1738/2450 1196/1922/2451 1203/1919/2434 1291/1727/2437
f 1272/1740/2452 1273/1741/2453 1156/1742/2454 1154/1743/2455
s 1
f 1231/1910/2456 1272/1740/2457 1154/1743/2458 1229/1911/2459
s 2
f 1274/1746/2460 1193/1747/2461 1156/1742/2454 1273/1741/2453
f 1146/1748/2462 1147/1942/2463 1271/1750/2464 1258/1751/2465
s 3
f 1298/1752/2466 1147/1749/2467 1146/1943/2468 1297/1753/2469
f 1214/1938/2440 1147/1749/2467 1298/1752/2466 1299/1731/2441
f 1279/1754/2470 1280/1755/2471 1158/1756/2472 1155/1933/2473
s 2
f 1149/1758/2474 1148/1759/2475 1262/1899/2476 1263/1761/2477
s 3
f 1158/1756/2472 1280/1755/2471 1281/1762/2478 1243/1763/2479
s 2
f 1213/1889/2480 1300/1728/2481 1301/1764/2482 1269/1765/2483
f 1266/1766/2484 1157/1932/2485 1282/1768/2486 1283/1769/2487
s 1
f 1151/1733/2446 1176/1926/2449 1175/1770/2488 1150/1771/2489
f 1224/1772/2490 1150/1771/2489 1175/1770/2488 1226/1773/2491
s 2
f 1151/1733/2443 1150/1771/2492 1222/1774/2493 1221/1916/2444
f 1200/1775/2494 1288/1776/2495 1289/1777/2496 1159/1778/2497
s 1
f 1153/1779/2498 1162/1931/2499 1159/1778/2500 1289/1777/2501
s 2
f 1152/1940/2502 1153/1941/2503 1206/1920/2504 1205/1783/2505
s 1
f 1152/1781/2506 1232/1937/2507 1230/1785/2508 1161/1786/2509
f 1152/1781/2506 1161/1786/2509 1162/1780/2499 1153/1934/2498
s 2
f 1154/1743/2455 1156/1742/2454 1165/1787/2510 1163/1788/2511
s 1
f 1154/1743/2458 1163/1788/2512 1227/1912/2513 1229/1911/2459
s 2
f 1156/1742/2454 1193/1747/2461 1194/1790/2514 1165/1787/2510
s 3
f 1155/1933/2473 1158/1756/2472 1167/1791/2515 1164/1930/2516
f 1167/1791/2515 1158/1756/2472 1243/1763/2479 1211/1793/2517
s 2
f 1200/1775/2494 1159/1778/2497 1168/1794/2518 1199/1795/2519
s 1
f 1162/1931/2499 1171/1927/2520 1168/1794/2521 1159/1778/2500
s 2
f 1266/1766/2484 1267/1797/2522 1166/1798/2523 1157/1932/2485
s 1
f 1161/1786/2509 1230/1785/2508 1228/1799/2524 1170/1800/2525
f 1161/1786/2509 1170/1800/2525 1171/1796/2520 1162/1780/2499
f 1227/1912/2513 1163/1788/2512 1142/1724/2432 1225/1913/2431
s 2
f 1142/1724/2526 1163/1788/2511 1165/1787/2510 1172/1801/2527
s 3
f 1164/1930/2516 1167/1791/2515 1173/1802/2528 1143/1803/2529
s 2
f 1199/1795/2519 1168/1794/2518 1145/1736/2530 1198/1804/2531
s 1
f 1145/1736/2448 1168/1794/2521 1171/1927/2520 1176/1737/2449
s 2
f 1267/1797/2522 1268/1805/2532 1144/1928/2533 1166/1798/2523
s 1
f 1176/1926/2449 1171/1796/2520 1170/1800/2525 1175/1770/2488
s 2
f 1165/1787/2510 1194/1790/2514 1195/1807/2534 1172/1801/2527
s 3
f 1212/1808/2535 1173/1802/2528 1167/1791/2515 1211/1793/2517
s 1
f 1226/1773/2491 1175/1770/2488 1170/1800/2525 1228/1799/2524
s 2
f 1276/1809/2536 1178/1810/2537 1177/1811/2538 1275/1812/2539
f 1279/1894/2540 1155/1757/2541 1261/1813/2542 1278/1814/2543
f 1179/1815/2544 1177/1811/2538 1178/1810/2537 1180/1816/2545
f 1164/1792/2546 1260/1817/2547 1261/1813/2542 1155/1757/2541
f 1143/1891/2548 1259/1818/2549 1260/1817/2547 1164/1792/2546
f 1179/1815/2544 1180/1816/2545 1182/1819/2550 1181/1820/2551
f 1296/1821/2552 1297/1890/2553 1146/1925/2462 1258/1900/2465
f 1294/1822/2554 1207/1823/2555 1183/1923/2556 1293/1825/2557
f 1215/1826/2558 1303/1827/2559 1304/1828/2560 1217/1829/2561
f 1217/1829/2561 1304/1828/2560 1305/1830/2562 1219/1831/2563
f 1183/1824/2556 1184/1832/2564 1197/1833/2565 1196/1739/2451
f 1183/1824/2556 1207/1905/2555 1208/1834/2566 1184/1832/2564
f 1218/1835/2567 1184/1832/2564 1208/1834/2566 1216/1836/2568
f 1169/1837/2569 1187/1838/2570 1185/1839/2571 1174/1840/2572
f 1160/1841/2573 1189/1842/2574 1187/1838/2570 1169/1837/2569
f 1186/1843/2575 1185/1839/2571 1187/1838/2570 1188/1844/2576
f 1189/1842/2574 1160/1841/2573 1285/1845/2577 1286/1846/2578
f 1187/1838/2570 1189/1842/2574 1190/1847/2579 1188/1844/2576
f 1189/1842/2574 1286/1846/2578 1287/1848/2580 1190/1847/2579
f 1192/1924/2581 1210/1918/2582 1209/1851/2583 1191/1852/2584
f 1238/1853/2585 1191/1852/2584 1209/1851/2583 1240/1854/2586
f 1202/1921/2587 1192/1924/2581 1191/1852/2584 1201/1856/2588
f 1275/1812/2539 1177/1811/2538 1193/1747/2461 1274/1746/2460
f 1179/1815/2544 1194/1790/2514 1193/1747/2461 1177/1811/2538
f 1181/1820/2551 1195/1807/2534 1194/1790/2514 1179/1815/2544
f 1292/1738/2450 1293/1825/2557 1183/1923/2556 1196/1922/2451
f 1219/1831/2563 1305/1830/2562 1306/1735/2445 1221/1734/2444
f 1203/1726/2434 1196/1739/2451 1197/1833/2565 1204/1857/2589
f 1220/1858/2590 1197/1833/2565 1184/1832/2564 1218/1835/2567
f 1188/1844/2576 1199/1795/2519 1198/1804/2531 1186/1843/2575
f 1190/1847/2579 1200/1775/2494 1199/1795/2519 1188/1844/2576
f 1200/1775/2494 1190/1847/2579 1287/1848/2580 1288/1776/2495
f 1236/1859/2591 1201/1856/2588 1191/1852/2584 1238/1853/2585
f 1206/1920/2504 1202/1921/2587 1201/1856/2588 1205/1783/2505
f 1203/1726/2434 1204/1857/2589 1224/1772/2592 1223/1914/2435
f 1222/1774/2493 1204/1857/2589 1197/1833/2565 1220/1858/2590
f 1234/1860/2593 1205/1783/2505 1201/1856/2588 1236/1859/2591
f 1270/1861/2594 1271/1750/2464 1147/1942/2463 1214/1730/2595
f 1265/1898/2596 1242/1893/2597 1241/1864/2598 1264/1865/2599
f 1149/1758/2474 1263/1761/2477 1264/1865/2599 1241/1864/2598
s 3
f 1211/1793/2517 1243/1763/2479 1157/1767/2600 1166/1929/2601
f 1144/1806/2602 1212/1808/2535 1211/1793/2517 1166/1929/2601
s 2
f 1270/1861/2594 1214/1730/2595 1213/1939/2480 1269/1896/2483
f 1218/1835/2567 1216/1836/2568 1215/1902/2558 1217/1917/2561
f 1220/1858/2590 1218/1835/2567 1217/1917/2561 1219/1915/2563
f 1222/1774/2493 1220/1858/2590 1219/1915/2563 1221/1916/2444
s 1
f 1224/1772/2490 1226/1773/2491 1225/1723/2431 1223/1914/2430
f 1227/1789/2513 1225/1723/2431 1226/1773/2491 1228/1799/2524
f 1229/1745/2459 1227/1789/2513 1228/1799/2524 1230/1785/2508
f 1231/1936/2456 1229/1745/2459 1230/1785/2508 1232/1937/2507
s 2
f 1231/1744/2603 1232/1784/2604 1234/1860/2593 1233/1909/2605
f 1234/1860/2593 1236/1859/2591 1235/1908/2606 1233/1909/2605
f 1236/1859/2591 1238/1853/2585 1237/1907/2607 1235/1908/2606
f 1238/1853/2585 1240/1854/2586 1239/1906/2608 1237/1907/2607
s 3
f 1157/1767/2600 1243/1763/2479 1281/1762/2478 1282/1892/2609
s 2
f 1150/1771/2492 1224/1772/2592 1204/1857/2589 1222/1774/2493
f 1234/1860/2593 1232/1784/2604 1152/1940/2502 1205/1783/2505
f 1294/1822/2554 1295/1870/2610 1244/1871/2611 1207/1823/2555
f 1246/1872/2612 1245/1873/2613 1182/1819/2550 1180/1816/2545
f 1247/1874/2614 1246/1872/2612 1180/1816/2545 1178/1810/2537
f 1277/1875/2615 1247/1874/2614 1178/1810/2537 1276/1809/2536
f 1249/1876/2616 1248/1904/2617 1239/1906/2608 1240/1854/2586
f 1250/1878/2618 1249/1876/2616 1240/1854/2586 1209/1851/2583
f 1210/1918/2582 1251/1903/2619 1250/1878/2618 1209/1851/2583
f 1160/1841/2573 1252/1880/2620 1284/1881/2621 1285/1845/2577
f 1160/1841/2573 1169/1837/2569 1253/1882/2622 1252/1880/2620
f 1169/1837/2569 1174/1840/2572 1254/1883/2623 1253/1882/2622
f 1255/1884/2624 1302/1885/2625 1303/1827/2559 1215/1826/2558
f 1216/1836/2568 1256/1886/2626 1255/1897/2624 1215/1902/2558
f 1216/1836/2568 1208/1834/2566 1257/1887/2627 1256/1886/2626
f 1244/1901/2611 1257/1887/2627 1208/1834/2566 1207/1905/2555
f 1296/1821/2552 1258/1900/2465 1244/1871/2611 1295/1870/2610
f 1260/1817/2547 1259/1818/2549 1245/1873/2613 1246/1872/2612
f 1261/1813/2542 1260/1817/2547 1246/1872/2612 1247/1874/2614
f 1278/1814/2543 1261/1813/2542 1247/1874/2614 1277/1875/2615
f 1263/1761/2477 1262/1899/2476 1248/1904/2617 1249/1876/2616
f 1264/1865/2599 1263/1761/2477 1249/1876/2616 1250/1878/2618
f 1265/1898/2596 1264/1865/2599 1250/1878/2618 1251/1903/2619
f 1266/1766/2484 1283/1769/2487 1284/1881/2621 1252/1880/2620
f 1267/1797/2522 1266/1766/2484 1252/1880/2620 1253/1882/2622
f 1268/1805/2532 1267/1797/2522 1253/1882/2622 1254/1883/2623
f 1269/1765/2483 1301/1764/2482 1302/1885/2625 1255/1884/2624
f 1270/1861/2594 1269/1896/2483 1255/1897/2624 1256/1886/2626
f 1271/1750/2464 1270/1861/2594 1256/1886/2626 1257/1887/2627
f 1244/1901/2611 1258/1751/2465 1271/1750/2464 1257/1887/2627
f 1231/1910/2603 1233/1866/2605 1273/1741/2453 1272/1740/2452
f 1235/1867/2606 1274/1746/2460 1273/1741/2453 1233/1866/2605
f 1237/1868/2607 1275/1812/2539 1274/1746/2460 1235/1867/2606
f 1239/1869/2608 1276/1809/2536 1275/1812/2539 1237/1868/2607
f 1248/1877/2617 1277/1875/2615 1276/1809/2536 1239/1869/2608
f 1262/1760/2476 1278/1814/2543 1277/1875/2615 1248/1877/2617
f 1148/1895/2475 1279/1894/2540 1278/1814/2543 1262/1760/2476
s 3
f 1148/1759/2628 1149/1758/2629 1280/1755/2471 1279/1754/2470
f 1281/1762/2478 1280/1755/2471 1149/1758/2629 1241/1864/2630
f 1282/1892/2609 1281/1762/2478 1241/1864/2630 1242/1893/2631
s 2
f 1283/1769/2487 1282/1768/2486 1242/1863/2597 1265/1862/2596
f 1284/1881/2621 1283/1769/2487 1265/1862/2596 1251/1879/2619
f 1285/1845/2577 1284/1881/2621 1251/1879/2619 1210/1850/2582
f 1286/1846/2578 1285/1845/2577 1210/1850/2582 1192/1849/2581
f 1287/1848/2580 1286/1846/2578 1192/1849/2581 1202/1855/2587
f 1288/1776/2495 1287/1848/2580 1202/1855/2587 1206/1782/2504
f 1289/1777/2496 1288/1776/2495 1206/1782/2504 1153/1779/2503
f 1291/1727/2437 1290/1725/2436 1142/1724/2526 1172/1801/2527
f 1195/1807/2534 1292/1738/2450 1291/1727/2437 1172/1801/2527
f 1195/1807/2534 1181/1820/2551 1293/1825/2557 1292/1738/2450
f 1182/1819/2550 1294/1822/2554 1293/1825/2557 1181/1820/2551
f 1182/1819/2550 1245/1873/2613 1295/1870/2610 1294/1822/2554
f 1259/1818/2549 1296/1821/2552 1295/1870/2610 1245/1873/2613
f 1259/1818/2549 1143/1891/2548 1297/1890/2553 1296/1821/2552
s 3
f 1173/1802/2528 1298/1752/2466 1297/1753/2469 1143/1803/2529
f 1299/1731/2441 1298/1752/2466 1173/1802/2528 1212/1808/2535
f 1144/1806/2602 1300/1888/2438 1299/1731/2441 1212/1808/2535
s 2
f 1301/1764/2482 1300/1728/2481 1144/1928/2533 1268/1805/2532
f 1302/1885/2625 1301/1764/2482 1268/1805/2532 1254/1883/2623
f 1303/1827/2559 1302/1885/2625 1254/1883/2623 1174/1840/2572
f 1304/1828/2560 1303/1827/2559 1174/1840/2572 1185/1839/2571
f 1305/1830/2562 1304/1828/2560 1185/1839/2571 1186/1843/2575
f 1306/1735/2445 1305/1830/2562 1186/1843/2575 1198/1804/2531
f 1145/1736/2530 1307/1732/2442 1306/1735/2445 1198/1804/2531
g default
v 0.113898 17.518807 0.636153
v 3.305507 14.966368 0.552381
v 7.708084 21.473870 0.432144
v 7.708084 21.473870 -2.929586
v 0.113898 17.518807 -3.133596
v 3.305507 14.966368 -3.049824
v 5.913613 21.803442 0.636153
v 5.913613 21.803442 -3.133596
v 2.011540 14.962758 -3.049824
v 2.011540 14.962758 0.552381
v 1.385451 25.436200 0.636153
v 1.385451 25.436200 -3.133596
v 0.942759 17.082432 -3.133596
v 0.942759 17.082432 0.636153
v 3.514593 23.049225 0.636153
v 3.514593 23.049225 -3.133596
v 1.354627 16.098595 -3.091710
v 1.354627 16.098595 0.594267
v 1.332586 18.654927 -3.133596
v 2.125924 17.626236 -3.133596
v 3.271787 16.643761 -3.133596
v 4.265339 16.018631 -3.091710
v 4.265339 16.018631 0.594267
v 3.271787 16.643761 0.636153
v 2.125924 17.626236 0.636153
v 1.332586 18.654927 0.636153
v -6.852428 17.694401 -2.064392
v -6.852428 17.694401 -0.433052
v 1.187789 14.184039 -0.525561
v 1.335032 13.542336 -0.525561
v 1.335032 13.542330 -1.971882
v 1.187789 14.184039 -1.971882
v -0.712865 12.917629 -0.525561
v -0.594856 12.459042 -0.525561
v -0.594856 12.459042 -1.971882
v -0.712865 12.917629 -1.971882
v -1.780069 13.036681 -0.525561
v -1.868579 12.509406 -0.525561
v -1.868579 12.509403 -1.971882
v -1.780069 13.036680 -1.971882
v -3.005376 13.345283 -0.525561
v -3.222464 12.839044 -0.525561
v -3.222464 12.839043 -1.971882
v -3.005376 13.345279 -1.971882
v 0.536625 12.723299 -0.525561
v 0.536625 12.723297 -1.971882
v 0.413981 13.218758 -1.971882
v 0.413981 13.218768 -0.525561
v -5.288583 14.359509 -0.525561
v -5.288583 14.359509 -1.971882
v -4.965672 14.810830 -1.971882
v -4.965672 14.810830 -0.525561
v -4.456026 13.443754 -0.525561
v -4.456026 13.443754 -1.971882
v -4.234606 13.993683 -1.971882
v -4.234606 13.993683 -0.525561
v -5.702771 15.519263 -0.525561
v -5.702771 15.519263 -1.971882
v -5.132400 15.668980 -1.971882
v -5.132400 15.668983 -0.525561
v -6.104970 16.655075 -0.525561
v -6.104970 16.655075 -1.971882
v -4.809315 16.993920 -1.971882
v -4.809315 16.993920 -0.525561
v 0.194100 18.136555 0.636153
v -6.852111 18.181772 -0.267056
v -6.852110 18.181772 -2.230387
v 0.194100 18.136555 -3.133596
v 1.099367 17.714161 -3.133596
v 1.664486 16.712300 -3.133596
v 2.517828 15.638082 -3.091710
v 3.691106 15.389109 -3.091710
v 3.691106 15.389109 0.594267
v 2.517828 15.638082 0.594267
v 1.664486 16.712300 0.636153
v 1.099367 17.714161 0.636153
v 0.320422 25.435824 -2.089803
v 0.739704 25.435970 -3.133596
v 0.313553 19.056500 -2.157434
v 0.714302 18.898577 -3.133596
v 0.259442 18.639732 -3.133596
v 0.739704 25.435970 0.636153
v 0.320422 25.435824 -0.407640
v 0.259572 18.640719 0.636153
v 0.727783 18.893267 0.636153
v 0.313553 19.056500 -0.333795
v -6.854783 18.431015 -0.242766
v -6.853685 19.056500 -0.289194
v -6.854783 18.431015 -2.254676
v -6.853685 19.056500 -2.208248
v 2.011540 14.962758 -2.079160
v 3.305507 14.966368 -2.079160
v 3.691106 15.389109 -2.079160
v 4.265339 16.018631 -2.079160
v 7.708084 21.473870 -1.989277
v 5.913613 21.803442 -2.079160
v 3.514593 23.049225 -2.079160
v 1.385451 25.436200 -2.079160
v 2.011540 14.962758 -0.418282
v 3.305507 14.966368 -0.418282
v 3.691106 15.389109 -0.418282
v 4.265339 16.018631 -0.418282
v 7.708084 21.473870 -0.508165
v 5.913613 21.803442 -0.418282
v 3.514593 23.049225 -0.418282
v 1.385451 25.436200 -0.418282
v 5.835024 21.649952 0.636153
v 3.473282 22.887907 0.636153
v 1.377753 25.219685 0.636153
v 0.733224 25.226555 0.636153
v 0.314094 25.231267 -0.405443
v 0.314094 25.231267 -2.091815
v 0.732824 25.226714 -3.133596
v 1.377753 25.219685 -3.133596
v 3.473282 22.887907 -3.133596
v 5.835024 21.649952 -3.133596
v 7.605669 21.311587 -2.929586
v 7.605669 21.311587 -1.989277
v 7.605669 21.311587 -0.508165
v 7.605669 21.311587 0.432144
v 5.981380 22.083855 -0.674105
v 5.196462 20.827218 -0.418282
v 3.759791 21.570855 -0.418282
v 3.586706 23.346408 -0.694174
v 5.961833 22.093781 -1.801416
v 5.196462 20.827218 -2.079160
v 3.586706 23.346408 -1.803269
v 3.759791 21.570855 -2.079160
v 1.645888 24.188099 -0.418282
v 2.440989 24.966061 -0.750425
v 2.440989 24.966061 -1.747018
v 1.645888 24.188099 -2.079160
v 4.946431 23.225700 -0.674105
v 3.627766 23.910610 -0.694174
v 4.926882 23.235626 -1.801416
v 3.627763 23.910610 -1.803269
v 3.116329 25.111186 -0.750425
v 3.116329 25.111186 -1.747018
v 4.000022 24.256005 -0.694174
v 3.718143 24.845077 -0.750425
v 4.000022 24.256005 -1.803269
v 3.718143 24.845077 -1.747018
v 4.226415 24.400326 -0.450990
v 4.752573 24.599678 -0.218933
v 4.031792 24.910858 -0.518333
v 4.605567 25.105219 -0.322078
v 4.226415 24.400326 -2.046453
v 4.752573 24.599678 -2.278509
v 4.031795 24.910858 -1.979110
v 4.605568 25.105219 -2.175365
v 6.218594 24.601447 -0.373710
v 5.535652 24.525912 -0.259156
v 6.218638 24.913705 -0.432699
v 5.535550 25.054760 -0.359713
v 6.218594 24.599503 -2.125829
v 5.535652 24.525912 -2.238287
v 6.218638 24.912169 -2.063682
v 5.535550 25.054760 -2.137730
v 0.739704 25.757332 0.636153
v 0.320422 25.757183 -0.407640
v 1.385451 25.757557 0.636153
v 1.385451 25.757557 -0.418282
v 1.385451 25.757557 -2.079160
v 0.320422 25.757183 -2.089803
v 1.385451 25.757557 -3.133596
v 0.739704 25.757332 -3.133596
v 2.173239 25.436200 0.636153
v 2.173239 25.436200 -0.418282
v 2.497509 25.757557 -0.418282
v 2.497509 25.757557 0.636153
v 2.173239 25.436200 -2.079160
v 2.173239 25.436200 -3.133596
v 2.497509 25.757557 -3.133596
v 2.497509 25.757557 -2.079160
v 1.385454 25.436200 -1.283498
v 1.385451 25.757557 -1.283499
v 2.497509 25.757557 -1.283498
v 2.173239 25.436200 -1.283498
v 1.607990 26.596393 -0.079493
v 1.607989 26.596393 -0.733582
v 2.176417 26.599572 -0.079493
v 2.176417 26.599572 -0.733582
v 1.607989 26.596393 -1.763860
v 1.607989 26.596393 -2.417950
v 2.176417 26.599572 -1.763860
v 2.176417 26.599572 -2.417950
v 2.176417 26.599575 -1.283498
v 1.607989 26.596393 -1.283499
v 2.487970 26.310424 0.636153
v 1.385451 26.310424 0.636153
v 1.385451 26.310424 -0.418282
v 1.385451 26.310424 -1.283499
v 1.385451 26.310424 -2.079160
v 1.385451 26.310424 -3.133596
v 2.487970 26.310424 -3.133596
v 2.487970 26.310424 -2.079160
v 2.487970 26.310424 -1.283498
v 2.487970 26.310424 -0.418282
v 2.573807 26.033993 0.636153
v 1.334586 26.033993 0.636153
v 1.334585 26.033993 -0.418282
v 1.334585 26.033993 -1.283499
v 1.334585 26.033993 -2.079160
v 1.334585 26.033993 -3.133596
v 2.573807 26.033993 -3.133596
v 2.573807 26.033993 -2.079160
v 2.573807 26.033993 -1.283498
v 2.573807 26.033993 -0.418282
v 1.863756 27.049410 -0.335264
v 1.682837 26.973655 -0.154341
v 1.607990 26.792564 -0.079493
v 1.607989 26.792564 -0.733582
v 1.682837 26.973655 -0.658733
v 1.863756 27.049410 -0.477811
v 1.919934 27.049724 -0.335980
v 2.101229 26.975654 -0.154681
v 2.176417 26.795029 -0.079493
v 1.920651 27.049728 -0.477811
v 2.101439 26.975654 -0.658603
v 2.176417 26.795029 -0.733582
v 1.863756 27.049410 -2.019631
v 1.682836 26.973655 -1.838709
v 1.607989 26.792564 -1.763860
v 1.607989 26.792564 -2.417950
v 1.682836 26.973655 -2.343101
v 1.863756 27.049410 -2.162179
v 1.919934 27.049724 -2.020348
v 2.101229 26.975654 -1.839049
v 2.176417 26.795029 -1.763860
v 1.920651 27.049728 -2.162179
v 2.101439 26.975654 -2.342971
v 2.176417 26.795029 -2.417950
v -0.710578 17.315709 -2.281023
v -0.707002 17.334677 -0.283601
v -1.949257 17.169541 -2.052688
v -1.951038 17.174540 -0.449687
v -3.227885 13.701729 -0.682692
v -2.360279 13.757326 -0.694823
v -3.226715 13.696557 -1.837102
v -2.366101 13.738932 -1.869801
v -1.067569 15.025900 -0.711424
v -1.071032 15.007395 -1.853200
v -1.705545 15.057920 -1.688677
v -1.706379 15.063065 -0.830159
v -0.925694 15.885558 -0.613393
v -0.928758 15.866932 -1.951230
v -1.546940 15.803374 -1.781321
v -1.547820 15.808479 -0.732260
v -0.863208 16.604859 -0.466531
v -0.868875 16.586117 -2.098093
v -1.649096 16.485667 -2.052688
v -1.651043 16.490734 -0.449687
v -0.906761 17.077530 -0.466531
v -0.911771 17.058688 -2.098093
v -1.832736 16.932103 -2.052688
v -1.834801 16.937139 -0.449687
v -1.702474 14.145103 -0.694823
v -1.707508 14.126666 -1.869801
v -2.434275 14.215844 -1.703583
v -2.435332 14.221007 -0.814363
v -1.325371 14.560944 -0.720880
v -1.329620 14.542460 -1.843744
v -1.999735 14.629866 -1.684629
v -2.000680 14.635014 -0.834849
v -2.048916 13.929896 -0.694823
v -2.054388 13.911475 -1.869801
v -3.190668 13.899541 -1.664454
v -3.191788 13.904712 -0.853492
v -8.713392 17.694401 -2.064392
v -8.713392 17.694401 -0.433052
v -8.713075 18.181772 -0.267056
v -8.713072 18.181772 -2.230387
v -8.715745 18.431015 -0.242766
v -8.715745 18.431015 -2.254676
vt 0.989224 0.320921
vt 0.756952 0.243952
vt 0.760405 0.259632
vt 0.740443 0.270116
vt 0.800605 0.484570
vt 0.820451 0.474147
vt 0.817017 0.458558
vt 0.900845 0.320409
vt 0.709429 0.506092
vt 0.733483 0.506092
vt 0.733483 0.516388
vt 0.708391 0.516388
vt 0.768688 0.180004
vt 0.544030 0.259142
vt 0.544037 0.271239
vt 0.770876 0.173582
vt 0.866560 0.361131
vt 0.906129 0.352951
vt 0.709429 0.506004
vt 0.345879 0.056008
vt 0.840448 0.406252
vt 0.851547 0.422917
vt 0.733483 0.506004
vt 0.868814 0.406341
vt 0.972857 0.512165
vt 0.708391 0.531721
vt 0.791682 0.208103
vt 0.813661 0.392052
vt 0.350283 0.002437
vt 0.832839 0.449425
vt 0.826047 0.434280
vt 0.986849 0.276235
vt 0.772866 0.234766
vt 0.672637 0.431887
vt 0.670793 0.297761
vt 0.519194 0.274367
vt 0.722045 0.297761
vt 0.457196 0.277743
vt 0.812415 0.659530
vt 0.826554 0.659356
vt 0.825564 0.497362
vt 0.842955 0.471977
vt 0.872492 0.601816
vt 0.868075 0.447733
vt 0.924267 0.571268
vt 0.889856 0.432307
vt 0.733483 0.531721
vt 0.735711 0.660637
vt 0.712408 0.660637
vt 0.774643 0.506092
vt 0.903871 0.348923
vt 0.864827 0.357321
vt 0.808307 0.233064
vt 0.812750 0.388048
vt 0.783041 0.257450
vt 0.766543 0.445925
vt 0.765548 0.282983
vt 0.720031 0.431887
vt 0.752211 0.288899
vt 0.927020 0.231613
vt 0.965077 0.230173
vt 0.986693 0.503531
vt 0.978759 0.503535
vt 0.774643 0.506004
vt 0.963088 0.201942
vt 0.978760 0.497260
vt 0.986684 0.497254
vt 0.928292 0.202644
vt 0.978750 0.490891
vt 0.962222 0.175310
vt 0.961837 0.150968
vt 0.978748 0.483900
vt 0.986681 0.483888
vt 0.986686 0.490887
vt 0.928481 0.175494
vt 0.928664 0.150835
vt 0.962036 0.122141
vt 0.978744 0.476252
vt 0.986674 0.476252
vt 0.928444 0.122033
vt 0.962469 0.090107
vt 0.978737 0.468718
vt 0.986672 0.468714
vt 0.927887 0.090272
vt 0.978732 0.461935
vt 0.978727 0.455181
vt 0.986659 0.455170
vt 0.986664 0.461923
vt 0.926948 0.065068
vt 0.927391 0.044792
vt 0.963158 0.064625
vt 0.962613 0.044653
vt 0.992073 0.535494
vt 0.986655 0.448570
vt 0.927341 0.431968
vt 0.962005 0.431982
vt 0.747196 0.204524
vt 0.972789 0.535494
vt 0.871264 0.010547
vt 0.878591 0.223681
vt 0.585072 0.271239
vt 0.527867 0.127019
vt 0.490533 0.124674
vt 0.646137 0.485686
vt 0.541767 0.274379
vt 0.744686 0.145783
vt 0.744688 0.170300
vt 0.605282 0.491836
vt 0.646079 0.491836
vt 0.802038 0.496987
vt 0.376386 0.002533
vt 0.752474 0.459269
vt 0.784114 0.083052
vt 0.798697 0.506004
vt 0.798697 0.506092
vt 0.774643 0.516388
vt 0.799735 0.516388
vt 0.374630 0.056110
vt 0.774643 0.531721
vt 0.340449 0.224072
vt 0.345163 0.134129
vt 0.374090 0.134226
vt 0.371007 0.224169
vt 0.790005 0.109733
vt 0.370930 0.257310
vt 0.643359 0.431788
vt 0.643359 0.294330
vt 0.340283 0.246375
vt 0.752474 0.451293
vt 0.749304 0.431784
vt 0.885281 0.102157
vt 0.339362 0.229357
vt 0.370313 0.229455
vt 0.503515 0.113327
vt 0.695440 0.060968
vt 0.419909 0.056270
vt 0.643442 0.036767
vt 0.417496 0.002683
vt 0.443592 0.002779
vt 0.561735 0.055060
vt 0.448651 0.056372
vt 0.615716 0.036033
vt 0.886750 0.156758
vt 0.885827 0.129959
vt 0.546501 0.093260
vt 0.578170 0.061742
vt 0.641991 0.057351
vt 0.615764 0.055817
vt 0.886941 0.165919
vt 0.646831 0.074489
vt 0.585759 0.075096
vt 0.609118 0.073950
vt 0.669696 0.087671
vt 0.878681 0.181093
vt 0.655386 0.103179
vt 0.652099 0.085476
vt 0.911438 0.170253
vt 0.584240 0.107029
vt 0.599771 0.103094
vt 0.603106 0.084242
vt 0.655121 0.158040
vt 0.669634 0.136397
vt 0.915407 0.194521
vt 0.599769 0.158162
vt 0.650179 0.149925
vt 0.654273 0.130640
vt 0.604683 0.150617
vt 0.600795 0.130101
vt 0.822400 0.109733
vt 0.835734 0.124608
vt 0.672486 0.163431
vt 0.709582 0.176695
vt 0.722108 0.193839
vt 0.685120 0.180596
vt 0.787914 0.137403
vt 0.829450 0.108643
vt 0.722823 0.135915
vt 0.685835 0.122672
vt 0.790005 0.150199
vt 0.671770 0.221355
vt 0.708867 0.234619
vt 0.680635 0.135971
vt 0.688803 0.139047
vt 0.688824 0.160351
vt 0.685719 0.168499
vt 0.696548 0.146826
vt 0.696624 0.152632
vt 0.679920 0.193895
vt 0.688088 0.196971
vt 0.688109 0.218275
vt 0.685004 0.226423
vt 0.695833 0.204750
vt 0.695909 0.210556
vt 0.698808 0.146882
vt 0.698920 0.152603
vt 0.698093 0.204806
vt 0.698205 0.210527
vt 0.709682 0.131005
vt 0.714832 0.163410
vt 0.708968 0.188929
vt 0.714118 0.221334
vt 0.706566 0.139129
vt 0.706647 0.160382
vt 0.705851 0.197053
vt 0.705932 0.218306
vt 0.811127 0.016324
vt 0.844347 0.129721
vt 0.843562 0.109611
vt 0.869186 0.110501
vt 0.877521 0.092810
vt 0.837844 0.010830
vt 0.837724 0.016679
vt 0.817838 0.021117
vt 0.871590 0.016366
vt 0.891424 0.020181
vt 0.879521 0.058586
vt 0.844364 0.170810
vt 0.833220 0.068556
vt 0.878598 0.067540
vt 0.865503 0.061262
vt 0.865450 0.073727
vt 0.845668 0.061871
vt 0.846472 0.074228
vt 0.881957 0.043255
vt 0.842007 0.190064
vt 0.867229 0.043177
vt 0.842891 0.043857
vt 0.888786 0.029937
vt 0.838604 0.206005
vt 0.871798 0.027162
vt 0.837919 0.027462
vt 0.878264 0.077554
vt 0.844211 0.146625
vt 0.835606 0.086036
vt 0.877371 0.085193
vt 0.866528 0.087730
vt 0.865249 0.105971
vt 0.846118 0.088338
vt 0.848136 0.105869
vt 0.750467 0.054758
vt 0.419648 0.134380
vt 0.604032 0.002812
vt 0.658783 0.005762
vt 0.507721 0.043263
vt 0.910643 0.075425
vt 0.781493 0.093739
vt 0.915836 0.180316
vt 0.585468 0.135774
vt 0.670867 0.107609
vt 0.879703 0.195267
vt 0.913638 0.206955
vt 0.882029 0.207620
vt 0.906950 0.165501
vt 0.585543 0.085947
vt 0.669943 0.077629
vt 0.882655 0.170855
vt 0.906758 0.156340
vt 0.678502 0.065743
vt 0.906172 0.129930
vt 0.905627 0.102127
vt 0.707119 0.101047
vt 0.747812 0.125352
vt 0.472778 0.078788
vt 0.880673 0.075420
vt 0.978182 0.512162
vt 0.780519 0.191341
vt 0.987566 0.023052
vt 0.662516 0.448012
vt 0.987293 0.512162
vt 0.630116 0.241756
vt 0.738675 0.254784
vt 0.690920 0.456374
vt 0.798847 0.469326
vt 0.766033 0.219533
vt 0.903401 0.275208
vt 0.894444 0.252127
vt 0.988725 0.299992
vt 0.901428 0.299308
vt 0.963556 0.367696
vt 0.967545 0.339607
vt 0.926110 0.367484
vt 0.920884 0.339521
vt 0.844284 0.110461
vt 0.870100 0.109371
vt 0.870180 0.137415
vt 0.870173 0.129538
vt 0.844276 0.137600
vt 0.835798 0.093475
vt 0.869508 0.158867
vt 0.870161 0.146443
vt 0.844682 0.159050
vt 0.834276 0.078461
vt 0.874607 0.216425
vt 0.874701 0.205928
vt 0.838510 0.216506
vt 0.820892 0.030835
vt 0.871605 0.189932
vt 0.828282 0.044215
vt 0.869620 0.170637
vt 0.831628 0.059673
vt 0.898151 0.015361
vt 0.834400 0.223674
vt 0.913502 0.046443
vt 0.902789 0.022425
vt 0.976533 0.046399
vt 0.978716 0.448567
vt 0.914497 0.093909
vt 0.915324 0.070103
vt 0.975887 0.093722
vt 0.974811 0.069670
vt 0.916480 0.198848
vt 0.917808 0.176366
vt 0.974794 0.197987
vt 0.972909 0.176034
vt 0.915245 0.121858
vt 0.975232 0.121959
vt 0.916517 0.150705
vt 0.973974 0.150771
vt 0.918409 0.220097
vt 0.973841 0.218921
vt 0.996857 0.253067
vt 0.992615 0.512154
vt 0.930026 0.013480
vt 0.960626 0.014544
vt 0.448566 0.134478
vt 0.419133 0.224322
vt 0.449680 0.224420
vt 0.419368 0.257461
vt 0.826722 0.664699
vt 0.766713 0.459275
vt 0.419057 0.229609
vt 0.449998 0.229708
vt 0.751900 0.051144
vt 0.809713 0.045728
vt 0.777727 0.065128
vt 0.749441 0.028073
vt 0.722983 0.163332
vt 0.709658 0.168550
vt 0.709698 0.122865
vt 0.714683 0.135964
vt 0.680661 0.163440
vt 0.685691 0.176674
vt 0.672460 0.135994
vt 0.685778 0.130852
vt 0.722267 0.221256
vt 0.708943 0.226474
vt 0.708983 0.180789
vt 0.713968 0.193888
vt 0.679946 0.221364
vt 0.684976 0.234598
vt 0.671745 0.193918
vt 0.685063 0.188776
vt 0.782022 0.095848
vt 0.743514 0.007540
vt 0.767045 0.051114
vt 0.809706 0.054772
vt 0.809706 0.065131
vt 0.790005 0.124608
vt 0.800385 0.007809
vt 0.800385 0.017813
vt 0.792095 0.017813
vt 0.792095 0.007809
vt 0.784472 0.017813
vt 0.784472 0.007809
vt 0.810487 0.017813
vt 0.810487 0.026419
vt 0.800385 0.026419
vt 0.774370 0.017813
vt 0.784472 0.026419
vt 0.774370 0.026419
vt 0.792095 0.026419
vt 0.800385 0.035024
vt 0.810487 0.035024
vt 0.803630 0.043926
vt 0.797364 0.043926
vt 0.792095 0.035024
vt 0.792095 0.043926
vt 0.784472 0.035024
vt 0.787493 0.043926
vt 0.774370 0.035024
vt 0.781226 0.043926
vt 0.838871 0.137403
vt 0.743602 0.030578
vt 0.832980 0.095848
vt 0.764586 0.028106
vt 0.777675 0.045740
vt 0.777669 0.054784
vt 0.829843 0.083052
vt 0.816508 0.068177
vt 0.784114 0.068177
vt 0.773872 0.151580
vt 0.792606 0.151580
vt 0.792606 0.162187
vt 0.773872 0.162187
vt 0.822116 0.151580
vt 0.840850 0.151580
vt 0.840850 0.162187
vt 0.822116 0.162187
vt 0.773872 0.151580
vt 0.792606 0.151580
vt 0.822116 0.151580
vt 0.840850 0.151580
vt 0.807979 0.151580
vt 0.807979 0.162187
vt 0.807979 0.151580
vt 0.792606 0.171312
vt 0.773872 0.171312
vt 0.840850 0.171312
vt 0.822116 0.171312
vt 0.807979 0.171312
vt 0.822116 0.180436
vt 0.840850 0.180436
vt 0.828135 0.189979
vt 0.816514 0.189979
vt 0.807979 0.180436
vt 0.807979 0.189980
vt 0.792606 0.180436
vt 0.798208 0.189979
vt 0.773872 0.180436
vt 0.786587 0.189979
vt 0.772977 0.030583
vt 0.835342 0.150199
vt 0.772888 0.007542
vt 0.784114 0.108643
vt 0.480947 0.116584
vt 0.585013 0.277425
vt 0.812566 0.672624
vt 0.826722 0.672629
vt 0.812566 0.664694
vt 0.749304 0.294215
vt 0.449644 0.246718
vt 0.749304 0.436333
vt 0.799735 0.531721
vt 0.371603 0.251776
vt 0.963083 0.562918
vt 0.772415 0.660637
vt 0.719969 0.436330
vt 0.752331 0.446095
vt 0.539109 0.285407
vt 0.456063 0.266646
vt 0.741887 0.282630
vt 0.812009 0.503374
vt 0.817553 0.201923
vt 0.830215 0.217548
vt 0.877267 0.416773
vt 0.795718 0.660637
vt 0.873398 0.605797
vt 0.925990 0.575056
vt 0.419438 0.251925
vt 0.376883 0.066626
vt 0.376588 0.111146
vt 0.766713 0.451299
vt 0.772415 0.664589
vt 0.809051 0.191430
vt 0.795718 0.664589
vt 0.965328 0.566923
vt 0.771194 0.170299
vt 0.605341 0.485686
vt 0.745007 0.173585
vt 0.543978 0.277425
vt 0.605334 0.473659
vt 0.747196 0.180005
vt 0.585065 0.259142
vt 0.971556 0.513743
vt 0.646130 0.473659
vt 0.768688 0.204523
vt 0.993306 0.513743
vt 0.601547 0.233345
vt 0.420077 0.066778
vt 0.419930 0.111295
vt 0.735711 0.664589
vt 0.712408 0.664589
vt 0.373339 0.198181
vt 0.672694 0.436330
vt 0.643359 0.436333
vt 0.419407 0.198331
vt 0.749304 0.443314
vt 0.719969 0.443311
vt 0.672694 0.443311
vt 0.643359 0.443314
vt 0.478550 0.269792
vt 0.538243 0.119024
vt 0.771192 0.145782
vn 0.000000 0.000000 1.000000
vn -0.009111 -0.017765 0.999801
vn -0.001172 -0.002286 0.999997
vn 0.000000 0.000000 1.000000
vn -0.000000 0.000000 -1.000000
vn -0.001172 -0.002284 -0.999997
vn -0.009111 -0.017765 -0.999801
vn -0.000000 0.000000 -1.000000
vn -0.465857 -0.884860 0.000000
vn -0.748779 -0.662820 0.000000
vn -0.748779 -0.662820 0.000000
vn -0.465857 -0.884860 0.000000
vn 0.738818 -0.673906 0.000000
vn 0.738818 -0.673906 0.000000
vn 0.738810 -0.673913 0.000000
vn 0.738810 -0.673913 0.000000
vn -1.000000 0.000653 -0.000001
vn -1.000000 0.000653 -0.000001
vn -0.999991 -0.004256 -0.000001
vn -0.999991 -0.004256 -0.000001
vn 0.360240 0.932860 0.000000
vn 0.180638 0.983550 0.000000
vn 0.180638 0.983550 0.000000
vn 0.290098 0.956997 0.000000
vn -0.015360 -0.058977 -0.998141
vn -0.005811 -0.042155 -0.999094
vn 0.003520 -0.040396 -0.999178
vn -0.007002 -0.070411 -0.997493
vn 0.002790 -0.999996 0.000000
vn 0.002790 -0.999996 0.000000
vn 0.002790 -0.999996 0.000000
vn 0.002790 -0.999996 0.000000
vn -0.005811 -0.042155 0.999094
vn -0.015360 -0.058977 0.998141
vn -0.007002 -0.070411 0.997493
vn 0.003520 -0.040396 0.999178
vn 0.746262 0.665653 0.000000
vn 0.625769 0.780009 0.000000
vn 0.625769 0.780009 0.000000
vn 0.746262 0.665653 0.000000
vn -0.006532 -0.024438 -0.999680
vn -0.019408 -0.047470 -0.998684
vn -0.922431 -0.386162 0.000000
vn -0.922431 -0.386162 0.000000
vn -0.019408 -0.047470 0.998684
vn -0.006532 -0.024438 0.999680
vn -1.000000 0.001026 0.000000
vn -1.000000 0.000088 0.000000
vn -1.000000 0.000088 0.000000
vn -0.999999 0.001025 0.000000
vn 0.000000 0.000000 -1.000000
vn 0.000000 0.000000 -1.000000
vn 0.000000 0.000000 -1.000000
vn 0.000000 0.000000 -1.000000
vn -0.000054 -0.001258 -0.999999
vn 0.000000 0.000000 -1.000000
vn 0.033468 -0.015804 -0.999315
vn 0.037187 -0.014119 -0.999209
vn 0.070689 -0.029482 -0.997063
vn 0.079801 -0.030937 -0.996331
vn 0.833684 -0.552241 0.000000
vn 0.833711 -0.552200 0.000000
vn 0.845676 -0.533697 0.000000
vn 0.845676 -0.533697 0.000000
vn 0.079801 -0.030937 0.996331
vn 0.037187 -0.014119 0.999209
vn 0.033468 -0.015804 0.999315
vn 0.070689 -0.029482 0.997063
vn 0.000000 0.000000 1.000000
vn -0.000054 -0.001258 0.999999
vn 0.000000 0.000000 1.000000
vn -0.000000 0.000000 1.000000
vn -0.000000 0.000000 1.000000
vn -0.000000 0.000000 1.000000
vn -0.996225 0.086813 0.000000
vn -0.996225 0.086813 0.000000
vn -0.978165 0.207830 -0.000000
vn -0.978165 0.207830 -0.000000
vn -0.637462 -0.305057 -0.707518
vn -0.637462 -0.305057 -0.707518
vn -0.354012 -0.169413 -0.919769
vn -0.579089 -0.277123 -0.766720
vn 0.902832 -0.429993 0.000000
vn 0.902832 -0.429993 0.000000
vn 0.867867 -0.496797 0.000001
vn 0.867866 -0.496798 0.000001
vn 0.902832 -0.429993 0.000000
vn 0.902832 -0.429993 0.000000
vn -0.637461 -0.305058 0.707519
vn -0.637461 -0.305058 0.707519
vn -0.579087 -0.277123 0.766720
vn -0.354012 -0.169413 0.919769
vn -0.000000 0.000000 1.000000
vn -0.000000 0.000000 1.000000
vn 0.489482 -0.872014 0.000001
vn 0.489481 -0.872014 0.000001
vn 0.000000 0.000000 -1.000000
vn 0.000000 0.000000 -1.000000
vn -0.554489 0.832191 -0.000003
vn -0.554491 0.832190 -0.000003
vn 0.000000 0.000000 1.000000
vn 0.000000 0.000000 1.000000
vn 0.000000 0.000000 1.000000
vn 0.000000 0.000000 1.000000
vn 0.088580 -0.996069 0.000001
vn -0.143130 -0.989704 0.000001
vn -0.143130 -0.989704 0.000001
vn 0.088580 -0.996069 0.000001
vn 0.000000 0.000000 -1.000000
vn 0.000000 0.000000 -1.000000
vn 0.000000 0.000000 -1.000000
vn 0.000000 0.000000 -1.000000
vn -0.082705 0.996574 -0.000002
vn -0.082705 0.996574 -0.000002
vn 0.183380 0.983042 -0.000001
vn 0.183380 0.983042 -0.000001
vn 0.000000 0.000000 1.000000
vn 0.000000 0.000000 1.000000
vn -0.339642 -0.940555 0.000001
vn -0.339642 -0.940555 0.000001
vn 0.000000 0.000000 -1.000000
vn 0.000000 0.000000 -1.000000
vn 0.363257 0.931689 -0.000001
vn 0.363257 0.931689 -0.000001
vn -0.000000 0.000000 1.000000
vn -0.000000 0.000000 1.000000
vn -0.592709 -0.805416 0.000000
vn -0.592709 -0.805416 0.000000
vn -0.000000 0.000000 -1.000000
vn -0.000000 0.000000 -1.000000
vn 0.598777 0.800915 -0.000001
vn 0.598777 0.800916 -0.000001
vn -0.857230 -0.514933 0.000000
vn -0.942191 -0.335077 0.000000
vn -0.942191 -0.335077 0.000000
vn -0.857231 -0.514933 0.000000
vn -0.000000 0.000000 -1.000000
vn -0.000000 0.000000 -1.000000
vn 0.000000 0.000000 -1.000000
vn 0.000000 0.000000 -1.000000
vn 0.881412 0.472349 -0.000000
vn 0.881412 0.472349 -0.000000
vn 0.997445 -0.071439 0.000000
vn 0.997445 -0.071439 0.000000
vn -0.000000 0.000000 1.000000
vn 0.000000 -0.000000 1.000000
vn 0.000000 -0.000000 1.000000
vn 0.000000 -0.000000 1.000000
vn -0.880532 -0.473986 0.000000
vn -0.880532 -0.473986 0.000000
vn -0.086729 -0.348501 -0.933287
vn -0.096287 -0.386908 -0.917078
vn 0.393810 -0.919160 -0.007697
vn 0.393752 -0.919166 0.009693
vn -0.096288 -0.386907 0.917078
vn -0.086730 -0.348501 0.933287
vn -0.811851 -0.583864 0.000000
vn -0.811851 -0.583864 0.000000
vn -0.107388 -0.431511 -0.895693
vn -0.107388 -0.431511 -0.895693
vn 0.062348 -0.993900 -0.090966
vn 0.169141 -0.983023 -0.071113
vn 0.153329 -0.984041 -0.090295
vn -0.107388 -0.431511 0.895693
vn -0.107388 -0.431511 0.895693
vn -0.140189 -0.137077 0.980590
vn -0.133512 -0.086121 0.987298
vn -0.134171 -0.091042 0.986767
vn -0.140189 -0.137077 0.980590
vn 0.000000 1.000000 0.000000
vn 0.000000 1.000000 0.000000
vn 0.000000 1.000000 0.000000
vn 0.000000 1.000000 0.000000
vn -0.133518 -0.086180 -0.987292
vn -0.140189 -0.137076 -0.980590
vn -0.140189 -0.137076 -0.980590
vn -0.134177 -0.091097 -0.986761
vn -0.124590 -0.021595 0.991973
vn -0.124590 -0.021595 0.991973
vn -0.999943 -0.010721 -0.000001
vn -0.999943 -0.010721 -0.000001
vn -0.124592 -0.021645 -0.991972
vn -0.124592 -0.021645 -0.991972
vn 0.000000 0.000000 1.000000
vn 0.000000 0.000000 -1.000000
vn -0.000350 1.000000 0.000000
vn -0.000350 1.000000 0.000000
vn -0.000350 1.000000 0.000000
vn -0.000350 1.000000 0.000000
vn -0.926461 0.004324 -0.376366
vn -0.926461 0.004318 -0.376366
vn -0.926416 0.003388 -0.376487
vn -0.926416 0.003388 -0.376487
vn -0.072527 0.712391 -0.698025
vn -0.072527 0.712391 -0.698025
vn -0.072527 0.712391 -0.698025
vn -0.072527 0.712391 -0.698025
vn -0.072527 0.712391 -0.698025
vn -0.923906 0.003564 0.382603
vn -0.923907 0.003572 0.382600
vn -0.923774 0.002635 0.382929
vn -0.923774 0.002635 0.382929
vn -0.072235 0.710940 0.699533
vn -0.072235 0.710940 0.699533
vn -0.072235 0.710940 0.699533
vn -0.072235 0.710940 0.699533
vn -0.072235 0.710940 0.699533
vn 0.002790 -0.999996 0.000000
vn 0.002790 -0.999996 0.000000
vn 0.002790 -0.999996 0.000000
vn 0.002790 -0.999996 0.000000
vn 0.738810 -0.673913 0.000000
vn 0.738818 -0.673906 0.000000
vn 0.738818 -0.673906 0.000000
vn 0.738810 -0.673913 0.000000
vn 0.833711 -0.552200 0.000000
vn 0.833684 -0.552241 0.000000
vn 0.845676 -0.533697 0.000000
vn 0.845676 -0.533697 0.000000
vn 0.290098 0.956997 0.000000
vn 0.180638 0.983550 0.000000
vn 0.180638 0.983550 0.000000
vn 0.360240 0.932860 0.000000
vn 0.625769 0.780009 0.000000
vn 0.625769 0.780009 0.000000
vn 0.746262 0.665653 0.000000
vn 0.746262 0.665653 0.000000
vn -0.000350 1.000000 0.000000
vn -0.000350 1.000000 0.000000
vn -0.000350 1.000000 0.000000
vn -0.000350 1.000000 0.000000
vn -0.000352 1.000000 0.000000
vn -0.000352 1.000000 0.000000
vn -0.000352 1.000000 0.000000
vn -0.000352 1.000000 0.000000
vn 0.000001 0.000000 1.000000
vn 0.046464 -0.026634 0.998565
vn 0.000001 0.000000 1.000000
vn 0.000000 0.000000 1.000000
vn -0.927363 0.030672 0.372905
vn -0.927363 0.030672 0.372905
vn -0.999522 0.030922 0.000000
vn -0.999522 0.030922 0.000000
vn -0.927414 0.031415 -0.372714
vn -0.927414 0.031415 -0.372714
vn 0.000000 0.000000 -1.000000
vn 0.000000 0.000000 -1.000000
vn 0.000000 0.000000 -1.000000
vn 0.046463 -0.026633 -0.998565
vn 0.102623 -0.058825 -0.992979
vn 0.845676 -0.533697 0.000000
vn 0.845675 -0.533698 0.000000
vn 0.845676 -0.533697 0.000000
vn 0.845675 -0.533698 0.000000
vn 0.102623 -0.058825 0.992979
vn 0.852032 -0.523432 -0.007837
vn 0.852032 -0.523432 -0.007837
vn 0.852032 -0.523432 -0.007837
vn 0.852032 -0.523432 -0.007837
vn 0.077101 0.157093 0.984570
vn 0.077101 0.157093 0.984570
vn 0.172297 0.171200 0.970054
vn 0.104084 0.161232 0.981413
vn 0.213280 0.176842 0.960853
vn 0.213280 0.176842 0.960853
vn 0.085457 0.162265 -0.983040
vn 0.085457 0.162265 -0.983040
vn 0.110857 0.165368 -0.979982
vn 0.174855 0.172735 -0.969324
vn 0.213280 0.176842 -0.960853
vn 0.213280 0.176842 -0.960853
vn 0.689043 0.724720 0.000000
vn -0.699361 0.714769 0.000000
vn -0.699361 0.714769 0.000000
vn 0.689043 0.724720 0.000000
vn 0.460992 0.887404 -0.000092
vn 0.460992 0.887404 -0.000092
vn 0.460992 0.887404 -0.000092
vn 0.460992 0.887404 -0.000092
vn 0.000000 0.000000 -1.000000
vn 0.000000 0.000000 -1.000000
vn 0.000000 0.000000 -1.000000
vn 0.000000 0.000000 -1.000000
vn -0.805911 0.592037 0.000000
vn -0.805911 0.592037 0.000000
vn -0.805911 0.592037 0.000000
vn -0.805911 0.592037 0.000000
vn 0.000000 0.000000 1.000000
vn 0.000000 0.000000 1.000000
vn 0.000000 0.000000 1.000000
vn 0.000000 0.000000 1.000000
vn 0.000000 0.000000 -1.000000
vn 0.000000 0.000000 -1.000000
vn 0.000000 0.000000 1.000000
vn 0.000000 0.000000 1.000000
vn 0.978915 0.204267 0.000000
vn 0.978915 0.204267 0.000000
vn -0.015562 -0.009066 0.999838
vn -0.015562 -0.009066 0.999838
vn -0.015562 -0.009066 0.999838
vn -0.015562 -0.009066 0.999838
vn 0.740920 0.671558 -0.006935
vn 0.740920 0.671558 -0.006935
vn 0.740920 0.671558 -0.006935
vn 0.740920 0.671558 -0.006935
vn 0.001452 0.000846 -0.999999
vn 0.001452 0.000846 -0.999999
vn 0.001452 0.000846 -0.999999
vn 0.001452 0.000846 -0.999999
vn -0.024954 0.025203 0.999371
vn -0.024954 0.025203 0.999371
vn -0.024954 0.025203 0.999371
vn -0.024954 0.025203 0.999371
vn -0.024954 0.025203 -0.999371
vn -0.024954 0.025203 -0.999371
vn -0.024954 0.025203 -0.999371
vn -0.024954 0.025203 -0.999371
vn -0.210095 0.977681 0.000000
vn -0.210095 0.977681 0.000000
vn -0.210095 0.977681 0.000000
vn -0.210095 0.977681 0.000000
vn -0.004930 0.060562 0.998152
vn -0.004930 0.060562 0.998152
vn -0.004930 0.060562 0.998152
vn -0.004930 0.060562 0.998152
vn 0.680162 -0.733062 -0.000001
vn 0.680162 -0.733062 -0.000001
vn 0.613301 -0.789849 -0.000000
vn 0.613301 -0.789849 -0.000000
vn -0.004929 0.060561 -0.998152
vn -0.004929 0.060561 -0.998152
vn -0.004929 0.060561 -0.998152
vn -0.004929 0.060561 -0.998152
vn 0.404406 0.914579 0.000000
vn 0.404406 0.914579 0.000000
vn 0.404406 0.914579 0.000000
vn 0.404406 0.914579 0.000000
vn -0.475133 -0.054074 0.878251
vn -0.107493 0.139871 0.984318
vn -0.156247 0.120901 0.980291
vn -0.484516 -0.062139 0.872573
vn 0.057401 -0.998351 0.000000
vn 0.379143 -0.925338 0.000000
vn 0.379143 -0.925338 0.000000
vn 0.057401 -0.998351 0.000000
vn -0.302148 0.953261 -0.000000
vn -0.069883 0.997555 -0.000000
vn -0.069882 0.997555 -0.000000
vn -0.302148 0.953261 -0.000000
vn -0.107493 0.139871 -0.984318
vn -0.475133 -0.054073 -0.878251
vn -0.484516 -0.062138 -0.872573
vn -0.156247 0.120901 -0.980291
vn -0.610284 -0.177689 0.771997
vn -0.610284 -0.177689 0.771997
vn -0.610283 -0.177687 -0.771999
vn -0.610283 -0.177687 -0.771999
vn -0.205262 0.978707 0.000000
vn -0.205262 0.978707 0.000000
vn -0.999998 0.001755 0.000000
vn -0.999998 0.001755 0.000000
vn -0.999998 0.001755 0.000000
vn -0.999998 0.001755 0.000000
vn 0.108535 -0.994093 0.000518
vn 0.108535 -0.994093 0.000518
vn 0.108535 -0.994093 0.000518
vn 0.108535 -0.994093 0.000518
vn 0.142357 0.184475 0.972473
vn 0.142357 0.184475 0.972473
vn 0.142357 0.184475 0.972473
vn 0.142357 0.184475 0.972473
vn 0.203285 0.979119 -0.000441
vn 0.203285 0.979119 -0.000441
vn 0.203285 0.979119 -0.000441
vn 0.203285 0.979119 -0.000441
vn 0.142178 0.187913 -0.971841
vn 0.142178 0.187913 -0.971841
vn 0.142178 0.187913 -0.971841
vn 0.142178 0.187913 -0.971841
vn 1.000000 -0.000142 0.000000
vn 1.000000 -0.000142 0.000000
vn 1.000000 -0.000142 0.000000
vn 1.000000 -0.000142 0.000000
vn 0.059015 0.200955 0.977821
vn 0.059015 0.200955 0.977821
vn -0.093785 -0.995592 0.000000
vn -0.093785 -0.995592 0.000000
vn 0.059014 0.200954 -0.977822
vn 0.059014 0.200954 -0.977822
vn 0.054179 0.998531 0.000000
vn 0.054179 0.998531 0.000000
vn -0.927935 0.000000 0.372743
vn -0.927935 0.000000 0.372743
vn -0.927935 0.000000 0.372743
vn -0.927935 0.000000 0.372743
vn -0.000000 0.000000 1.000000
vn -0.000000 0.000000 1.000000
vn -0.000000 0.000000 1.000000
vn -0.000000 0.000000 1.000000
vn 0.703910 -0.710289 0.000000
vn 0.703910 -0.710289 0.000000
vn 0.703910 -0.710289 0.000000
vn 0.703910 -0.710289 0.000000
vn -0.009992 0.000000 -0.999950
vn -0.009992 0.000000 -0.999950
vn -0.009992 0.000000 -0.999950
vn -0.009992 0.000000 -0.999950
vn -0.009992 0.000000 0.999950
vn -0.009992 0.000000 0.999950
vn -0.009992 0.000000 0.999950
vn -0.009992 0.000000 0.999950
vn 0.703910 -0.710289 0.000000
vn 0.703910 -0.710289 0.000000
vn 0.703910 -0.710289 0.000000
vn 0.703910 -0.710289 0.000000
vn -0.000000 0.000000 -1.000000
vn -0.000000 0.000000 -1.000000
vn -0.000000 0.000000 -1.000000
vn -0.000000 0.000000 -1.000000
vn -0.927935 0.000000 -0.372743
vn -0.927935 0.000000 -0.372743
vn -0.927935 0.000000 -0.372743
vn -0.927935 0.000000 -0.372743
vn 0.000000 -1.000000 0.000000
vn 0.000000 -1.000000 0.000000
vn 0.000000 -1.000000 0.000000
vn 0.000000 -1.000000 0.000000
vn 0.000000 0.000000 1.000000
vn 0.000000 0.000000 1.000000
vn 0.000000 0.000000 1.000000
vn 0.000000 0.000000 1.000000
vn 0.000000 -1.000000 0.000000
vn 0.000000 -1.000000 0.000000
vn 0.000000 -1.000000 0.000000
vn 0.000000 -1.000000 0.000000
vn 0.000000 0.000000 -1.000000
vn 0.000000 0.000000 -1.000000
vn 0.000000 0.000000 -1.000000
vn 0.000000 0.000000 -1.000000
vn -1.000000 -0.000004 -0.000001
vn -1.000000 -0.000004 -0.000001
vn -1.000000 -0.000004 -0.000001
vn -1.000000 -0.000004 -0.000001
vn -0.005596 0.999984 0.000002
vn -0.005596 0.999984 0.000002
vn -0.005596 0.999984 0.000002
vn -0.005596 0.999984 0.000002
vn 0.703910 -0.710289 0.000000
vn 0.703910 -0.710289 0.000000
vn 0.703910 -0.710289 0.000000
vn 0.703910 -0.710289 0.000000
vn 0.000000 -1.000000 0.000000
vn 0.000000 -1.000000 0.000000
vn 0.000000 -1.000000 0.000000
vn 0.000000 -1.000000 0.000000
vn -1.000000 -0.000004 0.000002
vn -1.000000 -0.000004 0.000002
vn -1.000000 -0.000004 0.000002
vn -1.000000 -0.000004 0.000002
vn 0.000000 -1.000000 0.000000
vn 0.000000 -1.000000 0.000000
vn 0.000000 -1.000000 0.000000
vn 0.000000 -1.000000 0.000000
vn 0.703910 -0.710289 0.000000
vn 0.703910 -0.710289 0.000000
vn 0.703910 -0.710289 0.000000
vn 0.703910 -0.710289 0.000000
vn -0.005595 0.999984 -0.000003
vn -0.005595 0.999984 -0.000003
vn -0.005596 0.999984 -0.000003
vn -0.005596 0.999984 -0.000003
vn -0.983489 -0.180968 0.000000
vn -0.983489 -0.180968 0.000000
vn -1.000000 0.000000 0.000000
vn -1.000000 -0.000000 0.000000
vn 0.000000 0.000000 1.000000
vn 0.000000 0.000000 1.000000
vn 0.000000 0.000000 1.000000
vn 0.000000 0.000000 1.000000
vn 0.963956 -0.266060 0.000000
vn 0.963956 -0.266060 0.000000
vn 0.999851 0.017251 0.000000
vn 0.999851 0.017251 0.000000
vn -0.983489 -0.180969 0.000000
vn -0.983489 -0.180969 0.000000
vn -1.000000 0.000000 0.000000
vn -1.000000 0.000000 0.000000
vn 0.963956 -0.266060 0.000000
vn 0.963956 -0.266060 0.000000
vn 0.999851 0.017251 0.000000
vn 0.999851 0.017251 0.000000
vn 0.000000 0.000000 -1.000000
vn 0.000000 0.000000 -1.000000
vn 0.000000 0.000000 -1.000000
vn 0.000000 0.000000 -1.000000
vn 0.963957 -0.266060 0.000000
vn 0.963957 -0.266060 0.000000
vn 0.999851 0.017251 0.000000
vn 0.999851 0.017251 0.000000
vn -0.983489 -0.180969 0.000000
vn -0.983489 -0.180969 0.000000
vn -1.000000 0.000000 0.000000
vn -1.000000 0.000000 0.000000
vn -0.983489 -0.180969 0.000000
vn -0.983489 -0.180969 0.000000
vn -1.000000 -0.000000 0.000000
vn -1.000000 -0.000000 0.000000
vn 0.963957 -0.266060 0.000000
vn 0.963957 -0.266060 0.000000
vn 0.999851 0.017251 0.000000
vn 0.999851 0.017251 0.000000
vn -0.001256 0.660208 0.751082
vn -0.001185 0.623023 0.782203
vn -0.001765 0.927855 0.372938
vn -0.001765 0.927855 0.372938
vn -0.890633 0.454724 0.000001
vn -0.957065 0.289872 0.000000
vn -0.789195 0.614143 0.000001
vn -0.789195 0.614143 0.000001
vn -0.909759 0.415138 0.000000
vn -0.937461 0.348091 0.000000
vn -0.789196 0.614141 0.000000
vn -0.789196 0.614141 0.000000
vn -0.938228 0.346018 0.000000
vn -0.910753 0.412951 0.000000
vn -0.789196 0.614141 0.000000
vn -0.789196 0.614142 0.000000
vn -0.957065 0.289873 0.000000
vn -0.890633 0.454723 0.000000
vn -0.789196 0.614141 0.000000
vn -0.789196 0.614141 0.000000
vn -0.001185 0.623023 -0.782203
vn -0.001256 0.660208 -0.751082
vn -0.001765 0.927855 -0.372938
vn -0.001765 0.927855 -0.372938
vn 0.808629 0.588319 0.000000
vn 0.900627 0.434592 0.000000
vn 0.680261 0.732970 0.000000
vn 0.680261 0.732970 0.000000
vn 0.834467 0.551058 -0.000001
vn 0.870466 0.492229 -0.000001
vn 0.680263 0.732968 -0.000002
vn 0.680263 0.732968 -0.000002
vn 0.869212 0.494440 0.000001
vn 0.833029 0.553229 0.000001
vn 0.680263 0.732968 0.000002
vn 0.680263 0.732968 0.000002
vn 0.900627 0.434592 0.000000
vn 0.808629 0.588319 0.000000
vn 0.680261 0.732970 0.000000
vn 0.680261 0.732970 0.000000
vn -0.987537 0.157387 0.000001
vn -0.924173 0.381974 0.000001
vn -0.924173 0.381974 0.000001
vn -0.987537 0.157387 0.000001
vn -0.386230 0.922403 0.000000
vn -0.221736 0.961807 0.160498
vn -0.222334 0.961717 -0.160212
vn -0.386230 0.922403 0.000000
vn -0.987537 0.157386 0.000000
vn -0.924174 0.381972 0.000000
vn -0.924174 0.381972 0.000000
vn -0.987537 0.157386 0.000000
vn -0.386228 0.922403 0.000000
vn -0.221735 0.961807 0.160499
vn -0.222333 0.961718 -0.160210
vn -0.386228 0.922403 0.000000
vn 0.214025 0.963621 0.160088
vn 0.213794 0.963686 -0.160007
vn 0.214025 0.963621 0.160088
vn 0.213793 0.963686 -0.160005
vn -1.000000 0.000000 0.000001
vn -1.000000 0.000000 0.000001
vn 0.000000 0.000000 1.000000
vn 0.000000 0.000000 1.000000
vn -0.000578 0.156512 0.987676
vn -0.000574 0.155524 0.987832
vn 1.000000 0.000000 0.000000
vn 1.000000 0.000000 0.000000
vn 0.987402 0.158234 0.000069
vn 0.987412 0.158171 0.000069
vn 0.000000 -0.000000 -1.000000
vn 0.000000 -0.000000 -1.000000
vn -0.000653 0.155331 -0.987862
vn -0.000657 0.156380 -0.987697
vn -1.000000 0.000000 0.000000
vn -1.000000 0.000000 0.000000
vn 0.000000 0.000000 1.000000
vn 0.000000 0.000000 1.000000
vn -0.000578 0.156512 0.987676
vn -0.000574 0.155524 0.987832
vn 1.000000 0.000000 0.000000
vn 1.000000 0.000000 0.000000
vn 0.987402 0.158234 0.000069
vn 0.987412 0.158171 0.000069
vn 0.000000 0.000000 -1.000000
vn 0.000000 0.000000 -1.000000
vn -0.000653 0.155331 -0.987862
vn -0.000658 0.156381 -0.987697
vn -0.003653 0.924064 0.382221
vn -0.003653 0.924064 0.382221
vn -0.001415 0.383139 0.923690
vn -0.001415 0.383139 0.923690
vn 0.378672 0.925531 0.000548
vn 0.378672 0.925531 0.000548
vn 0.923398 0.383844 0.000167
vn 0.923398 0.383844 0.000167
vn -0.001609 0.382681 -0.923879
vn -0.001609 0.382681 -0.923879
vn -0.004395 0.923869 -0.382684
vn -0.004395 0.923869 -0.382684
vn -0.003652 0.924063 0.382223
vn -0.003652 0.924063 0.382223
vn -0.001415 0.383138 0.923690
vn -0.001415 0.383138 0.923690
vn 0.378672 0.925531 0.000548
vn 0.378672 0.925531 0.000548
vn 0.923398 0.383844 0.000167
vn 0.923398 0.383844 0.000167
vn -0.001609 0.382680 -0.923879
vn -0.001609 0.382680 -0.923879
vn -0.004396 0.923871 -0.382679
vn -0.004396 0.923871 -0.382679
vn 0.166362 -0.983334 0.073341
vn 0.158093 -0.983976 0.082452
vn 0.056854 -0.998333 0.009987
vn 0.056854 -0.998333 0.009987
vn 0.056854 -0.998333 0.009987
vn 0.056854 -0.998333 0.009987
vn 0.066699 -0.994183 0.084571
vn -0.016849 -0.344368 0.938684
vn -0.016849 -0.344368 0.938684
vn 0.001396 -0.169320 0.985560
vn 0.000936 -0.173806 0.984779
vn -0.897925 -0.440149 0.000300
vn -0.897925 -0.440149 0.000300
vn -0.915741 -0.401769 0.000133
vn -0.915689 -0.401887 0.000134
vn -0.076833 -0.334351 -0.939312
vn -0.076833 -0.334351 -0.939312
vn -0.065273 -0.178117 -0.981842
vn -0.065016 -0.174829 -0.982450
vn 0.788568 -0.614931 0.004541
vn 0.788568 -0.614931 0.004541
vn 0.958089 -0.286472 0.000186
vn 0.959513 -0.281666 0.000125
vn 0.960662 -0.277716 0.001625
vn 0.961513 -0.274756 0.001578
vn 0.810402 -0.585839 0.006472
vn 0.809094 -0.587644 0.006500
vn -0.243429 0.024949 -0.969598
vn -0.248668 -0.009361 -0.968543
vn -0.214393 0.165861 -0.962562
vn -0.202935 0.203120 -0.957893
vn -0.939530 0.342455 -0.002862
vn -0.938994 0.343922 -0.002871
vn -0.754829 0.655904 -0.004742
vn -0.755132 0.655556 -0.004740
vn -0.177988 -0.035597 0.983389
vn -0.175175 -0.002609 0.984534
vn -0.148905 0.159484 0.975906
vn -0.157888 0.123261 0.979734
vn 0.992687 -0.120711 -0.001082
vn 0.992770 -0.120028 -0.001097
vn -0.194804 -0.165411 -0.966794
vn -0.174445 -0.196589 -0.964843
vn -0.999841 -0.017821 -0.001056
vn -0.999874 -0.015859 -0.001064
vn -0.092536 -0.210131 0.973284
vn -0.114901 -0.179688 0.976990
vn 0.999979 -0.005798 -0.002973
vn 0.999986 -0.004432 -0.002992
vn -0.084467 -0.157972 -0.983824
vn -0.084156 -0.156571 -0.984075
vn -0.961813 -0.273706 -0.000206
vn -0.962169 -0.272453 -0.000209
vn -0.005918 -0.150278 0.988626
vn -0.006281 -0.152524 0.988280
vn 0.653332 -0.757015 0.009280
vn 0.655107 -0.755479 0.009253
vn 0.507714 -0.861453 0.011160
vn 0.507390 -0.861644 0.011163
vn -0.180050 0.278176 -0.943504
vn -0.188018 0.251094 -0.949527
vn -0.167857 0.322692 -0.931501
vn -0.131570 0.451175 -0.882684
vn -0.525362 0.850860 -0.005758
vn -0.525059 0.851046 -0.005759
vn -0.621260 0.783585 -0.005476
vn -0.619734 0.784793 -0.005482
vn -0.140013 0.196552 0.970445
vn -0.138502 0.207911 0.968292
vn -0.096499 0.416767 0.903877
vn -0.131181 0.249035 0.959569
vn 0.484495 -0.874720 0.011375
vn 0.484495 -0.874720 0.011375
vn -0.115846 0.501464 -0.857387
vn -0.115846 0.501464 -0.857387
vn -0.984571 0.174974 -0.002068
vn -0.984571 0.174974 -0.002068
vn -0.082940 0.475136 0.875995
vn -0.082940 0.475136 0.875994
vn 0.000000 -1.000000 0.000000
vn 0.000000 -1.000000 0.000000
vn 0.000000 -1.000000 0.000000
vn 0.000000 -1.000000 0.000000
vn 0.000000 -0.322407 0.946601
vn 0.000000 -0.322407 0.946601
vn 0.000000 -0.322407 0.946601
vn 0.000000 -0.322407 0.946601
vn 0.000000 -0.322407 -0.946601
vn 0.000000 -0.322407 -0.946601
vn 0.000000 -0.322407 -0.946601
vn 0.000000 -0.322407 -0.946601
vn 0.000000 -0.096993 0.995285
vn 0.000000 -0.096993 0.995285
vn 0.000000 -0.096993 0.995285
vn 0.000000 -0.096993 0.995285
vn 0.000000 1.000000 0.000000
vn 0.000000 1.000000 0.000000
vn 0.000000 1.000000 0.000000
vn 0.000000 1.000000 0.000000
vn 0.000000 -0.096992 -0.995285
vn 0.000000 -0.096992 -0.995285
vn 0.000000 -0.096992 -0.995285
vn 0.000000 -0.096992 -0.995285
s 1
g Gun_Body
usemtl Gun_Body2
f 1308/2214/2632 1321/1945/2633 1383/1946/2634 1372/1947/2635
s 2
f 1375/1948/2636 1376/1949/2637 1320/1950/2638 1312/2216/2639
s 3
f 1312/1951/2640 1320/2221/2641 1321/2220/2642 1308/1944/2643
s 4
f 1309/1952/2644 1407/1953/2645 1408/1954/2646 1380/1955/2647
s 5
f 1576/1956/2648 1577/2405/2649 1578/2402/2650 1579/1959/2651
s 6
f 1314/1963/2652 1310/1972/2653 1410/2054/2654 1411/2061/2655
s 2
f 1316/1964/2656 1378/1965/2657 1379/2388/2658 1313/1967/2659
s 8
f 1317/1962/2660 1406/1966/2661 1407/1953/2662 1309/1952/2663
s 1
f 1381/1970/2664 1317/2209/2665 1309/2397/2666 1380/2386/2667
s 6
f 1318/2063/2668 1322/2064/2669 1412/2065/2670 1413/2066/2671
s 2
f 1320/1950/2638 1376/1949/2637 1377/1973/2672 1324/1974/2673
s 3
f 1321/2220/2642 1320/2221/2641 1324/2218/2674 1325/1975/2675
s 1
f 1383/1946/2634 1321/1945/2633 1325/2217/2676 1382/1976/2677
s 6
f 1322/2064/2669 1314/1963/2652 1411/2061/2655 1412/2065/2670
s 2
f 1324/1974/2673 1377/1973/2672 1378/1965/2657 1316/1964/2656
s 1
f 1382/1976/2677 1325/2217/2676 1317/2209/2665 1381/1970/2664
s 10
f 1419/1977/2678 1386/1978/2679 1393/1980/2680 1418/2001/2681
s 2
f 1387/2385/2682 1420/1982/2683 1421/1983/2684 1326/1984/2685
f 1327/1985/2686 1326/1984/2685 1421/1983/2684 1422/1986/2687
f 1328/1987/2688 1327/1985/2686 1422/1986/2687 1423/1988/2689
f 1329/1989/2690 1328/1987/2688 1423/1988/2689 1424/2378/2691
s 4
f 1330/1969/2692 1409/1990/2693 1426/1991/2694 1427/1992/2695
s 1
f 1427/1994/2696 1414/1995/2697 1331/1996/2698 1330/2387/2699
f 1415/1997/2700 1332/1998/2701 1331/1996/2698 1414/1995/2697
f 1416/1999/2702 1333/2000/2703 1332/1998/2701 1415/1997/2700
f 1417/2381/2704 1392/2002/2705 1333/2000/2703 1416/1999/2702
s 13
f 1325/1975/2706 1324/2218/2707 1339/2003/2708 1336/2004/2709
s 14
f 1324/2218/2710 1316/2219/2711 1338/2262/2712 1339/2003/2713
s 15
f 1406/2208/2714 1317/1968/2715 1337/2006/2716 1338/2005/2717 1316/2265/2718 1398/2212/2719
s 16
f 1317/2264/2720 1325/1975/2721 1336/2004/2722 1337/2263/2723
f 1337/2263/2723 1336/2004/2722 1355/2008/2724 1352/2256/2725
s 15
f 1337/2006/2716 1352/2009/2726 1353/2010/2727 1338/2005/2717
s 14
f 1339/2003/2713 1338/2262/2712 1353/2254/2728 1354/2011/2729
s 13
f 1336/2004/2709 1339/2003/2708 1354/2011/2730 1355/2008/2731
s 16
f 1341/2257/2732 1340/2013/2733 1344/2014/2734 1345/2261/2735
s 15
f 1341/2012/2736 1345/2015/2737 1346/2016/2738 1342/2017/2739
s 14
f 1343/2018/2740 1342/2255/2741 1346/2260/2742 1347/2019/2743
s 13
f 1340/2013/2744 1343/2018/2745 1347/2019/2746 1344/2014/2747
s 16
f 1345/2261/2735 1344/2014/2734 1348/2020/2748 1349/2259/2749
s 15
f 1345/2015/2737 1349/2021/2750 1350/2022/2751 1346/2016/2738
s 14
f 1347/2019/2743 1346/2260/2742 1350/2258/2752 1351/2023/2753
s 13
f 1344/2014/2747 1347/2019/2746 1351/2023/2754 1348/2020/2755
s 16
f 1349/2259/2749 1348/2020/2748 1363/2024/2756 1360/2252/2757
s 15
f 1349/2021/2750 1360/2025/2758 1361/2026/2759 1350/2022/2751
s 14
f 1351/2023/2753 1350/2258/2752 1361/2250/2760 1362/2027/2761
s 13
f 1348/2020/2755 1351/2023/2754 1362/2027/2762 1363/2024/2763
s 15
f 1352/2009/2726 1341/2012/2736 1342/2017/2739 1353/2010/2727
s 14
f 1354/2011/2729 1353/2254/2728 1342/2255/2741 1343/2018/2740
s 13
f 1355/2008/2731 1354/2011/2730 1343/2018/2745 1340/2013/2744
s 16
f 1352/2256/2725 1355/2008/2724 1340/2013/2733 1341/2257/2732
s 15
f 1356/2028/2764 1364/2029/2765 1365/2030/2766 1357/2031/2767
s 14
f 1358/2032/2768 1357/2251/2769 1365/2246/2770 1366/2033/2771
s 13
f 1359/2034/2772 1358/2032/2773 1366/2033/2774 1367/2035/2775
s 16
f 1356/2253/2776 1359/2034/2777 1367/2035/2778 1364/2248/2779
s 15
f 1360/2025/2758 1356/2028/2764 1357/2031/2767 1361/2026/2759
s 14
f 1362/2027/2761 1361/2250/2760 1357/2251/2769 1358/2032/2768
s 13
f 1363/2024/2763 1362/2027/2762 1358/2032/2773 1359/2034/2772
s 16
f 1360/2252/2757 1363/2024/2756 1359/2034/2777 1356/2253/2776
s 15
f 1364/2029/2765 1368/2249/2780 1369/2037/2781 1365/2030/2766
s 14
f 1366/2033/2771 1365/2246/2770 1369/2247/2782 1370/2266/2783
s 13
f 1367/2035/2775 1366/2033/2774 1370/2266/2784 1371/2267/2785
s 16
f 1364/2248/2779 1367/2035/2778 1371/2267/2786 1368/2210/2787
s 15
f 1369/2036/2781 1368/2041/2780 1335/2407/2788 1334/2410/2789
s 14
f 1370/2215/2783 1369/2211/2782 1334/2408/2790 1312/2216/2791
s 13
f 1542/2224/2792 1370/2038/2784 1312/1951/2793 1540/2225/2794
s 16
f 1368/2411/2787 1371/2213/2786 1308/2214/2795 1335/2406/2796
s 19
f 1308/2214/2797 1372/1947/2798 1373/2044/2799 1335/2406/2800
s off
f 1395/2045/2801 1393/1979/2802 1386/2424/2803 1397/2046/2804
s 20
f 1375/1948/2805 1312/2216/2806 1334/2408/2807 1374/2047/2808
s 19
f 1372/1947/2798 1391/2384/2809 1394/2369/2810 1373/2044/2799
s 5
f 1579/1959/2651 1578/2402/2650 1580/2050/2811 1581/2400/2812
s 20
f 1396/2052/2813 1388/2053/2814 1375/1948/2805 1374/2047/2808
s 2
f 1377/1973/2672 1376/1949/2637 1326/1984/2685 1327/1985/2686
f 1378/1965/2657 1377/1973/2672 1327/1985/2686 1328/1987/2688
f 1379/2388/2658 1378/1965/2657 1328/1987/2688 1329/1989/2690
s 4
f 1380/1955/2647 1408/1954/2646 1409/1990/2693 1330/1969/2692
s 1
f 1331/1996/2698 1381/1970/2664 1380/2386/2667 1330/2387/2699
f 1332/1998/2701 1382/1976/2677 1381/1970/2664 1331/1996/2698
f 1333/2000/2703 1383/1946/2634 1382/1976/2677 1332/1998/2701
f 1372/1947/2635 1383/1946/2634 1333/2000/2703 1392/2002/2705 1391/2384/2815
s 2
f 1388/2053/2816 1387/2385/2682 1326/1984/2685 1376/1949/2637 1375/1948/2636
s off
f 1467/2068/2817 1466/2071/2818 1468/2075/2819 1469/2076/2820
s 21
f 1419/1977/2821 1420/2069/2822 1387/2070/2823 1386/1978/2824
s off
f 1388/2383/2825 1396/2368/2826 1397/2046/2827 1386/2424/2828 1387/1981/2829
s 22
f 1417/2073/2830 1418/2001/2831 1393/1980/2832 1392/2373/2833
s off
f 1393/1979/2834 1395/2045/2835 1394/2425/2836 1391/2048/2837 1392/2382/2838
s 8
f 1399/1993/2839 1398/2007/2840 1316/2057/2841 1313/2058/2842
s 4
f 1400/2059/2843 1399/1993/2844 1313/2058/2845 1379/2060/2846
f 1401/2062/2847 1400/2059/2843 1379/2060/2846 1329/2376/2848
f 1425/2379/2849 1401/2062/2847 1329/2376/2848 1424/2389/2850
s 6
f 1403/2079/2851 1402/2081/2852 1311/2082/2853 1315/2084/2854
f 1404/2184/2855 1403/2079/2851 1315/2084/2854 1323/2268/2856
f 1405/2269/2857 1404/2184/2855 1323/2268/2856 1319/2270/2858
s 8
f 1407/1953/2662 1406/1966/2661 1398/2007/2840 1399/1993/2839
s 4
f 1408/1954/2646 1407/1953/2645 1399/1993/2844 1400/2059/2843
f 1409/1990/2693 1408/1954/2646 1400/2059/2843 1401/2062/2847
f 1426/1991/2694 1409/1990/2693 1401/2062/2847 1425/2379/2849
s 6
f 1411/2061/2655 1410/2054/2654 1402/2081/2852 1403/2079/2851
s off
f 1471/2271/2859 1470/2274/2860 1472/2275/2861 1473/2374/2862
f 1390/2377/2863 1413/2066/2864 1405/2269/2865 1384/2392/2866
s 1
f 1322/1971/2867 1415/1997/2700 1414/1995/2697 1314/1960/2868
f 1318/2395/2869 1416/1999/2702 1415/1997/2700 1322/1971/2867
f 1389/2072/2870 1417/2381/2704 1416/1999/2702 1318/2395/2869
s 22
f 1389/2375/2871 1390/2380/2872 1418/2001/2831 1417/2073/2830
s 10
f 1384/2417/2873 1419/1977/2678 1418/2001/2681 1390/2380/2874
s 21
f 1384/2417/2875 1385/2418/2876 1420/2069/2822 1419/1977/2821
s 2
f 1421/1983/2684 1420/1982/2683 1385/2372/2877 1319/2272/2878
f 1422/1986/2687 1421/1983/2684 1319/2272/2878 1323/2390/2879
f 1423/1988/2689 1422/1986/2687 1323/2390/2879 1315/2391/2880
f 1424/2378/2691 1423/1988/2689 1315/2391/2880 1311/2399/2881
s 4
f 1402/2396/2882 1425/2379/2849 1424/2389/2850 1311/2398/2883
f 1410/2414/2884 1426/1991/2694 1425/2379/2849 1402/2396/2882
f 1427/1992/2695 1426/1991/2694 1410/2414/2884 1310/2415/2885
s 1
f 1314/1960/2868 1414/1995/2697 1427/1994/2696 1310/1961/2886
s off
f 1428/2074/2887 1429/2207/2888 1433/2188/2889 1432/2203/2890
s 23
f 1429/2189/2891 1428/2205/2892 1431/2078/2893 1430/2183/2894
f 1430/2183/2894 1431/2078/2893 1437/2080/2895 1436/2186/2896
s 24
f 1432/2077/2897 1433/2206/2898 1435/2187/2899 1434/2083/2900
f 1434/2083/2900 1435/2187/2899 1439/2185/2901 1438/2085/2902
s 25
f 1436/2186/2903 1437/2080/2904 1438/2085/2905 1439/2185/2906
s off
f 1441/2086/2907 1440/2087/2908 1442/2202/2909 1443/2200/2910
s 26
f 1412/2065/2911 1411/2061/2912 1429/2393/2913 1430/2394/2914
s off
f 1411/2061/2915 1403/2079/2916 1433/2412/2917 1429/2393/2918
s 27
f 1403/2079/2919 1404/2184/2920 1435/2413/2921 1433/2412/2922
s 26
f 1413/2066/2923 1412/2065/2911 1430/2394/2914 1436/2416/2924
s 27
f 1404/2184/2920 1405/2269/2925 1439/2419/2926 1435/2413/2921
s 25
f 1405/2269/2927 1413/2066/2928 1436/2416/2903 1439/2419/2906
s off
f 1431/2078/2929 1428/2205/2930 1440/2204/2931 1441/2201/2932
f 1428/2074/2933 1432/2203/2934 1442/2202/2935 1440/2087/2936
f 1432/2077/2937 1434/2083/2938 1443/2089/2939 1442/2088/2940
f 1437/2080/2941 1431/2078/2942 1441/2201/2943 1444/2090/2944
f 1434/2083/2945 1438/2085/2946 1445/2091/2947 1443/2089/2948
f 1438/2085/2949 1437/2080/2950 1444/2090/2951 1445/2091/2952
f 1444/2090/2953 1441/2201/2954 1446/2198/2955 1447/2093/2956
s 28
f 1441/2086/2957 1443/2200/2958 1448/2196/2959 1446/2092/2960
s off
f 1443/2089/2961 1445/2091/2962 1449/2095/2963 1448/2094/2964
f 1445/2091/2965 1444/2090/2966 1447/2093/2967 1449/2095/2968
s 29
f 1450/2096/2969 1451/2192/2970 1453/2098/2971 1452/2099/2972
s 28
f 1451/2097/2973 1450/2199/2974 1454/2100/2975 1455/2190/2976
s 30
f 1452/2099/2977 1453/2098/2978 1457/2102/2979 1456/2103/2980
s 31
f 1455/2101/2981 1454/2197/2982 1456/2103/2983 1457/2102/2984
s 29
f 1447/2093/2985 1446/2198/2986 1450/2096/2969 1452/2099/2972
s 28
f 1446/2092/2960 1448/2196/2959 1454/2100/2975 1450/2199/2974
s 31
f 1448/2094/2987 1449/2095/2988 1456/2103/2983 1454/2197/2982
s 30
f 1449/2095/2989 1447/2093/2990 1452/2099/2977 1456/2103/2980
s off
f 1396/2368/2991 1394/2425/2992 1395/2045/2993 1397/2046/2994
f 1458/2195/2995 1459/2193/2996 1463/2106/2997 1462/2194/2998
f 1459/2105/2999 1458/2104/3000 1460/2108/3001 1461/2109/3002
f 1461/2109/3003 1460/2108/3004 1464/2110/3005 1465/2111/3006
f 1462/2107/3007 1463/2191/3008 1465/2111/3009 1464/2110/3010
f 1460/2108/3011 1458/2104/3012 1462/2107/3013 1464/2110/3014
s 29
f 1453/2098/2971 1451/2192/2970 1459/2105/3015 1461/2109/3016
s 28
f 1451/2097/2973 1455/2190/2976 1463/2106/3017 1459/2193/3018
s 31
f 1455/2101/2981 1457/2102/2984 1465/2111/3019 1463/2191/3020
s 30
f 1457/2102/2979 1453/2098/2978 1461/2109/3021 1465/2111/3022
s off
f 1390/2380/3023 1389/2375/3024 1466/2420/3025 1467/2421/3026
f 1389/2072/3027 1318/2395/3028 1468/2273/3029 1466/2055/3030
f 1474/2334/3031 1475/2335/3032 1476/2336/3033 1477/2337/3034
f 1413/2066/3035 1390/2377/3036 1467/2068/3037 1469/2076/3038
f 1384/2392/3039 1405/2269/3040 1470/2274/3041 1471/2271/3042
f 1478/2338/3043 1479/2339/3044 1480/2340/3045 1481/2341/3046
f 1319/2272/3047 1385/2372/3048 1473/2370/3049 1472/2371/3050
f 1385/2418/3051 1384/2417/3052 1471/2422/3053 1473/2423/3054
f 1318/2342/3055 1413/2343/3056 1475/2335/3057 1474/2334/3058
f 1468/2056/3059 1318/2333/3060 1474/2332/3061 1477/2331/3062
f 1405/2344/3063 1319/2345/3064 1479/2339/3065 1478/2338/3066
f 1319/2067/3067 1472/2301/3068 1480/2113/3069 1479/2112/3070
f 1413/2302/3071 1469/2303/3072 1483/2304/3073 1482/2305/3074
f 1487/2300/3075 1489/2278/3076 1494/2330/3077 1495/2299/3078
f 1476/2336/3079 1475/2335/3080 1485/2346/3081 1484/2347/3082
f 1475/2335/3083 1413/2343/3084 1482/2348/3085 1485/2346/3086
f 1470/2306/3087 1405/2307/3088 1482/2305/3089 1483/2304/3090
f 1405/2344/3091 1478/2338/3092 1485/2346/3093 1482/2348/3094
f 1478/2338/3095 1481/2341/3096 1484/2347/3097 1485/2346/3098
f 1492/2329/3099 1490/2277/3100 1495/2299/3101 1494/2330/3102
s 32
f 1469/2303/3103 1468/2308/3104 1507/2309/3105 1508/2310/3106
s 33
f 1468/2056/3107 1477/2331/3108 1506/2327/3109 1507/2296/3110
s 34
f 1477/2337/3111 1476/2336/3112 1515/2349/3113 1506/2350/3114
s 35
f 1472/2311/3115 1470/2306/3116 1510/2312/3117 1511/2313/3118
s 36
f 1481/2341/3119 1480/2340/3120 1512/2351/3121 1513/2352/3122
s 37
f 1480/2113/3123 1472/2301/3124 1511/2118/3125 1512/2325/3126
s 38
f 1476/2336/3127 1484/2347/3128 1514/2353/3129 1515/2349/3130
s 39
f 1483/2304/3131 1469/2303/3132 1508/2310/3133 1509/2314/3134
s 40
f 1470/2306/3135 1483/2304/3136 1509/2314/3137 1510/2312/3138
s 41
f 1484/2347/3139 1481/2341/3140 1513/2352/3141 1514/2353/3142
s 33
f 1497/2297/3143 1496/2366/3144 1488/2328/3145 1486/2279/3146
s 32
f 1498/2315/3147 1497/2316/3148 1486/2317/3149 1487/2318/3150
s 39
f 1499/2319/3151 1498/2315/3152 1487/2318/3153 1495/2320/3154
s 40
f 1500/2321/3155 1499/2319/3156 1495/2320/3157 1490/2322/3158
s 35
f 1501/2323/3159 1500/2321/3160 1490/2322/3161 1491/2324/3162
s 37
f 1502/2326/3163 1501/2364/3164 1491/2298/3165 1493/2276/3166
s 36
f 1503/2354/3167 1502/2355/3168 1493/2356/3169 1492/2357/3170
s 41
f 1504/2358/3171 1503/2354/3172 1492/2357/3173 1494/2359/3174
s 38
f 1505/2360/3175 1504/2358/3176 1494/2359/3177 1489/2361/3178
s 34
f 1496/2362/3179 1505/2360/3180 1489/2361/3181 1488/2363/3182
s 33
f 1507/2296/3110 1506/2327/3109 1496/2119/3144 1497/2367/3143
s 32
f 1508/2310/3106 1507/2309/3105 1497/2316/3148 1498/2315/3147
s 39
f 1509/2314/3134 1508/2310/3133 1498/2315/3152 1499/2319/3151
s 40
f 1510/2312/3138 1509/2314/3137 1499/2319/3156 1500/2321/3155
s 35
f 1511/2313/3118 1510/2312/3117 1500/2321/3160 1501/2323/3159
s 37
f 1512/2325/3126 1511/2118/3125 1501/2122/3164 1502/2365/3163
s 36
f 1513/2352/3122 1512/2351/3121 1502/2355/3168 1503/2354/3167
s 41
f 1514/2353/3142 1513/2352/3141 1503/2354/3172 1504/2358/3171
s 38
f 1515/2349/3130 1514/2353/3129 1504/2358/3176 1505/2360/3175
s 34
f 1506/2350/3114 1515/2349/3113 1505/2360/3180 1496/2362/3179
s 42
f 1518/2125/3183 1517/2126/3184 1520/2127/3185 1519/2284/3186
s 43
f 1517/2126/3187 1516/2129/3188 1521/2130/3189 1520/2127/3190
s 44
f 1530/2131/3191 1529/2132/3192 1532/2133/3193 1531/2292/3194
s 45
f 1529/2132/3195 1528/2135/3196 1533/2136/3197 1532/2133/3198
s 43
f 1521/2130/3189 1516/2129/3188 1522/2137/3199 1525/2138/3200
s 45
f 1533/2136/3197 1528/2135/3196 1534/2139/3201 1537/2140/3202
s 42
f 1487/2114/3203 1486/2286/3204 1518/2125/3183 1519/2284/3186
s 46
f 1486/2121/3205 1488/2282/3206 1524/2141/3207 1518/2287/3208
s 47
f 1488/2120/3209 1489/2280/3210 1527/2142/3211 1524/2283/3212
s 48
f 1489/2115/3213 1487/2285/3214 1519/2128/3215 1527/2281/3216
s 44
f 1491/2123/3217 1490/2294/3218 1530/2131/3191 1531/2292/3194
s 49
f 1490/2117/3219 1492/2290/3220 1536/2143/3221 1530/2295/3222
s 50
f 1492/2116/3223 1493/2288/3224 1539/2144/3225 1536/2291/3226
s 51
f 1493/2124/3227 1491/2293/3228 1531/2134/3229 1539/2289/3230
s 43
f 1516/2129/3188 1517/2126/3231 1523/2145/3232 1522/2137/3199
s 46
f 1517/2126/3233 1518/2287/3208 1524/2141/3207 1523/2145/3234
s 43
f 1522/2137/3199 1523/2145/3235 1526/2146/3236 1525/2138/3200
s 47
f 1523/2145/3237 1524/2283/3212 1527/2142/3211 1526/2146/3238
s 48
f 1519/2128/3215 1520/2127/3239 1526/2146/3240 1527/2281/3216
s 43
f 1520/2127/3241 1521/2130/3189 1525/2138/3200 1526/2146/3242
s 45
f 1528/2135/3196 1529/2132/3243 1535/2147/3244 1534/2139/3201
s 49
f 1529/2132/3245 1530/2295/3222 1536/2143/3221 1535/2147/3246
s 45
f 1534/2139/3201 1535/2147/3247 1538/2148/3248 1537/2140/3202
s 50
f 1535/2147/3249 1536/2291/3226 1539/2144/3225 1538/2148/3250
s 51
f 1531/2134/3229 1532/2133/3251 1538/2148/3252 1539/2289/3230
s 45
f 1532/2133/3253 1533/2136/3197 1537/2140/3202 1538/2148/3254
s 13
f 1308/1944/3255 1541/2223/3256 1540/2225/2794 1312/1951/2793
s off
f 1545/2150/3257 1544/2226/3258 1546/2152/3259 1547/2229/3260
s 13
f 1371/2039/2785 1370/2038/2784 1542/2224/2792 1543/2222/3261
f 1371/2039/2785 1543/2222/3261 1541/2223/3256 1308/1944/3255
s 52
f 1541/2149/3262 1543/2154/3263 1563/2155/3264 1560/2156/3265
s 53
f 1543/2154/3266 1542/2042/3267 1562/2157/3268 1563/2155/3269
s 54
f 1542/2042/3270 1540/2244/3271 1561/2158/3272 1562/2157/3273
s 55
f 1540/2043/3274 1541/2245/3275 1560/2238/3276 1561/2236/3277
f 1549/2242/3278 1548/2160/3279 1568/2234/3280 1569/2232/3281
s 54
f 1550/2163/3282 1549/2159/3283 1569/2162/3284 1570/2164/3285
s 53
f 1551/2165/3286 1550/2163/3287 1570/2164/3288 1571/2166/3289
s 52
f 1548/2243/3290 1551/2165/3291 1571/2166/3292 1568/2161/3293
s 55
f 1553/2240/3294 1552/2168/3295 1548/2160/3279 1549/2242/3278
s 54
f 1554/2169/3296 1553/2167/3297 1549/2159/3283 1550/2163/3282
s 53
f 1555/2170/3298 1554/2169/3299 1550/2163/3287 1551/2165/3286
s 52
f 1552/2241/3300 1555/2170/3301 1551/2165/3291 1548/2243/3290
s 55
f 1557/2237/3302 1556/2172/3303 1552/2168/3295 1553/2240/3294
s 54
f 1558/2173/3304 1557/2171/3305 1553/2167/3297 1554/2169/3296
s 53
f 1559/2174/3306 1558/2173/3307 1554/2169/3299 1555/2170/3298
s 52
f 1556/2239/3308 1559/2174/3309 1555/2170/3301 1552/2241/3300
s 55
f 1561/2236/3277 1560/2238/3276 1556/2172/3303 1557/2237/3302
s 54
f 1562/2157/3273 1561/2158/3272 1557/2171/3305 1558/2173/3304
s 53
f 1563/2155/3269 1562/2157/3268 1558/2173/3307 1559/2174/3306
s 52
f 1560/2156/3265 1563/2155/3264 1559/2174/3309 1556/2239/3308
s 55
f 1565/2233/3310 1564/2176/3311 1572/2230/3312 1573/2228/3313
s 54
f 1566/2179/3314 1565/2175/3315 1573/2178/3316 1574/2180/3317
s 53
f 1567/2181/3318 1566/2179/3319 1574/2180/3320 1575/2182/3321
s 52
f 1564/2235/3322 1567/2181/3323 1575/2182/3324 1572/2177/3325
s 55
f 1569/2232/3281 1568/2234/3280 1564/2176/3311 1565/2233/3310
s 54
f 1570/2164/3285 1569/2162/3284 1565/2175/3315 1566/2179/3314
s 53
f 1571/2166/3289 1570/2164/3288 1566/2179/3319 1567/2181/3318
s 52
f 1568/2161/3293 1571/2166/3292 1567/2181/3323 1564/2235/3322
s 55
f 1573/2228/3313 1572/2230/3312 1545/2150/3326 1547/2229/3327
s 54
f 1574/2180/3317 1573/2178/3316 1547/2153/3328 1546/2227/3329
s 53
f 1575/2182/3321 1574/2180/3320 1546/2152/3330 1544/2226/3331
s 52
f 1572/2177/3325 1575/2182/3324 1544/2151/3332 1545/2231/3333
s off
f 1334/2409/3334 1335/2040/3335 1577/2405/3336 1576/1956/3337
f 1335/2406/3338 1373/2044/3339 1578/1958/3340 1577/1957/3341
f 1374/2047/3342 1334/2408/3343 1576/2404/3344 1579/2401/3345
f 1373/2044/3346 1394/2369/3347 1580/2403/3348 1578/1958/3349
f 1394/2049/3350 1396/2426/3351 1581/2400/3352 1580/2050/3353
f 1396/2052/3354 1374/2047/3355 1579/2401/3356 1581/2051/3357
