# This file uses centimeters as units for non-parametric coordinates.

mtllib Porp_village_well.mtl
g default
v 344.605194 177.665039 -115.523399
v 320.697723 176.896973 -112.084137
v 344.573700 181.953583 -117.036613
v 320.666229 181.185516 -113.597351
v 344.711395 192.586960 -88.259689
v 316.593353 191.818909 -89.851669
v 344.742889 188.298401 -86.746468
v 316.624817 187.530334 -88.338455
v 335.394470 190.401489 -91.967445
v 309.448578 189.633408 -95.649223
v 335.363007 194.690048 -93.480659
v 309.417114 193.921967 -97.162445
v 338.161621 205.323425 -65.447800
v 310.043579 204.555344 -67.039780
v 338.193115 201.034836 -63.934582
v 310.075043 200.266785 -65.526573
v 342.440613 203.408798 -70.864693
v 316.873627 204.281174 -69.805023
v 342.409149 207.697342 -72.377914
v 316.842163 208.569733 -71.318237
v 343.035583 218.330719 -42.255245
v 314.917542 217.562653 -43.847237
v 343.067078 214.042160 -40.742039
v 314.949005 213.274094 -42.334023
v 348.321198 191.609970 -86.180695
v 372.010773 188.654724 -89.929916
v 348.289734 195.898514 -87.693909
v 371.979309 192.943283 -91.443123
v 346.174561 186.127274 -116.698181
v 374.347412 186.293152 -116.814026
v 346.206024 181.838730 -115.184975
v 374.378876 182.004593 -115.300804
v 343.723633 190.184158 -92.025436
v 338.202515 199.314926 -68.077980
v 343.692169 194.472717 -93.538666
v 338.171051 203.603485 -69.591202
v 373.782623 195.071320 -94.512611
v 370.081268 204.340469 -68.166206
v 373.814087 190.782745 -92.999397
v 370.112732 200.051910 -66.653000
v 342.443329 203.755188 -69.198776
v 345.340240 212.846100 -45.439186
v 342.411865 208.043732 -70.711990
v 345.308777 217.134644 -46.952408
v 374.252136 207.372177 -73.277405
v 374.274658 216.746887 -46.709305
v 374.283600 203.083633 -71.764198
v 374.306152 212.458344 -45.196091
v 402.129883 203.408798 -70.864693
v 376.562897 204.281174 -69.805023
v 402.098419 207.697342 -72.377914
v 376.531433 208.569733 -71.318237
v 402.724854 218.330719 -42.255245
v 374.606812 217.562653 -43.847237
v 402.756348 214.042160 -40.742039
v 374.638275 213.274094 -42.334023
v 399.708160 190.401489 -91.967445
v 373.762268 189.633408 -95.649223
v 399.676697 194.690048 -93.480659
v 373.730804 193.921967 -97.162445
v 402.475311 205.323425 -65.447800
v 374.357269 204.555344 -67.039780
v 402.506805 201.034836 -63.934582
v 374.388733 200.266785 -65.526573
v 400.632874 177.665039 -115.523399
v 376.725403 176.896973 -112.084137
v 400.601379 181.953583 -117.036613
v 376.693909 181.185516 -113.597351
v 400.739075 192.586960 -88.259689
v 372.621033 191.818909 -89.851669
v 400.770569 188.298401 -86.746468
v 372.652496 187.530334 -88.338455
v 433.481537 177.665039 -115.523399
v 409.574066 176.896973 -112.084137
v 433.450043 181.953583 -117.036613
v 409.542572 181.185516 -113.597351
v 433.587738 192.586960 -88.259689
v 405.469696 191.818909 -89.851669
v 433.619232 188.298401 -86.746468
v 405.501160 187.530334 -88.338455
v 424.270782 190.401489 -91.967445
v 398.324890 189.633408 -95.649223
v 424.239319 194.690048 -93.480659
v 398.293427 193.921967 -97.162445
v 427.037933 205.323425 -65.447800
v 398.919891 204.555344 -67.039780
v 427.069427 201.034836 -63.934582
v 398.951355 200.266785 -65.526573
v 431.316956 203.408798 -70.864693
v 405.749969 204.281174 -69.805023
v 431.285492 207.697342 -72.377914
v 405.718506 208.569733 -71.318237
v 431.911926 218.330719 -42.255245
v 403.793884 217.562653 -43.847237
v 431.943420 214.042160 -40.742039
v 403.825348 213.274094 -42.334023
v 437.197540 191.609970 -86.180695
v 460.887115 188.654724 -89.929916
v 437.166077 195.898514 -87.693909
v 460.855652 192.943283 -91.443123
v 435.050903 186.127274 -116.698181
v 463.223755 186.293152 -116.814026
v 435.082367 181.838730 -115.184975
v 463.255219 182.004593 -115.300804
v 432.599976 190.184158 -92.025436
v 427.078857 199.314926 -68.077980
v 432.568512 194.472717 -93.538666
v 427.047394 203.603485 -69.591202
v 462.658966 195.071320 -94.512611
v 458.957611 204.340469 -68.166206
v 462.690430 190.782745 -92.999397
v 458.989075 200.051910 -66.653000
v 431.319672 203.755188 -69.198776
v 434.216583 212.846100 -45.439186
v 431.288208 208.043732 -70.711990
v 434.185120 217.134644 -46.952408
v 463.128479 207.372177 -73.277405
v 463.151001 216.746887 -46.709305
v 463.159943 203.083633 -71.764198
v 463.182495 212.458344 -45.196091
v 491.006226 203.408798 -70.864693
v 465.439240 204.281174 -69.805023
v 490.974762 207.697342 -72.377914
v 465.407776 208.569733 -71.318237
v 491.601196 218.330719 -42.255245
v 463.483154 217.562653 -43.847237
v 491.632690 214.042160 -40.742039
v 463.514618 213.274094 -42.334023
v 488.584503 190.401489 -91.967445
v 462.638611 189.633408 -95.649223
v 488.553040 194.690048 -93.480659
v 462.607147 193.921967 -97.162445
v 491.351654 205.323425 -65.447800
v 463.233612 204.555344 -67.039780
v 491.383148 201.034836 -63.934582
v 463.265076 200.266785 -65.526573
v 489.509186 177.665039 -115.523399
v 465.601715 176.896973 -112.084137
v 489.477692 181.953583 -117.036613
v 465.570221 181.185516 -113.597351
v 489.615387 192.586960 -88.259689
v 461.497345 191.818909 -89.851669
v 489.646881 188.298401 -86.746468
v 461.528809 187.530334 -88.338455
v 389.206665 166.811005 -28.643295
v 390.962585 165.855667 -28.579185
v 391.083191 163.945007 -29.157822
v 389.447876 162.989670 -29.800537
v 387.691956 163.945007 -29.864655
v 387.571350 165.855667 -29.286018
v 389.702515 167.429596 -31.109055
v 391.440735 166.452118 -30.957008
v 391.516968 164.485916 -31.315056
v 389.854980 163.497177 -31.825157
v 388.116760 164.474655 -31.977196
v 388.040527 166.440872 -31.619148
v 390.174255 167.759003 -33.629089
v 391.896179 166.770187 -33.389938
v 391.931091 164.775192 -33.527153
v 390.244080 163.769043 -33.903534
v 388.522156 164.757874 -34.142685
v 388.487244 166.752853 -34.005470
v 390.618256 167.782272 -36.202316
v 392.323364 166.792725 -35.865593
v 392.315277 164.795898 -35.753212
v 390.602051 163.788620 -35.977562
v 388.896973 164.778168 -36.314331
v 388.905060 166.774994 -36.426682
v 391.023682 167.428970 -38.823166
v 392.710175 166.456100 -38.365692
v 392.654083 164.502243 -37.942276
v 390.911530 163.521255 -37.976303
v 389.225037 164.494125 -38.433762
v 389.281097 166.447983 -38.857162
v 391.363953 166.553680 -41.450775
v 393.030090 165.634445 -40.835144
v 392.921265 163.819550 -40.001877
v 391.146332 162.923904 -39.784241
v 389.480164 163.843140 -40.399841
v 389.588989 165.658035 -41.233109
v 391.579803 164.928894 -43.917953
v 393.229095 164.139938 -43.107162
v 393.076477 162.663956 -41.766220
v 391.274567 161.976959 -41.236008
v 389.625275 162.765915 -42.046783
v 389.777863 164.241898 -43.387756
v 391.600952 162.647949 -45.729111
v 393.248108 162.051758 -44.764023
v 393.090088 161.064346 -43.031952
v 391.284882 160.673126 -42.264969
v 389.637726 161.269318 -43.230057
v 389.795746 162.256729 -44.962143
v 391.473419 160.062119 -46.792679
v 393.130096 159.663651 -45.745483
v 392.994629 159.145462 -43.818527
v 391.202515 159.025742 -42.938797
v 389.545837 159.424210 -43.985992
v 389.681274 159.942398 -45.912964
v 391.259521 157.377029 -47.217972
v 392.931488 157.172836 -46.139664
v 392.829773 157.082062 -44.144318
v 391.056030 157.195480 -43.227264
v 389.384033 157.399673 -44.305573
v 389.485779 157.490448 -46.300919
v 391.000153 154.687012 -47.073273
v 392.691528 154.684967 -46.005890
v 392.629211 155.005966 -44.032791
v 390.875549 155.328995 -43.127090
v 389.184204 155.331039 -44.194458
v 389.246490 155.010040 -46.167542
v 390.725891 152.060822 -46.350601
v 392.440674 152.283981 -45.345688
v 392.422791 153.032974 -43.491318
v 390.690186 153.558838 -42.641876
v 388.975464 153.335678 -43.646774
v 388.993286 152.586670 -45.501144
v 390.471344 149.619522 -44.978882
v 392.212158 150.093643 -44.115845
v 392.241272 151.295395 -42.517426
v 390.529633 152.023026 -41.782028
v 388.788849 151.548904 -42.645065
v 388.759705 150.347153 -44.243484
v 390.270386 147.631668 -43.038544
v 392.030579 148.295319 -42.359299
v 392.095886 149.851028 -41.104111
v 390.401031 150.743073 -40.528168
v 388.640869 150.079422 -41.207397
v 388.575562 148.523727 -42.462601
v 390.105621 146.175049 -40.789505
v 391.877747 146.943375 -40.270630
v 391.967529 148.713287 -39.343613
v 390.285187 149.714874 -38.935471
v 388.513062 148.946533 -39.454330
v 388.423279 147.176620 -40.381348
v 389.945709 145.163605 -38.399338
v 391.725983 145.982986 -38.000229
v 391.834808 147.872437 -37.353577
v 390.163361 148.942490 -37.106049
v 388.383118 148.123108 -37.505173
v 388.274292 146.233658 -38.151825
v 389.764709 144.505997 -35.952667
v 391.551086 145.347565 -35.635490
v 391.677551 147.300781 -35.224411
v 390.017578 148.412430 -35.130524
v 388.231201 147.570862 -35.447693
v 388.104767 145.617645 -35.858749
v 389.540131 144.137100 -33.488052
v 391.331177 144.986298 -33.221535
v 391.476318 146.970215 -33.014137
v 389.830444 148.104919 -33.073257
v 388.039398 147.255722 -33.339783
v 387.894226 145.271805 -33.547180
v 389.249207 144.018814 -31.025780
v 391.043121 144.869186 -30.783432
v 391.210297 146.862061 -30.761131
v 389.583557 148.004562 -30.981186
v 387.789612 147.154190 -31.223541
v 387.622467 145.161316 -31.245834
v 388.874634 144.152039 -28.547394
v 390.674500 145.000183 -28.344795
v 390.873596 146.981186 -28.534615
v 389.272736 148.114029 -28.927002
v 387.472839 147.265884 -29.129608
v 387.273804 145.284897 -28.939796
v 388.433075 144.616928 -26.043083
v 390.248474 145.448318 -25.929016
v 390.496887 147.376114 -26.400101
v 388.929871 148.472504 -26.985260
v 387.114471 147.641098 -27.099335
v 386.866058 145.713303 -26.628235
v 387.959076 145.553619 -23.560028
v 389.802612 146.328400 -23.593948
v 390.121399 148.114349 -24.435822
v 388.596680 149.125519 -25.243782
v 386.753174 148.350723 -25.209854
v 386.434387 146.564774 -24.367989
v 387.518066 147.131210 -21.255730
v 389.399536 147.768097 -21.489281
v 389.801514 149.251541 -22.769035
v 388.322083 150.098114 -23.815247
v 386.440613 149.461227 -23.581696
v 386.038635 147.977768 -22.301949
v 387.214844 149.377838 -19.443024
v 389.127869 149.779083 -19.866661
v 389.593628 150.786301 -21.530563
v 388.146362 151.392288 -22.770836
v 386.233398 150.991043 -22.347229
v 385.767609 149.983810 -20.683334
v 387.122070 152.004639 -18.364166
v 389.044647 152.139755 -18.898392
v 389.528748 152.637726 -20.773926
v 388.090302 153.000595 -22.115250
v 386.167725 152.865479 -21.581032
v 385.683594 152.367508 -19.705498
v 387.210632 154.777756 -17.943665
v 389.126862 154.698914 -18.510956
v 389.598083 154.762619 -20.453613
v 388.153076 154.905167 -21.828964
v 386.236847 154.984024 -21.261688
v 385.765625 154.920319 -19.319038
v 387.403931 157.537048 -18.092606
v 389.308594 157.290710 -18.650780
v 389.752136 156.953430 -20.571594
v 388.291016 156.862488 -21.934227
v 386.386322 157.108841 -21.376068
v 385.942810 157.446121 -19.455254
v 387.655945 160.229904 -18.818062
v 389.546478 159.831497 -19.334953
v 389.951233 159.077515 -21.142609
v 388.465515 158.721939 -22.433418
v 386.575012 159.120346 -21.916542
v 386.170197 159.874329 -20.108864
v 387.931396 162.724426 -20.176819
v 389.806458 162.185303 -20.616669
v 390.164368 161.004623 -22.190811
v 388.647156 160.363068 -23.325096
v 386.772095 160.902191 -22.885216
v 386.414246 162.082870 -21.311089
v 388.189362 164.806458 -22.155518
v 390.050232 164.152298 -22.486023
v 390.361847 162.596466 -23.703529
v 388.812561 161.694824 -24.590553
v 386.951721 162.348984 -24.260048
v 386.640076 163.904800 -23.042549
v 388.391724 166.291473 -24.581848
v 390.242523 165.563293 -24.792068
v 390.519653 163.753250 -25.596352
v 388.945953 162.671371 -26.190460
v 387.095093 163.399536 -25.980247
v 386.817993 165.209595 -25.175957
v 388.522888 167.160538 -27.208015
v 390.368317 166.396637 -27.311508
v 390.626312 164.459061 -27.734924
v 389.038788 163.285385 -28.054840
v 387.193329 164.049286 -27.951347
v 386.935364 165.986862 -27.527939
v 388.589294 167.525787 -29.862129
v 390.432648 166.750092 -29.881943
v 390.682800 164.769180 -29.997665
v 389.089600 163.563950 -30.093582
v 387.246277 164.339645 -30.073776
v 386.996094 166.320557 -29.958054
v 388.604401 167.517944 -32.469467
v 390.447357 166.742294 -32.426430
v 390.696106 164.761505 -32.305603
v 389.101868 163.556366 -32.227814
v 387.258881 164.332031 -32.270851
v 387.010162 166.312820 -32.391685
v 394.057861 144.801025 -37.844742
v 395.793457 145.742081 -37.525269
v 395.801056 147.617126 -36.829514
v 394.073029 148.551147 -36.453217
v 392.337402 147.610092 -36.772675
v 392.329834 145.735046 -37.468445
v 394.082336 144.044281 -35.367798
v 395.817047 145.012421 -35.136673
v 395.822449 146.955368 -34.662476
v 394.093109 147.930222 -34.419403
v 392.358368 146.962082 -34.650528
v 392.352966 145.019119 -35.124725
v 394.072571 143.573563 -32.826157
v 395.807648 144.557922 -32.682877
v 395.813934 146.542038 -32.431412
v 394.085114 147.541794 -32.323212
v 392.350037 146.557449 -32.466492
v 392.343750 144.573318 -32.717941
v 394.025238 143.405853 -30.220612
v 395.762146 144.396423 -30.176147
v 395.773071 146.396393 -30.177414
v 394.047089 147.405807 -30.223160
v 392.310181 146.415253 -30.267609
v 392.299286 144.415283 -30.266342
v 393.930664 143.611923 -27.554779
v 395.671967 144.592575 -27.633133
v 395.694275 146.567047 -27.950821
v 393.975250 147.560867 -28.190170
v 392.233948 146.580200 -28.111832
v 392.211670 144.605728 -27.794144
v 393.770264 144.339401 -24.865692
v 395.521332 145.275330 -25.105927
v 395.568970 147.133896 -25.843124
v 393.865509 148.056519 -26.340088
v 392.114410 147.120605 -26.099869
v 392.066803 145.262024 -25.362671
v 393.516907 145.825134 -22.315781
v 395.288269 146.641785 -22.757782
v 395.388672 148.190048 -24.019836
v 393.717651 148.921646 -24.839920
v 391.946289 148.105026 -24.397934
v 391.845947 146.556732 -23.135864
v 393.194824 148.003601 -20.409515
v 394.993317 148.636230 -21.013901
v 395.162415 149.718048 -22.687515
v 393.533020 150.167282 -23.756775
v 391.734558 149.534668 -23.152405
v 391.565460 148.452835 -21.478760
v 392.866882 150.528641 -19.247360
v 394.690369 150.968231 -19.941452
v 394.918762 151.591980 -21.827927
v 393.323669 151.776138 -23.020325
v 391.500214 151.336563 -22.326248
v 391.271820 150.712814 -20.439758
v 392.573853 153.188431 -18.721939
v 394.418457 153.435577 -19.454376
v 394.693268 153.635986 -21.425232
v 393.123535 153.589233 -22.663666
v 391.278961 153.342087 -21.931244
v 391.004120 153.141678 -19.960373
v 392.343323 155.884628 -18.763718
v 394.205078 155.929169 -19.492966
v 394.514923 155.716858 -21.457397
v 392.963013 155.460007 -22.692535
v 391.101257 155.415466 -21.963272
v 390.791382 155.627777 -19.998856
v 392.206757 158.548752 -19.378601
v 394.080017 158.364807 -20.054703
v 394.411682 157.718277 -21.918015
v 392.870117 157.255630 -23.105240
v 390.996887 157.439575 -22.429169
v 390.665192 158.086136 -20.565872
v 392.211670 161.063492 -20.636566
v 394.084167 160.621002 -21.182495
v 394.414429 159.507980 -22.811035
v 392.872253 158.837479 -23.893646
v 390.999756 159.279984 -23.347717
v 390.669495 160.392990 -21.719177
v 392.376587 163.156006 -22.467163
v 394.233795 162.514053 -22.839706
v 394.535522 161.028580 -24.144440
v 392.980042 160.185059 -25.076630
v 391.122864 160.826981 -24.704086
v 390.821167 162.312454 -23.399353
v 392.635681 164.734573 -24.623093
v 394.474579 163.979248 -24.841919
v 394.738922 162.261780 -25.832062
v 393.164368 161.299622 -26.603394
v 391.325439 162.054947 -26.384598
v 391.061096 163.772430 -25.394424
v 392.926544 165.876312 -26.941116
v 394.750977 165.063416 -27.043793
v 394.981476 163.211121 -27.762054
v 393.387512 162.171722 -28.377625
v 391.563049 162.984619 -28.274933
v 391.332550 164.836914 -27.556686
v 393.207672 166.668030 -29.338120
v 395.022766 165.828461 -29.360504
v 395.226379 163.899460 -29.847946
v 393.614868 162.810059 -30.313004
v 391.799774 163.649643 -30.290619
v 391.596161 165.578629 -29.803192
v 393.449677 167.172882 -31.776855
v 395.259857 166.322876 -31.749115
v 395.443604 164.351944 -32.035004
v 393.817200 163.231049 -32.348618
v 392.007050 164.081055 -32.376358
v 391.823273 166.051971 -32.090469
v 393.626404 167.427979 -34.239594
v 395.434875 166.575455 -34.187683
v 395.605499 164.585281 -34.288391
v 393.967651 163.447647 -34.441040
v 392.159210 164.300186 -34.492950
v 391.988586 166.290329 -34.392242
v 393.724274 167.433594 -36.747742
v 395.531128 166.581070 -36.655624
v 395.693207 164.590912 -36.541687
v 394.048431 163.453262 -36.519913
v 392.241577 164.305786 -36.612061
v 392.079498 166.295944 -36.725998
v 393.761597 167.110092 -39.312256
v 395.567047 166.269333 -39.129440
v 395.724701 164.316498 -38.727478
v 394.076874 163.204437 -38.508316
v 392.271423 164.045197 -38.691116
v 392.113770 165.998047 -39.093079
v 393.763580 166.314667 -41.888054
v 395.568787 165.522095 -41.551727
v 395.725739 163.690018 -40.765099
v 394.077515 162.650482 -40.314804
v 392.272339 163.443069 -40.651131
v 392.115356 165.275162 -41.437767
v 393.765106 164.869263 -44.317848
v 395.569885 164.203140 -43.771011
v 395.725983 162.648438 -42.522614
v 394.077271 161.759842 -41.821037
v 392.272491 162.425964 -42.367897
v 392.116394 163.980682 -43.616295
v 393.810364 162.727768 -46.276703
v 395.610168 162.286255 -45.524490
v 395.756165 161.185501 -43.861053
v 394.102356 160.526245 -42.949837
v 392.302582 160.967758 -43.702026
v 392.156586 162.068527 -45.365463
v 393.924866 160.164688 -47.497429
v 395.713013 159.982773 -46.620247
v 395.836700 159.378784 -44.717659
v 394.172272 158.956680 -43.692223
v 392.384125 159.138596 -44.569427
v 392.260406 159.742584 -46.472031
v 394.093964 157.417938 -48.046577
v 395.869415 157.447906 -47.126320
v 395.967346 157.273972 -45.136299
v 394.289856 157.070068 -44.066559
v 392.514404 157.040070 -44.986801
v 392.416443 157.213989 -46.976830
v 394.258972 154.652939 -48.016869
v 396.024567 154.850769 -47.098473
v 396.098969 155.078644 -45.112877
v 394.407745 155.108704 -44.045700
v 392.642120 154.910889 -44.964119
v 392.567749 154.682983 -46.949692
v 394.373199 151.922302 -47.407089
v 396.132507 152.274353 -46.523407
v 396.189636 152.924820 -44.633003
v 394.487457 153.223267 -43.626282
v 392.728149 152.871216 -44.509964
v 392.671021 152.220734 -46.400360
v 394.391296 149.354935 -46.160889
v 396.149719 149.851822 -45.347862
v 396.204163 150.941528 -43.671669
v 394.500183 151.534317 -42.808517
v 392.741760 151.037445 -43.621544
v 392.687317 149.947739 -45.297729
v 394.275238 147.165771 -44.287163
v 396.040161 147.783630 -43.577690
v 396.115753 149.267776 -42.239182
v 394.426392 150.134048 -41.610146
v 392.661499 149.516220 -42.319618
v 392.585938 148.032074 -43.658127
v 394.019836 145.548828 -41.951897
v 395.797394 146.247238 -41.358177
v 395.916443 148.008072 -40.417305
v 394.257904 149.070496 -40.070122
v 392.480347 148.372116 -40.663849
v 392.361298 146.611282 -41.604729
v 393.656250 144.536652 -39.399933
v 395.448547 145.276581 -38.909882
v 395.620209 147.185715 -38.339081
v 393.999542 148.354904 -38.258316
v 392.207245 147.614944 -38.748367
v 392.035583 145.705841 -39.319153
v 393.223267 144.026581 -36.804825
v 395.029205 144.782898 -36.396606
v 395.250946 146.752136 -36.126617
v 393.666748 147.965088 -36.264816
v 391.860840 147.208801 -36.673050
v 391.639099 145.239548 -36.943054
v 392.748260 143.892075 -34.244598
v 394.565613 144.651779 -33.898087
v 394.830383 146.633804 -33.860352
v 393.277802 147.856140 -34.169128
v 391.460449 147.096451 -34.515656
v 391.195679 145.114426 -34.553375
v 396.851379 144.753601 -37.766632
v 398.644165 145.570465 -37.422211
v 398.773346 147.432907 -36.704849
v 397.109711 148.478500 -36.331924
v 395.316925 147.661652 -36.676331
v 395.187744 145.799210 -37.393707
v 396.802155 143.969910 -35.298447
v 398.596680 144.814819 -35.042053
v 398.730255 146.747559 -34.545486
v 397.069275 147.835434 -34.305313
v 395.274750 146.990555 -34.561691
v 395.141174 145.057785 -35.058258
v 396.737671 143.473175 -32.762543
v 398.534454 144.335205 -32.593826
v 398.673706 146.311417 -32.319473
v 397.016144 147.425568 -32.213867
v 395.219360 146.563568 -32.382599
v 395.080139 144.587357 -32.656921
v 396.655792 143.280624 -30.159607
v 398.455719 144.149796 -30.089569
v 398.602905 146.144257 -30.067719
v 396.950226 147.269531 -30.115875
v 395.150330 146.400375 -30.185883
v 395.003113 144.405930 -30.207748
v 396.551727 143.463486 -27.492432
v 398.356445 144.323837 -27.545288
v 398.516083 146.295532 -27.840012
v 396.870972 147.406921 -28.081909
v 395.066254 146.546585 -28.029068
v 394.906647 144.574875 -27.734329
v 396.417297 144.170776 -24.796524
v 398.230164 144.987579 -25.011703
v 398.410919 146.846512 -25.727036
v 396.778809 147.888641 -26.227203
v 394.965912 147.071838 -26.012039
v 394.785156 145.212891 -25.296707
v 396.243073 145.642365 -22.231842
v 398.069855 146.340988 -22.649933
v 398.286743 147.892517 -23.893234
v 396.676880 148.745377 -24.718414
v 394.850098 148.046738 -24.300308
v 394.633209 146.495224 -23.057037
v 396.053223 147.816757 -20.303284
v 397.895966 148.331726 -20.885681
v 398.153320 149.417725 -22.545288
v 396.567932 149.988770 -23.622528
v 394.725189 149.473816 -23.040161
v 394.467834 148.387802 -21.380524
v 395.887756 150.345444 -19.114838
v 397.743073 150.667130 -19.788925
v 398.030273 151.294418 -21.666153
v 396.462158 151.600037 -22.869308
v 394.606842 151.278366 -22.195251
v 394.319672 150.651062 -20.317993
v 395.772034 153.013107 -18.561218
v 397.635620 153.141785 -19.275696
v 397.941040 153.344498 -21.241791
v 396.382874 153.418533 -22.493454
v 394.519257 153.289856 -21.778961
v 394.213867 153.087128 -19.812851
v 395.726135 155.719040 -18.573792
v 397.593018 155.644394 -19.287308
v 397.905212 155.432907 -21.251450
v 396.350464 155.296112 -22.502075
v 394.483582 155.370758 -21.788574
v 394.171387 155.582230 -19.824432
v 395.776947 158.392853 -19.159058
v 397.639282 158.088882 -19.821915
v 397.942719 157.441635 -21.689789
v 396.383850 157.098297 -22.894806
v 394.521545 157.402252 -22.231949
v 394.218079 158.049515 -20.364090
v 395.964478 160.914993 -20.387894
v 397.807220 160.351715 -20.923584
v 398.075378 159.236664 -22.562119
v 396.500793 158.684845 -23.664902
v 394.658020 159.248108 -23.129181
v 394.389862 160.363159 -21.490677
v 396.287933 163.011246 -22.192841
v 398.100281 162.248184 -22.557617
v 398.311707 160.759933 -23.876862
v 396.710754 160.034775 -24.831360
v 394.898376 160.797852 -24.466599
v 394.686981 162.286087 -23.147339
v 396.673187 164.591949 -24.328278
v 398.458221 163.715332 -24.540771
v 398.613708 161.994751 -25.548462
v 396.984192 161.150787 -26.343643
v 395.199127 162.027420 -26.131149
v 395.043640 163.747986 -25.123459
v 397.061829 165.736450 -26.630554
v 398.827515 164.802109 -26.727722
v 398.937622 162.946365 -27.465363
v 397.282043 162.024994 -28.105820
v 395.516388 162.959335 -28.008667
v 395.406281 164.815063 -27.271027
v 397.417633 166.533325 -29.015915
v 399.171448 165.572113 -29.033157
v 399.247437 163.639191 -29.541122
v 397.569672 162.667450 -30.031799
v 395.815857 163.628647 -30.014557
v 395.739838 165.561584 -29.506592
v 397.715240 167.047104 -31.446594
v 399.462952 166.075302 -31.413925
v 399.514496 164.099670 -31.720963
v 397.818359 163.095886 -32.060715
v 396.070618 164.067688 -32.093414
v 396.019073 166.043304 -31.786346
v 397.930878 167.316452 -33.904724
v 399.676483 166.341995 -33.847900
v 399.712006 164.346039 -33.970139
v 398.001862 163.324570 -34.149216
v 396.256256 164.299042 -34.206039
v 396.220764 166.294998 -34.083801
v 398.051270 167.342819 -36.411774
v 399.794922 166.368027 -36.314728
v 399.819977 164.370300 -36.222427
v 398.101349 163.347397 -36.227173
v 396.357697 164.322189 -36.324188
v 396.332642 166.319916 -36.416519
v 398.089294 167.045609 -38.979424
v 399.831543 166.081635 -38.791626
v 399.852173 164.118301 -38.410896
v 398.130493 163.118958 -38.218002
v 396.388245 164.082932 -38.405807
v 396.367645 166.046280 -38.786514
v 398.060059 166.280106 -41.564133
v 399.803955 165.362549 -41.222252
v 399.828674 163.515533 -40.455521
v 398.109497 162.586060 -40.030678
v 396.365601 163.503616 -40.372551
v 396.340881 165.350647 -41.139290
v 397.984741 164.864624 -44.010323
v 399.734985 164.070953 -43.456497
v 399.773621 162.495667 -42.224854
v 398.062012 161.714050 -41.547035
v 396.311737 162.507721 -42.100876
v 396.273132 164.083023 -43.332504
v 397.901428 162.746582 -45.993279
v 399.660156 162.175079 -45.231567
v 399.715973 161.048782 -43.579788
v 398.013031 160.494019 -42.689705
v 396.254272 161.065536 -43.451408
v 396.198486 162.191803 -45.103195
v 397.851837 160.195160 -47.242477
v 399.615540 159.882065 -46.352890
v 399.680817 159.250259 -44.456436
v 397.982391 158.931564 -43.449539
v 396.218719 159.244659 -44.339127
v 396.153442 159.876450 -46.235596
v 397.838257 157.449448 -47.821815
v 399.603333 157.348114 -46.886841
v 399.671448 157.146133 -44.898224
v 397.974457 157.045517 -43.844604
v 396.209381 157.146820 -44.779587
v 396.141266 157.348770 -46.768188
v 397.814148 154.679489 -47.822624
v 399.580872 154.746292 -46.887642
v 399.652924 154.946854 -44.899025
v 397.958221 155.080566 -43.845390
v 396.191498 155.013763 -44.780380
v 396.119446 154.813202 -46.768990
v 397.736572 151.940903 -47.243423
v 399.507843 152.162384 -46.341438
v 399.592316 152.786743 -44.443260
v 397.905518 153.189606 -43.447075
v 396.134277 152.968124 -44.349052
v 396.049805 152.343796 -46.247231
v 397.568542 149.364822 -46.026779
v 399.349426 149.731628 -45.193771
v 399.463104 150.796677 -43.504753
v 397.795837 151.494904 -42.648750
v 396.014954 151.128098 -43.481743
v 395.901306 150.063065 -45.170776
v 397.286896 147.168335 -44.179413
v 399.083405 147.656494 -43.448494
v 399.248016 149.117294 -42.092400
v 397.616119 150.089920 -41.467216
v 395.819580 149.601761 -42.198120
v 395.654968 148.140961 -43.554214
v 396.901062 145.547150 -41.865074
v 398.716736 146.116058 -41.248871
v 398.947083 147.854279 -40.286835
v 397.361786 149.023575 -39.940987
v 395.546143 148.454651 -40.557182
v 395.315765 146.716431 -41.519218
v 396.446594 144.534286 -39.327980
v 398.280731 145.144775 -38.814857
v 398.576965 147.031372 -38.220703
v 397.039124 148.307495 -38.139694
v 395.205017 147.696976 -38.652824
v 394.908752 145.810394 -39.246956
v 395.956757 144.026596 -36.742554
v 397.806305 144.653381 -36.310944
v 398.159302 146.599838 -36.016464
v 396.662781 147.919525 -36.153610
v 394.813232 147.292740 -36.585220
v 394.460205 145.346298 -36.879700
v 395.450867 143.896835 -34.187988
v 397.312592 144.526886 -33.817947
v 397.711487 146.485703 -33.755219
v 396.248627 147.814453 -34.062546
v 394.386871 147.184402 -34.432587
v 393.987976 145.225586 -34.495316
v 399.242188 144.314148 -36.270264
v 401.107605 145.034592 -36.236954
v 401.434418 146.940964 -35.728119
v 399.895782 148.126923 -35.252640
v 398.030334 147.406479 -35.285950
v 397.703552 145.500122 -35.794769
v 399.475830 143.761414 -33.750671
v 401.332947 144.501633 -33.807205
v 401.638885 146.457657 -33.523788
v 400.087677 147.673477 -33.183838
v 398.230560 146.933243 -33.127289
v 397.924652 144.977219 -33.410706
v 399.719452 143.500931 -31.190491
v 401.568146 144.250092 -31.335541
v 401.852722 146.228882 -31.276474
v 400.288605 147.458450 -31.072372
v 398.439880 146.709274 -30.927322
v 398.155334 144.730499 -30.986389
v 399.971710 143.549866 -28.591827
v 401.810852 144.297058 -28.835388
v 402.070953 146.270660 -29.028366
v 400.491943 147.497086 -28.977768
v 398.652832 146.749924 -28.734177
v 398.392700 144.776321 -28.541199
v 400.231476 143.979172 -25.963852
v 402.058655 144.706161 -26.328461
v 402.287903 146.627762 -26.833252
v 400.690033 147.822388 -26.973480
v 398.862854 147.095398 -26.608887
v 398.633606 145.173798 -26.104065
v 400.494324 144.934174 -23.355194
v 402.305664 145.602722 -23.876770
v 402.493958 147.372925 -24.788361
v 400.870911 148.474564 -25.178345
v 399.059540 147.806000 -24.656769
v 398.871246 146.035812 -23.745193
v 400.743164 146.639450 -20.946121
v 402.534851 147.171356 -21.658157
v 402.671936 148.586044 -23.065262
v 401.017365 149.468796 -23.760330
v 399.225708 148.936905 -23.048248
v 399.088623 147.522217 -21.641174
v 400.931824 148.986771 -19.232056
v 402.707275 149.320267 -20.090240
v 402.803345 150.232117 -21.867691
v 401.123901 150.810455 -22.786957
v 399.348450 150.476974 -21.928772
v 399.252380 149.565109 -20.151321
v 401.066589 151.617691 -18.286484
v 402.831543 151.750015 -19.217773
v 402.902710 152.184433 -21.168732
v 401.208923 152.486526 -22.188385
v 399.443909 152.354218 -21.257095
v 399.372742 151.919785 -19.306137
v 401.174377 154.326065 -17.987457
v 402.931427 154.262421 -18.940720
v 402.985168 154.265717 -20.940002
v 401.281799 154.332672 -21.986023
v 399.524780 154.396317 -21.032761
v 399.471039 154.393005 -19.033478
v 401.278625 157.016663 -18.259949
v 403.027710 156.750839 -19.192703
v 403.065216 156.342331 -21.150177
v 401.353638 156.199631 -22.174896
v 399.604523 156.465454 -21.242172
v 399.567017 156.873962 -19.284698
v 401.401093 159.617081 -19.106796
v 403.139526 159.128311 -19.966431
v 403.156738 158.296066 -21.784973
v 401.435547 157.952576 -22.743866
v 399.697113 158.441360 -21.884232
v 399.679871 159.273590 -20.065704
v 401.565308 161.999451 -20.591263
v 403.286682 161.265839 -21.297455
v 403.273132 159.991882 -22.839157
v 401.538208 159.451538 -23.674683
v 399.816833 160.185150 -22.968506
v 399.830383 161.459122 -21.426804
v 401.764099 163.897461 -22.619781
v 403.466797 162.982803 -23.133759
v 403.418396 161.370728 -24.316498
v 401.667297 160.673309 -24.985260
v 399.964569 161.587982 -24.471283
v 400.012970 163.200043 -23.288544
v 401.951477 165.249207 -24.931656
v 403.640930 164.237320 -25.280701
v 403.565430 162.426315 -26.126007
v 401.800446 161.627167 -26.622238
v 400.110992 162.639069 -26.273178
v 400.186523 164.450089 -25.427887
v 402.095825 166.152283 -27.365784
v 403.778107 165.094772 -27.592880
v 403.685791 163.176895 -28.152603
v 401.911194 162.316559 -28.485214
v 400.228943 163.374069 -28.258118
v 400.321228 165.291946 -27.698441
v 402.177216 166.704681 -29.843643
v 403.856812 165.628494 -29.987717
v 403.756805 163.656967 -30.308823
v 401.977173 162.761627 -30.485840
v 400.297577 163.837814 -30.341751
v 400.397614 165.809341 -30.020660
v 402.179199 166.975693 -32.331085
v 403.858795 165.893890 -32.424042
v 403.758728 163.899734 -32.539551
v 401.979095 162.987411 -32.562103
v 400.299500 164.069199 -32.469162
v 400.399536 166.063354 -32.353638
v 402.082764 167.006989 -34.811249
v 403.763336 165.924850 -34.879852
v 403.670685 163.928268 -34.808899
v 401.897461 163.013809 -34.669342
v 400.216888 164.095932 -34.600723
v 400.309570 166.092514 -34.671677
v 401.872009 166.798904 -37.303772
v 403.555939 165.720200 -37.332413
v 403.481201 163.741898 -37.048172
v 401.722534 162.842331 -36.735321
v 400.038635 163.921021 -36.706680
v 400.113342 165.899292 -36.990921
v 401.553650 166.269470 -39.813950
v 403.248779 165.209808 -39.753876
v 403.209717 163.291992 -39.187775
v 401.475464 162.433853 -38.681747
v 399.780334 163.493515 -38.741821
v 399.819427 165.411346 -39.307922
v 401.140259 165.277802 -42.286453
v 402.859985 164.278061 -42.079071
v 402.882507 162.510330 -41.143860
v 401.185303 161.742355 -40.416061
v 399.465576 162.742126 -40.623459
v 399.443054 164.509857 -41.558655
v 400.663269 163.655975 -44.552551
v 402.424194 162.797958 -44.148903
v 402.537109 161.341202 -42.783249
v 400.889099 160.742416 -41.821198
v 399.128143 161.600433 -42.224854
v 399.015228 163.057205 -43.590515
v 400.200226 161.378387 -46.291328
v 402.009491 160.759277 -45.705383
v 402.220062 159.785370 -43.971268
v 400.621368 159.430542 -42.823105
v 398.812103 160.049622 -43.409058
v 398.601562 161.023560 -45.143158
v 399.843384 158.734070 -47.267502
v 401.688873 158.382919 -46.581352
v 401.968811 157.921738 -44.655495
v 400.403229 157.811661 -43.415787
v 398.557739 158.162811 -44.101936
v 398.277802 158.623993 -46.027802
v 399.599792 155.954620 -47.567902
v 401.464508 155.817902 -46.857918
v 401.783478 155.791901 -44.883690
v 400.237701 155.902618 -43.619446
v 398.372986 156.039337 -44.329414
v 398.054016 156.065338 -46.303665
v 399.420929 153.203995 -47.293503
v 401.296692 153.234222 -46.600243
v 401.642029 153.607880 -44.666046
v 400.111633 153.951324 -43.425110
v 398.235870 153.921097 -44.118385
v 397.890503 153.547440 -46.052567
v 399.267578 150.540497 -46.442902
v 401.152100 150.721085 -45.797981
v 401.521515 151.506836 -43.996284
v 400.006378 152.111984 -42.839493
v 398.121826 151.931381 -43.484406
v 397.752441 151.145660 -45.286110
v 399.118042 148.102097 -44.967621
v 401.011078 148.420212 -44.406288
v 401.406372 149.622971 -42.858017
v 399.908569 150.507629 -41.871094
v 398.015503 150.189499 -42.432419
v 397.620239 148.986725 -43.980682
v 398.960602 146.105469 -42.892670
v 400.862427 146.533890 -42.446014
v 401.286285 148.096375 -41.271698
v 399.808289 149.230438 -40.544037
v 397.906464 148.802002 -40.990707
v 397.482605 147.239517 -42.165009
v 398.794006 144.729645 -40.400146
v 400.704132 145.226700 -40.077072
v 401.156494 147.024796 -39.327301
v 399.698700 148.325882 -38.900574
v 397.788574 147.828857 -39.223663
v 397.336212 146.030731 -39.973434
v 398.622925 143.983063 -37.738831
v 400.540039 144.510849 -37.523926
v 401.017273 146.418701 -37.160202
v 399.577423 147.798798 -37.011398
v 397.660309 147.271027 -37.226318
v 397.183105 145.363144 -37.590027
v 398.451508 143.745163 -35.074966
v 400.374023 144.280731 -34.944077
v 400.871155 146.217178 -34.889221
v 399.445770 147.618073 -34.965256
v 397.523254 147.082520 -35.096176
v 397.026123 145.146072 -35.151016
v 398.281250 143.881088 -32.476685
v 400.207855 144.413498 -32.408417
v 400.720459 146.338211 -32.589355
v 399.306427 147.730499 -32.838516
v 397.379791 147.198044 -32.906784
v 396.867218 145.273331 -32.725861
v 400.758545 145.181702 -37.321312
v 402.725586 145.518982 -37.191254
v 403.396576 147.239197 -36.422699
v 402.100494 148.622116 -35.784203
v 400.133423 148.284836 -35.914268
v 399.462463 146.564636 -36.682823
v 400.819458 144.254822 -34.903526
v 402.784363 144.625244 -34.859688
v 403.449921 146.428558 -34.307404
v 402.150604 147.861465 -33.798958
v 400.185699 147.491058 -33.842789
v 399.520111 145.687729 -34.395081
v 400.944733 143.604492 -32.404922
v 402.905304 143.997330 -32.447464
v 403.559906 145.857574 -32.114128
v 402.253906 147.324921 -31.738281
v 400.293335 146.932083 -31.695740
v 399.638733 145.071854 -32.029053
v 401.136475 143.247955 -29.825142
v 403.089752 143.654160 -29.965508
v 403.725647 145.548553 -29.882446
v 402.408295 147.036743 -29.659019
v 400.455048 146.630508 -29.518639
v 399.819092 144.736115 -29.601700
v 401.407257 143.255554 -27.163445
v 403.347961 143.661041 -27.426453
v 403.951569 145.553482 -27.659386
v 402.614410 147.040497 -27.629303
v 400.673706 146.635025 -27.366310
v 400.070099 144.742538 -27.133377
v 401.781647 143.776123 -24.447731
v 403.699646 144.149307 -24.874306
v 404.244385 145.958176 -25.531044
v 402.871094 147.393829 -25.761208
v 400.953064 147.020645 -25.334656
v 400.408356 145.211761 -24.677917
v 402.290222 145.055771 -21.825264
v 404.167664 145.326004 -22.459427
v 404.606873 146.867035 -23.656227
v 403.168610 148.137802 -24.218887
v 401.291168 147.867584 -23.584709
v 400.851959 146.326538 -22.387909
v 402.879333 147.066040 -19.801605
v 404.706787 147.166595 -20.608055
v 405.019226 148.277557 -22.241516
v 403.504242 149.287964 -23.068504
v 401.676819 149.187393 -22.262054
v 401.364349 148.076447 -20.628601
v 403.488861 149.467453 -18.499405
v 405.269531 149.384506 -19.406235
v 405.471008 150.060043 -21.277885
v 403.891815 150.818497 -22.242706
v 402.111145 150.901413 -21.335892
v 401.909668 150.225891 -19.464233
v 404.102905 152.037796 -17.826645
v 405.839020 151.768951 -18.782471
v 405.942474 152.035507 -20.761940
v 404.309845 152.570862 -21.785576
v 402.573700 152.839706 -20.829735
v 402.470245 152.573151 -18.850281
v 404.724365 154.669754 -17.722321
v 406.413666 154.203186 -18.685944
v 406.421753 154.066910 -20.681274
v 404.740540 154.397232 -21.712982
v 403.051270 154.863800 -20.749367
v 403.043152 155.000076 -18.754028
v 405.360962 157.289215 -18.199326
v 406.995514 156.598022 -19.121559
v 406.899536 156.034866 -21.038239
v 405.169006 156.162857 -22.032654
v 403.534454 156.854065 -21.110428
v 403.630432 157.417252 -19.193764
v 406.013000 159.776031 -19.338158
v 407.580322 158.829178 -20.142456
v 407.363098 157.804779 -21.846405
v 405.578522 157.727234 -22.746033
v 404.011200 158.674088 -21.941719
v 404.228424 159.698486 -20.237793
v 406.620331 161.859970 -21.083199
v 408.130066 160.714447 -21.722321
v 407.805237 159.319016 -23.117775
v 405.970703 159.069107 -23.874092
v 404.460999 160.214661 -23.234970
v 404.785797 161.610077 -21.839508
v 407.119629 163.454025 -23.184814
v 408.593689 162.194000 -23.674156
v 408.195892 160.564255 -24.763077
v 406.324036 160.194550 -25.362656
v 404.849976 161.454605 -24.873329
v 405.247772 163.084335 -23.784409
v 407.494232 164.637070 -25.469887
v 408.949524 163.317352 -25.844757
v 408.507751 161.547913 -26.665710
v 406.610718 161.098175 -27.111786
v 405.155457 162.417892 -26.736908
v 405.597198 164.187332 -25.915962
v 407.741425 165.497360 -27.846901
v 409.188446 164.148682 -28.142166
v 408.722931 162.295929 -28.734291
v 406.810394 161.791855 -29.031128
v 405.363373 163.140533 -28.735863
v 405.828888 164.993317 -28.143753
v 407.857330 166.100815 -30.272446
v 409.302002 164.739685 -30.517868
v 408.826965 162.836792 -30.909546
v 406.907288 162.295090 -31.055794
v 405.462646 163.656219 -30.810364
v 405.937653 165.559097 -30.418694
v 407.830811 166.489197 -32.723953
v 409.275757 165.124222 -32.945312
v 408.802856 163.192017 -33.152687
v 406.885040 162.624817 -33.138718
v 405.440094 163.989792 -32.917351
v 405.912994 165.921982 -32.709969
v 407.646851 166.668610 -35.220833
v 409.094727 165.300842 -35.402138
v 408.637573 163.353806 -35.395798
v 406.732513 162.774536 -35.208153
v 405.284637 164.142288 -35.026855
v 405.741791 166.089325 -35.033195
v 407.296570 166.558823 -37.779716
v 408.756836 165.195267 -37.870544
v 408.339111 163.261566 -37.576714
v 406.461060 162.691437 -37.192062
v 405.000793 164.054993 -37.101227
v 405.418518 165.988693 -37.395058
v 406.764008 166.012924 -40.365440
v 408.256165 164.682693 -40.302094
v 407.918182 162.832520 -39.621979
v 406.088074 162.312546 -39.005219
v 404.595947 163.642776 -39.068573
v 404.933929 165.492966 -39.748680
v 406.043854 164.838608 -42.834328
v 407.598511 163.611343 -42.556992
v 407.397675 161.987076 -41.407478
v 405.642212 161.590027 -40.535309
v 404.087555 162.817291 -40.812668
v 404.288391 164.441574 -41.962166
v 405.199341 162.952164 -44.872292
v 406.842346 161.922852 -44.381264
v 406.820068 160.698624 -42.799889
v 405.154785 160.503677 -41.709549
v 403.511780 161.532990 -42.200577
v 403.534088 162.757233 -43.781952
v 404.370056 160.584579 -46.206284
v 406.097168 159.794983 -45.578804
v 406.235779 159.029449 -43.736328
v 404.647308 159.053497 -42.521324
v 402.920227 159.843079 -43.148804
v 402.781616 160.608627 -44.991287
v 403.609283 157.971436 -46.890060
v 405.395477 157.383270 -46.209183
v 405.654053 157.026520 -44.258308
v 404.126434 157.257980 -42.988342
v 402.340271 157.846146 -43.669220
v 402.081696 158.202881 -45.620087
v 402.903107 155.295197 -47.000740
v 404.732300 154.869415 -46.313217
v 405.093903 154.901489 -44.346428
v 403.626282 155.359329 -43.067177
v 401.797058 155.785080 -43.754715
v 401.435486 155.753006 -45.721497
v 402.224091 152.619858 -46.528732
v 404.091766 152.345154 -45.868164
v 404.558746 152.791199 -43.975296
v 403.158051 153.511932 -42.742989
v 401.290405 153.786636 -43.403549
v 400.823395 153.340607 -45.296425
v 401.576019 150.077026 -45.406815
v 403.480347 149.945770 -44.809898
v 404.058502 150.826782 -43.110016
v 402.732300 151.839066 -42.007057
v 400.827972 151.970306 -42.603973
v 400.249847 151.089294 -44.303848
v 400.989319 147.882980 -43.629585
v 402.926147 147.872910 -43.130898
v 403.610168 149.149200 -41.751328
v 402.357422 150.435516 -40.870445
v 400.420593 150.445572 -41.369148
v 399.736572 149.169281 -42.748703
v 400.501343 146.236816 -41.352440
v 402.462463 146.308746 -40.966606
v 403.229980 147.866638 -39.974724
v 402.036438 149.352600 -39.368652
v 400.075317 149.280685 -39.754494
v 399.307770 147.722763 -40.746376
v 400.124603 145.179871 -38.820610
v 402.101105 145.295166 -38.537613
v 402.923645 147.007782 -37.912796
v 401.769653 148.605118 -37.570976
v 399.793152 148.489838 -37.853973
v 398.970612 146.777206 -38.478775
v 399.844269 144.617020 -36.215462
v 401.829681 144.750351 -36.014587
v 402.684937 146.529175 -35.691704
v 401.554749 148.174728 -35.569664
v 399.569336 148.041428 -35.770531
v 398.714111 146.262573 -36.093445
v 399.637909 144.426178 -33.623260
v 401.628357 144.564240 -33.484863
v 402.502441 146.360947 -33.397087
v 401.386108 148.019638 -33.447723
v 399.395660 147.881592 -33.586128
v 398.521576 146.084854 -33.673897
v 407.997070 152.962097 -41.622818
v 406.243622 152.045563 -41.330551
v 405.937988 150.212479 -42.069733
v 407.385742 149.295944 -43.101196
v 409.139160 150.212479 -43.393448
v 409.444824 152.045563 -42.654266
v 409.384766 151.338760 -37.972305
v 407.612000 150.444885 -37.731262
v 407.330933 148.583054 -38.405472
v 408.822662 147.615082 -39.320709
v 410.595520 148.508942 -39.561752
v 410.876556 150.370789 -38.887543
v 410.525909 149.929474 -34.206871
v 408.733795 149.059433 -34.030151
v 408.486511 147.155930 -34.591888
v 410.031372 146.122482 -35.330383
v 411.823547 146.992538 -35.507111
v 412.070801 148.896027 -34.945358
v 411.309692 148.909988 -30.351181
v 409.502136 148.059738 -30.251877
v 409.299500 146.098862 -30.589294
v 410.904419 144.988205 -31.026009
v 412.711975 145.838440 -31.125313
v 412.914612 147.799332 -30.787895
v 411.558167 148.666748 -26.616013
v 409.747498 147.818634 -26.567886
v 409.577026 145.835617 -26.371490
v 411.217133 144.700714 -26.223221
v 413.027771 145.548828 -26.271347
v 413.198273 147.531845 -26.467743
v 411.208832 149.768509 -23.779503
v 409.376160 149.008987 -23.525711
v 409.091064 147.486237 -22.260811
v 410.638733 146.723007 -21.249710
v 412.471405 147.482529 -21.503502
v 412.756470 149.005280 -22.768402
v 410.719360 152.345551 -22.256683
v 408.820312 151.933899 -21.783234
v 408.357239 151.344345 -19.929047
v 409.793182 151.166458 -18.548317
v 411.692261 151.578110 -19.021774
v 412.155304 152.167664 -20.875946
v 410.355133 155.700134 -22.034592
v 408.419617 155.630142 -21.535835
v 407.871887 155.832687 -19.622993
v 409.259705 156.105209 -18.208900
v 411.195282 156.175201 -18.707672
v 411.742981 155.972656 -20.620506
v 410.303162 158.868378 -23.079674
v 408.363647 159.193314 -22.715584
v 407.807861 160.191513 -21.074013
v 409.191620 160.864777 -19.796570
v 411.131165 160.539841 -20.160675
v 411.686920 159.541641 -21.802216
v 410.669678 161.224396 -25.340294
v 408.769226 161.840607 -25.248276
v 408.299988 163.483841 -24.209244
v 409.731201 164.510864 -23.262245
v 411.631653 163.894653 -23.354256
v 412.100922 162.251419 -24.393295
v 411.144958 162.739563 -28.601753
v 409.256531 163.398254 -28.598373
v 408.856018 165.283646 -28.064552
v 410.343964 166.510330 -27.534164
v 412.232361 165.851639 -27.537552
v 412.632874 163.966248 -28.071342
v 411.305054 163.453110 -32.375793
v 409.412659 164.090088 -32.261024
v 409.024536 166.043167 -32.074463
v 410.528748 167.359283 -32.002632
v 412.421143 166.722290 -32.117401
v 412.809265 164.769211 -32.303963
v 410.831360 163.467133 -36.274628
v 408.964966 164.103577 -35.940651
v 408.545105 166.057327 -36.021828
v 409.991608 167.374619 -36.436981
v 411.857971 166.738174 -36.770950
v 412.277893 164.784439 -36.689774
v 409.869843 162.741364 -39.840805
v 408.011749 163.384613 -39.475128
v 407.484650 165.250366 -39.966156
v 408.815613 166.472885 -40.822830
v 410.673706 165.829636 -41.188522
v 411.200806 163.963882 -40.697525
v 408.904205 161.099380 -42.630844
v 406.981964 161.623611 -42.457184
v 406.236267 163.083801 -43.602493
v 407.412781 164.019745 -44.921509
v 409.335022 163.495529 -45.095154
v 410.080750 162.035339 -43.949844
v 408.441406 158.522049 -44.130203
v 406.445068 158.611450 -44.211121
v 405.534729 159.105942 -45.921906
v 406.620789 159.511017 -47.551773
v 408.617126 159.421631 -47.470825
v 409.527466 158.927139 -45.760010
v 408.559723 155.032608 -44.441635
v 406.565430 154.925705 -44.548401
v 405.660950 154.871170 -46.331345
v 406.750702 154.923553 -48.007523
v 408.744995 155.030472 -47.900787
v 409.649475 155.084991 -46.117844
v 408.764038 151.040237 -44.315857
v 406.769379 150.941299 -44.422821
v 405.868530 150.813812 -46.203873
v 406.962372 150.785278 -47.878021
v 408.957031 150.884216 -47.771057
v 409.857880 151.011688 -45.990005
v 408.935913 146.986221 -44.097565
v 406.940491 146.904190 -44.205399
v 406.040039 146.767303 -45.985992
v 407.135010 146.712433 -47.658737
v 409.130432 146.794449 -47.550873
v 410.030853 146.931351 -45.770309
v 409.074951 142.919800 -43.857422
v 407.079041 142.852081 -43.966095
v 406.178497 142.717957 -45.746826
v 407.273865 142.651566 -47.418900
v 409.269745 142.719299 -47.310196
v 410.170288 142.853409 -45.529449
v 409.187531 138.849731 -43.614166
v 407.191315 138.793579 -43.723526
v 406.290619 138.665192 -45.504608
v 407.386139 138.592957 -47.176331
v 409.382324 138.649109 -47.066940
v 410.283020 138.777496 -45.285858
v 409.278870 134.778641 -43.374115
v 407.282440 134.731995 -43.484039
v 406.381592 134.609909 -45.265488
v 407.477173 134.534470 -46.937027
v 409.473572 134.581131 -46.827087
v 410.374451 134.703217 -45.045624
v 409.352753 130.706619 -43.139526
v 407.356171 130.667923 -43.249908
v 406.455200 130.551987 -45.031723
v 407.550812 130.474762 -46.703125
v 409.547424 130.513458 -46.592758
v 410.448364 130.629395 -44.810944
v 409.411957 126.634506 -42.911209
v 407.415283 126.602577 -43.021973
v 406.514221 126.492416 -44.804108
v 407.609863 126.414185 -46.475479
v 409.606506 126.446121 -46.364731
v 410.507568 126.556274 -44.582581
v 409.458618 122.562355 -42.689316
v 407.461884 122.536293 -42.800400
v 406.560791 122.431488 -44.582825
v 407.656433 122.352745 -46.254135
v 409.653168 122.378807 -46.143082
v 410.554260 122.483612 -44.360641
v 409.494385 118.490242 -42.473709
v 407.497620 118.469322 -42.585068
v 406.596497 118.369461 -44.367752
v 407.692139 118.290512 -46.039078
v 409.688904 118.311432 -45.927719
v 410.590027 118.411293 -44.145020
v 409.520630 114.418259 -42.264160
v 407.523804 114.401909 -42.375732
v 406.622620 114.306602 -44.158646
v 407.718292 114.227654 -45.829971
v 409.715088 114.244003 -45.718369
v 410.616272 114.339310 -43.935440
v 409.538330 110.345512 -42.060257
v 407.541504 110.333252 -42.172073
v 406.640320 110.242172 -43.955200
v 407.735962 110.163345 -45.626541
v 409.732788 110.175613 -45.514725
v 410.633972 110.266693 -43.731598
v 409.548401 106.273605 -41.861908
v 407.551544 106.265038 -41.973877
v 406.650330 106.177872 -43.757187
v 407.745972 106.099266 -45.428528
v 409.742828 106.107834 -45.316559
v 410.644043 106.195007 -43.533249
v 409.551514 102.200974 -41.668610
v 407.554688 102.195763 -41.780762
v 406.653473 102.112236 -43.564240
v 407.749146 102.033913 -45.235611
v 409.745972 102.039116 -45.123459
v 410.647156 102.122650 -43.339966
v 409.548401 98.129250 -41.480270
v 407.551575 98.127113 -41.592545
v 406.650330 98.046982 -43.376190
v 407.745972 97.968979 -45.047577
v 409.742859 97.971115 -44.935287
v 410.644043 98.051247 -43.151627
v 409.539490 94.056870 -41.296494
v 407.542664 94.057564 -41.408875
v 406.641449 93.980606 -43.192657
v 407.737061 93.902954 -44.864059
v 409.733948 93.902260 -44.751663
v 410.635132 93.979218 -42.967850
v 409.525269 89.985298 -41.117081
v 407.528412 89.988617 -41.229599
v 406.627228 89.914635 -43.013519
v 407.722870 89.837349 -44.684921
v 409.719696 89.834038 -44.572388
v 410.620911 89.908012 -42.788483
v 409.506104 85.912895 -40.941742
v 407.509277 85.918640 -41.054382
v 406.608124 85.847466 -42.838440
v 407.703766 85.770561 -44.509857
v 409.700562 85.764816 -44.397217
v 410.601746 85.835983 -42.613174
v 409.482391 81.840729 -40.770416
v 407.485596 81.848732 -40.883118
v 406.584412 81.780212 -42.667282
v 407.680084 81.703682 -44.338715
v 409.676880 81.695679 -44.225998
v 410.578064 81.764198 -42.441803
v 409.454407 77.769066 -40.602783
v 407.457642 77.779198 -40.715591
v 406.556488 77.713173 -42.499847
v 407.652161 77.637032 -44.171310
v 409.648926 77.626907 -44.058502
v 410.550049 77.692924 -42.274216
v 409.422424 73.696846 -40.438675
v 407.425659 73.708961 -40.551590
v 406.524536 73.645309 -42.335922
v 407.620178 73.569550 -44.007401
v 409.617004 73.557434 -43.894516
v 410.518097 73.621086 -42.110168
v 409.386719 69.625465 -40.278015
v 407.389954 69.639450 -40.390991
v 406.488892 69.578056 -42.175430
v 407.584534 69.502670 -43.846909
v 409.581299 69.488686 -43.733963
v 410.482361 69.550079 -41.949493
v 409.347473 65.553055 -40.120544
v 407.350739 65.568802 -40.233597
v 406.449646 65.509552 -42.018143
v 407.545349 65.434547 -43.689606
v 409.542053 65.418800 -43.576569
v 410.443146 65.478050 -41.792068
v 409.304901 61.480976 -39.966202
v 407.308167 61.498402 -40.079300
v 406.407135 61.441189 -41.863922
v 407.502777 61.366558 -43.535400
v 409.499512 61.349136 -43.422318
v 410.400574 61.406345 -41.637711
v 409.259155 57.409279 -39.814835
v 407.262451 57.428284 -39.927979
v 406.361420 57.373024 -41.712646
v 407.457092 57.298756 -43.384186
v 409.453796 57.279751 -43.271027
v 410.354858 57.335011 -41.486374
v 409.210449 53.337181 -39.666290
v 407.213745 53.357693 -39.779495
v 406.312744 53.304295 -41.564240
v 407.408386 53.230389 -43.235779
v 409.405090 53.209877 -43.122589
v 410.306091 53.263275 -41.337830
v 409.158875 49.266163 -39.520523
v 407.162231 49.288105 -39.633774
v 406.261200 49.236492 -41.418594
v 407.356873 49.162937 -43.090149
v 409.353577 49.140995 -42.976852
v 410.254547 49.192608 -41.192078
v 467.897095 178.505463 45.249149
v 491.804565 177.737396 41.809891
v 467.928589 182.794006 46.762367
v 491.836060 182.025940 43.323109
v 467.790894 193.427383 17.985439
v 495.908936 192.659332 19.577423
v 467.759399 189.138824 16.472221
v 495.877472 188.370758 18.064207
v 477.107849 191.042023 21.693199
v 503.053741 190.273956 25.374977
v 477.139313 195.330597 23.206413
v 503.085205 194.562515 26.888199
v 474.340698 205.963974 -4.826442
v 502.458740 205.195892 -3.234464
v 474.309204 201.675385 -6.339664
v 502.427277 200.907333 -4.747670
v 470.061676 204.049347 0.590448
v 495.628662 204.921722 -0.469225
v 470.093140 208.337891 2.103669
v 495.660126 209.210266 1.043988
v 469.466705 218.971268 -28.019001
v 497.584747 218.203186 -26.427011
v 469.435211 214.682709 -29.532207
v 497.553284 213.914642 -27.940226
v 464.181091 192.250519 15.906448
v 440.491516 189.295288 19.655666
v 464.212555 196.539062 17.419659
v 440.522980 193.583832 21.168877
v 466.327728 186.767822 46.423935
v 438.154877 186.933701 46.539783
v 466.296265 182.479279 44.910728
v 438.123413 182.645142 45.026558
v 468.778687 190.824707 21.751194
v 474.299805 199.955475 -2.196262
v 468.810150 195.113266 23.264420
v 474.331268 204.244034 -0.683044
v 438.719696 195.711868 24.238365
v 442.421051 204.981018 -2.108039
v 438.688232 191.423294 22.725149
v 442.389587 200.692459 -3.621243
v 470.058960 204.395737 -1.075466
v 467.162048 213.486649 -24.835060
v 470.090424 208.684280 0.437747
v 467.193512 217.775192 -23.321840
v 438.250122 208.012726 3.003161
v 438.227631 217.387436 -23.564943
v 438.218689 203.724182 1.489955
v 438.196136 213.098892 -25.078156
v 410.372406 204.049347 0.590448
v 435.939392 204.921722 -0.469225
v 410.403870 208.337891 2.103669
v 435.970856 209.210266 1.043988
v 409.777435 218.971268 -28.019001
v 437.895477 218.203186 -26.427011
v 409.745941 214.682709 -29.532207
v 437.864014 213.914642 -27.940226
v 412.794159 191.042023 21.693199
v 438.740051 190.273956 25.374977
v 412.825623 195.330597 23.206413
v 438.771515 194.562515 26.888199
v 410.027008 205.963974 -4.826442
v 438.145050 205.195892 -3.234464
v 409.995514 201.675385 -6.339664
v 438.113586 200.907333 -4.747670
v 411.869446 178.305588 45.249149
v 435.776917 177.537521 41.809891
v 411.900940 182.594131 46.762367
v 435.808411 181.826065 43.323109
v 411.763245 193.227509 17.985439
v 439.881287 192.459457 19.577423
v 411.731750 188.938950 16.472221
v 439.849823 188.170883 18.064207
v 379.020782 178.305588 45.249149
v 402.928253 177.537521 41.809891
v 379.052277 182.594131 46.762367
v 402.959747 181.826065 43.323109
v 378.914581 193.227509 17.985439
v 407.032623 192.459457 19.577423
v 378.883087 188.938950 16.472221
v 407.001160 188.170883 18.064207
v 388.231506 191.042023 21.693199
v 414.177399 190.273956 25.374977
v 388.262970 195.330597 23.206413
v 414.208862 194.562515 26.888199
v 385.464355 205.963974 -4.826442
v 413.582397 205.195892 -3.234464
v 385.432861 201.675385 -6.339664
v 413.550934 200.907333 -4.747670
v 381.185333 204.049347 0.590448
v 406.752319 204.921722 -0.469225
v 381.216797 208.337891 2.103669
v 406.783783 209.210266 1.043988
v 380.590363 218.971268 -28.019001
v 408.708405 218.203186 -26.427011
v 380.558868 214.682709 -29.532207
v 408.676941 213.914642 -27.940226
v 375.304779 192.250519 15.906448
v 351.615204 189.295288 19.655666
v 375.336243 196.539062 17.419659
v 351.646667 193.583832 21.168877
v 377.451416 186.767822 46.423935
v 349.278564 186.933701 46.539783
v 377.419952 182.479279 44.910728
v 349.247101 182.645142 45.026558
v 379.902344 190.824707 21.751194
v 385.423462 199.955475 -2.196262
v 379.933807 195.113266 23.264420
v 385.454926 204.244034 -0.683044
v 349.843353 195.711868 24.238365
v 353.544708 204.981018 -2.108039
v 349.811890 191.423294 22.725149
v 353.513245 200.692459 -3.621243
v 381.182617 204.395737 -1.075466
v 378.285706 213.486649 -24.835060
v 381.214081 208.684280 0.437747
v 378.317169 217.775192 -23.321840
v 349.373779 208.012726 3.003161
v 349.351288 217.387436 -23.564943
v 349.342346 203.724182 1.489955
v 349.319794 213.098892 -25.078156
v 321.496094 204.049347 0.590448
v 347.063080 204.921722 -0.469225
v 321.527557 208.337891 2.103669
v 347.094543 209.210266 1.043988
v 320.901123 218.971268 -28.019001
v 349.019165 218.203186 -26.427011
v 320.869629 214.682709 -29.532207
v 348.987701 213.914642 -27.940226
v 323.917816 191.042023 21.693199
v 349.863708 190.273956 25.374977
v 323.949280 195.330597 23.206413
v 349.895172 194.562515 26.888199
v 321.150665 205.963974 -4.826442
v 349.268707 205.195892 -3.234464
v 321.119171 201.675385 -6.339664
v 349.237244 200.907333 -4.747670
v 322.993103 178.305588 45.249149
v 346.900574 177.537521 41.809891
v 323.024597 182.594131 46.762367
v 346.932068 181.826065 43.323109
v 322.886902 193.227509 17.985439
v 351.004944 192.459457 19.577423
v 322.855408 188.938950 16.472221
v 350.973480 188.170883 18.064207
vt 0.112232 0.621603
vt 0.046584 0.633734
vt 0.034021 0.633599
vt 0.291656 0.864572
vt 0.027293 0.706038
vt 0.117686 0.718743
vt 0.039856 0.706173
vt 0.117687 0.706180
vt 0.364410 0.948817
vt 0.039855 0.718737
vt 0.286580 0.949172
vt 0.130235 0.705555
vt 0.045178 0.621249
vt 0.357358 0.876409
vt 0.110826 0.609119
vt 0.124780 0.620979
vt 0.269524 0.122923
vt 0.258093 0.194441
vt 0.245640 0.192781
vt 0.257071 0.121263
vt 0.292669 0.781988
vt 0.364144 0.770285
vt 0.364147 0.858550
vt 0.286580 0.864951
vt 0.364989 0.117503
vt 0.358882 0.195094
vt 0.346357 0.194109
vt 0.352464 0.116517
vt 0.346405 0.206672
vt 0.258140 0.207004
vt 0.268840 0.110378
vt 0.351780 0.103973
vt 0.561003 0.443040
vt 0.631291 0.435132
vt 0.633011 0.447578
vt 0.562723 0.455486
vt 0.818412 0.370969
vt 0.888550 0.380112
vt 0.887521 0.460135
vt 0.809701 0.458803
vt 0.553845 0.342503
vt 0.631676 0.342540
vt 0.631670 0.355103
vt 0.553839 0.355066
vt 0.644229 0.355443
vt 0.643850 0.435472
vt 0.548481 0.444060
vt 0.541317 0.356086
vt 0.785467 0.522922
vt 0.719819 0.535053
vt 0.718412 0.522568
vt 0.784060 0.510438
vt 0.086956 0.880484
vt 0.152658 0.892321
vt 0.159710 0.964729
vt 0.081880 0.965084
vt 0.790921 0.620062
vt 0.713090 0.620056
vt 0.713091 0.607492
vt 0.790922 0.607499
vt 0.700528 0.607357
vt 0.707256 0.534919
vt 0.798015 0.522298
vt 0.803470 0.606874
vt 0.374149 0.190206
vt 0.362717 0.261724
vt 0.350264 0.260064
vt 0.361695 0.188546
vt 0.797595 0.772742
vt 0.869070 0.761038
vt 0.869073 0.849303
vt 0.791506 0.855705
vt 0.469613 0.184787
vt 0.463507 0.262378
vt 0.450982 0.261392
vt 0.457088 0.183801
vt 0.451029 0.273955
vt 0.362765 0.274288
vt 0.373464 0.177662
vt 0.456404 0.171256
vt 0.379048 0.625242
vt 0.449336 0.617334
vt 0.451056 0.629779
vt 0.380767 0.637687
vt 0.813863 0.282878
vt 0.884001 0.292021
vt 0.882972 0.372044
vt 0.805152 0.370712
vt 0.371890 0.524704
vt 0.449721 0.524741
vt 0.449715 0.537305
vt 0.371884 0.537268
vt 0.462274 0.537645
vt 0.461895 0.617674
vt 0.366526 0.626262
vt 0.359362 0.538288
vt 0.251679 0.661778
vt 0.321967 0.653871
vt 0.323687 0.666316
vt 0.253399 0.674224
vt 0.804765 0.095366
vt 0.874903 0.104509
vt 0.873874 0.184533
vt 0.796054 0.183200
vt 0.244521 0.561241
vt 0.322352 0.561278
vt 0.322346 0.573842
vt 0.244515 0.573805
vt 0.334905 0.574182
vt 0.334526 0.654211
vt 0.239157 0.662798
vt 0.231993 0.574825
vt 0.069373 0.314405
vt 0.057942 0.385922
vt 0.045489 0.384262
vt 0.056920 0.312744
vt 0.743009 0.205933
vt 0.814483 0.194230
vt 0.814486 0.282495
vt 0.736919 0.288896
vt 0.164838 0.308985
vt 0.158731 0.386576
vt 0.146207 0.385590
vt 0.152313 0.307999
vt 0.146254 0.398153
vt 0.057989 0.398486
vt 0.068689 0.301859
vt 0.151629 0.295454
vt 0.708136 0.436731
vt 0.642488 0.448861
vt 0.641081 0.436377
vt 0.706729 0.424246
vt 0.009625 0.897576
vt 0.075327 0.909413
vt 0.082379 0.981821
vt 0.004549 0.982176
vt 0.713590 0.533871
vt 0.635759 0.533864
vt 0.635760 0.521300
vt 0.713591 0.521307
vt 0.623197 0.521166
vt 0.629925 0.448726
vt 0.720684 0.436106
vt 0.726139 0.520682
vt 0.312383 0.680625
vt 0.246735 0.692756
vt 0.245328 0.680272
vt 0.310976 0.668141
vt 0.005076 0.813018
vt 0.070778 0.824855
vt 0.077830 0.897264
vt 0.000000 0.897619
vt 0.317837 0.777766
vt 0.240006 0.777759
vt 0.240007 0.765195
vt 0.317838 0.765202
vt 0.227444 0.765061
vt 0.234172 0.692622
vt 0.324931 0.680001
vt 0.330386 0.764578
vt 0.274073 0.291389
vt 0.262642 0.362907
vt 0.250189 0.361247
vt 0.261620 0.289729
vt 0.374549 0.751734
vt 0.446023 0.740031
vt 0.446027 0.828296
vt 0.368459 0.834697
vt 0.369538 0.285969
vt 0.363431 0.363560
vt 0.350906 0.362575
vt 0.357013 0.284983
vt 0.350954 0.375138
vt 0.262689 0.375470
vt 0.273389 0.278844
vt 0.356328 0.272438
vt 0.060626 0.601733
vt 0.130914 0.593825
vt 0.132634 0.606270
vt 0.062346 0.614178
vt 0.827509 0.183769
vt 0.897648 0.192912
vt 0.896618 0.272935
vt 0.818799 0.271603
vt 0.053468 0.501196
vt 0.131299 0.501233
vt 0.131293 0.513796
vt 0.053462 0.513759
vt 0.143852 0.514136
vt 0.143473 0.594165
vt 0.048104 0.602753
vt 0.040940 0.514779
vt 0.203210 0.700675
vt 0.137562 0.712806
vt 0.136155 0.700321
vt 0.201803 0.688190
vt 0.532747 0.885806
vt 0.598448 0.897642
vt 0.605500 0.970051
vt 0.527670 0.970406
vt 0.208664 0.797815
vt 0.130833 0.797808
vt 0.130834 0.785245
vt 0.208665 0.785251
vt 0.118271 0.785110
vt 0.124999 0.712671
vt 0.215758 0.700051
vt 0.221213 0.784628
vt 0.360502 0.376812
vt 0.349071 0.448330
vt 0.336617 0.446669
vt 0.348049 0.375151
vt 0.729362 0.338723
vt 0.800836 0.327019
vt 0.800840 0.415284
vt 0.723272 0.421686
vt 0.455967 0.371392
vt 0.449860 0.448983
vt 0.437335 0.447997
vt 0.443442 0.370406
vt 0.437382 0.460561
vt 0.349118 0.460893
vt 0.359818 0.364267
vt 0.442757 0.357862
vt 0.465476 0.536307
vt 0.535765 0.528398
vt 0.537484 0.540844
vt 0.467196 0.548752
vt 0.372621 0.834686
vt 0.442760 0.843829
vt 0.441730 0.923852
vt 0.363911 0.922520
vt 0.458319 0.435769
vt 0.536150 0.435806
vt 0.536143 0.448370
vt 0.458313 0.448333
vt 0.548702 0.448710
vt 0.548324 0.528739
vt 0.452954 0.537327
vt 0.445790 0.449353
vt 0.465476 0.362910
vt 0.535765 0.355002
vt 0.537484 0.367448
vt 0.467196 0.375356
vt 0.086042 0.792416
vt 0.156180 0.801560
vt 0.155150 0.881583
vt 0.077331 0.880251
vt 0.458319 0.262373
vt 0.536150 0.262410
vt 0.536143 0.274974
vt 0.458312 0.274937
vt 0.548703 0.275313
vt 0.548324 0.355343
vt 0.452954 0.363930
vt 0.445790 0.275956
vt 0.073922 0.026308
vt 0.062491 0.097826
vt 0.050038 0.096166
vt 0.061469 0.024647
vt 0.733911 0.426971
vt 0.805385 0.415268
vt 0.805388 0.503533
vt 0.727821 0.509935
vt 0.169387 0.020889
vt 0.163280 0.098480
vt 0.150755 0.097493
vt 0.156862 0.019902
vt 0.150803 0.110057
vt 0.062538 0.110389
vt 0.073238 0.013763
vt 0.156178 0.007357
vt 0.721782 0.252642
vt 0.656134 0.264773
vt 0.654728 0.252288
vt 0.720376 0.240157
vt 0.928325 0.581936
vt 0.991792 0.593370
vt 0.998605 0.663316
vt 0.923421 0.663659
vt 0.727236 0.349782
vt 0.649405 0.349775
vt 0.649406 0.337212
vt 0.727237 0.337219
vt 0.636844 0.337077
vt 0.643572 0.264638
vt 0.734330 0.252018
vt 0.739785 0.336594
vt 0.774828 0.199421
vt 0.768037 0.199180
vt 0.768326 0.192967
vt 0.774661 0.193092
vt 0.761447 0.198246
vt 0.762029 0.192457
vt 0.755177 0.197353
vt 0.755827 0.191860
vt 0.794108 0.196896
vt 0.787923 0.197728
vt 0.787200 0.192072
vt 0.793392 0.191468
vt 0.781490 0.198774
vt 0.780977 0.192742
vt 0.768354 0.186936
vt 0.774555 0.187051
vt 0.762253 0.186547
vt 0.756134 0.186105
vt 0.786933 0.186255
vt 0.793081 0.185798
vt 0.780772 0.186771
vt 0.768369 0.181020
vt 0.774532 0.181126
vt 0.762270 0.180623
vt 0.756160 0.180235
vt 0.786803 0.180370
vt 0.792938 0.179963
vt 0.780690 0.180871
vt 0.768366 0.175163
vt 0.774493 0.175286
vt 0.762296 0.174716
vt 0.756184 0.174313
vt 0.786688 0.174493
vt 0.792826 0.174089
vt 0.780610 0.175027
vt 0.768390 0.169314
vt 0.774446 0.169428
vt 0.762349 0.168888
vt 0.756212 0.168513
vt 0.786569 0.168732
vt 0.792734 0.168364
vt 0.780499 0.169219
vt 0.768423 0.163373
vt 0.774404 0.163422
vt 0.762315 0.163221
vt 0.756093 0.163051
vt 0.786571 0.163226
vt 0.792770 0.163010
vt 0.780426 0.163389
vt 0.768380 0.157599
vt 0.774420 0.157618
vt 0.762349 0.157718
vt 0.756209 0.157764
vt 0.786503 0.157877
vt 0.792646 0.157826
vt 0.780451 0.157721
vt 0.768361 0.151948
vt 0.774457 0.151964
vt 0.762314 0.152092
vt 0.756205 0.152176
vt 0.786564 0.152307
vt 0.792585 0.152313
vt 0.780534 0.152105
vt 0.768417 0.146336
vt 0.774511 0.146378
vt 0.762334 0.146406
vt 0.756241 0.146452
vt 0.786529 0.146599
vt 0.792672 0.146638
vt 0.780614 0.146493
vt 0.768336 0.140727
vt 0.774505 0.140807
vt 0.762412 0.140703
vt 0.756347 0.140759
vt 0.786695 0.140864
vt 0.792808 0.140907
vt 0.780641 0.140864
vt 0.768442 0.135123
vt 0.774554 0.135174
vt 0.762346 0.135071
vt 0.756198 0.135160
vt 0.786753 0.135169
vt 0.792907 0.135213
vt 0.780662 0.135199
vt 0.768466 0.129469
vt 0.774569 0.129413
vt 0.762248 0.129611
vt 0.756008 0.129753
vt 0.786838 0.129556
vt 0.793069 0.129715
vt 0.780654 0.129432
vt 0.768409 0.123794
vt 0.774547 0.123631
vt 0.762258 0.124109
vt 0.756062 0.124297
vt 0.786811 0.123948
vt 0.792982 0.124185
vt 0.780683 0.123678
vt 0.768342 0.118122
vt 0.774525 0.117928
vt 0.762189 0.118459
vt 0.756014 0.118648
vt 0.786849 0.118262
vt 0.793006 0.118501
vt 0.780704 0.117981
vt 0.768295 0.112439
vt 0.774534 0.112256
vt 0.762114 0.112715
vt 0.755943 0.112855
vt 0.786889 0.112517
vt 0.793056 0.112706
vt 0.780696 0.112298
vt 0.768245 0.106747
vt 0.774492 0.106617
vt 0.762053 0.106922
vt 0.755898 0.106988
vt 0.786929 0.106741
vt 0.793099 0.106857
vt 0.780740 0.106605
vt 0.768202 0.101043
vt 0.774474 0.100984
vt 0.762003 0.101091
vt 0.755935 0.101077
vt 0.786913 0.100951
vt 0.793109 0.100986
vt 0.780777 0.100934
vt 0.768154 0.095325
vt 0.774424 0.095392
vt 0.762055 0.095200
vt 0.755897 0.095113
vt 0.786954 0.095169
vt 0.793103 0.095072
vt 0.780725 0.095318
vt 0.768205 0.089625
vt 0.774437 0.089792
vt 0.762055 0.089327
vt 0.755907 0.089154
vt 0.786882 0.089409
vt 0.793048 0.089172
vt 0.780688 0.089702
vt 0.768270 0.083941
vt 0.774447 0.084163
vt 0.762146 0.083530
vt 0.755994 0.083275
vt 0.786770 0.083684
vt 0.792922 0.083367
vt 0.780635 0.084066
vt 0.768376 0.078255
vt 0.774472 0.078476
vt 0.762270 0.077839
vt 0.756094 0.077574
vt 0.786657 0.078042
vt 0.792799 0.077735
vt 0.780586 0.078414
vt 0.768539 0.072553
vt 0.774508 0.072691
vt 0.762333 0.072322
vt 0.756082 0.072141
vt 0.786629 0.072518
vt 0.792776 0.072358
vt 0.780619 0.072718
vt 0.768515 0.066846
vt 0.774630 0.066882
vt 0.762472 0.066923
vt 0.756303 0.066910
vt 0.786738 0.067045
vt 0.792946 0.067095
vt 0.780573 0.066952
vt 0.768579 0.061233
vt 0.774717 0.061131
vt 0.762491 0.061471
vt 0.756359 0.061535
vt 0.786757 0.061444
vt 0.792890 0.061619
vt 0.780702 0.061213
vt 0.768547 0.055495
vt 0.774715 0.055380
vt 0.762459 0.055659
vt 0.756460 0.055668
vt 0.786775 0.055492
vt 0.792911 0.055680
vt 0.780888 0.055359
vt 0.768500 0.049720
vt 0.774688 0.049640
vt 0.762586 0.049755
vt 0.756454 0.049741
vt 0.786909 0.049541
vt 0.792943 0.049702
vt 0.780836 0.049561
vt 0.768603 0.043886
vt 0.774715 0.043837
vt 0.762536 0.043875
vt 0.756429 0.043888
vt 0.786892 0.043683
vt 0.793029 0.043827
vt 0.780812 0.043749
vt 0.768702 0.037993
vt 0.774735 0.037946
vt 0.762490 0.038059
vt 0.756392 0.038142
vt 0.786892 0.037938
vt 0.793066 0.038122
vt 0.780792 0.037915
vt 0.768659 0.032047
vt 0.774658 0.031988
vt 0.762641 0.032279
vt 0.756361 0.032486
vt 0.786974 0.032277
vt 0.793159 0.032537
vt 0.780779 0.032049
vt 0.768661 0.026067
vt 0.774729 0.025970
vt 0.762628 0.026468
vt 0.756504 0.026848
vt 0.786911 0.026603
vt 0.793074 0.026956
vt 0.780804 0.026161
vt 0.768596 0.020059
vt 0.774736 0.019925
vt 0.762513 0.020607
vt 0.756409 0.021188
vt 0.786992 0.020850
vt 0.793150 0.021340
vt 0.780867 0.020228
vt 0.768391 0.013977
vt 0.774719 0.013783
vt 0.762168 0.014736
vt 0.756029 0.015566
vt 0.787264 0.015081
vt 0.793458 0.015739
vt 0.781024 0.014236
vt 0.767830 0.007769
vt 0.774744 0.007359
vt 0.761298 0.008952
vt 0.755114 0.010110
vt 0.787939 0.009444
vt 0.794138 0.010243
vt 0.781543 0.008208
vt 0.918874 0.664547
vt 0.923971 0.664547
vt 0.923971 0.671147
vt 0.918874 0.671147
vt 0.929067 0.664547
vt 0.929067 0.671147
vt 0.934163 0.664547
vt 0.934163 0.671147
vt 0.939260 0.664547
vt 0.939260 0.671147
vt 0.944356 0.664547
vt 0.944356 0.671147
vt 0.949452 0.664547
vt 0.949452 0.671147
vt 0.923971 0.677734
vt 0.918874 0.677734
vt 0.929067 0.677734
vt 0.934163 0.677734
vt 0.939260 0.677734
vt 0.944356 0.677734
vt 0.949452 0.677734
vt 0.923971 0.684388
vt 0.918874 0.684388
vt 0.929067 0.684388
vt 0.934163 0.684388
vt 0.939260 0.684388
vt 0.944356 0.684388
vt 0.949452 0.684388
vt 0.923971 0.691205
vt 0.918874 0.691205
vt 0.929067 0.691205
vt 0.934163 0.691205
vt 0.939260 0.691205
vt 0.944356 0.691205
vt 0.949452 0.691205
vt 0.923971 0.698316
vt 0.918874 0.698316
vt 0.929067 0.698316
vt 0.934163 0.698316
vt 0.939260 0.698316
vt 0.944356 0.698316
vt 0.949452 0.698316
vt 0.923971 0.705863
vt 0.918874 0.705863
vt 0.929067 0.705863
vt 0.934163 0.705863
vt 0.939260 0.705863
vt 0.944356 0.705863
vt 0.949452 0.705863
vt 0.923971 0.713285
vt 0.918874 0.713285
vt 0.929067 0.713285
vt 0.934163 0.713285
vt 0.939260 0.713285
vt 0.944356 0.713285
vt 0.949452 0.713285
vt 0.923971 0.720418
vt 0.918874 0.720418
vt 0.929067 0.720418
vt 0.934163 0.720418
vt 0.939260 0.720418
vt 0.944356 0.720418
vt 0.949452 0.720418
vt 0.923971 0.727366
vt 0.918874 0.727366
vt 0.929067 0.727366
vt 0.934163 0.727366
vt 0.939260 0.727366
vt 0.944356 0.727366
vt 0.949452 0.727366
vt 0.923971 0.734263
vt 0.918874 0.734263
vt 0.929067 0.734263
vt 0.934163 0.734263
vt 0.939260 0.734263
vt 0.944356 0.734263
vt 0.949452 0.734263
vt 0.923971 0.741239
vt 0.918874 0.741239
vt 0.929067 0.741239
vt 0.934163 0.741239
vt 0.939260 0.741239
vt 0.944356 0.741239
vt 0.949452 0.741239
vt 0.923971 0.748404
vt 0.918874 0.748404
vt 0.929067 0.748404
vt 0.934163 0.748404
vt 0.939260 0.748404
vt 0.944356 0.748404
vt 0.949452 0.748404
vt 0.923971 0.755501
vt 0.918874 0.755501
vt 0.929067 0.755501
vt 0.934163 0.755501
vt 0.939260 0.755501
vt 0.944356 0.755501
vt 0.949452 0.755501
vt 0.923971 0.762342
vt 0.918874 0.762342
vt 0.929067 0.762342
vt 0.934163 0.762342
vt 0.939260 0.762342
vt 0.944356 0.762342
vt 0.949452 0.762342
vt 0.923971 0.768968
vt 0.918874 0.768968
vt 0.929067 0.768968
vt 0.934163 0.768968
vt 0.939260 0.768968
vt 0.944356 0.768968
vt 0.949452 0.768968
vt 0.923971 0.775440
vt 0.918874 0.775440
vt 0.929067 0.775440
vt 0.934163 0.775440
vt 0.939260 0.775440
vt 0.944356 0.775440
vt 0.949452 0.775440
vt 0.923971 0.781816
vt 0.918874 0.781816
vt 0.929067 0.781816
vt 0.934163 0.781816
vt 0.939260 0.781816
vt 0.944356 0.781816
vt 0.949452 0.781816
vt 0.923971 0.788141
vt 0.918874 0.788141
vt 0.929067 0.788141
vt 0.934163 0.788141
vt 0.939260 0.788141
vt 0.944356 0.788141
vt 0.949452 0.788141
vt 0.923971 0.794537
vt 0.918874 0.794537
vt 0.929067 0.794537
vt 0.934163 0.794537
vt 0.939260 0.794537
vt 0.944356 0.794537
vt 0.949452 0.794537
vt 0.923971 0.801125
vt 0.918874 0.801125
vt 0.929067 0.801125
vt 0.934163 0.801125
vt 0.939260 0.801125
vt 0.944356 0.801125
vt 0.949452 0.801125
vt 0.923971 0.807994
vt 0.918874 0.807994
vt 0.929067 0.807994
vt 0.934163 0.807994
vt 0.939260 0.807994
vt 0.944356 0.807994
vt 0.949452 0.807994
vt 0.923971 0.815198
vt 0.918874 0.815198
vt 0.929067 0.815198
vt 0.934163 0.815198
vt 0.939260 0.815198
vt 0.944356 0.815198
vt 0.949452 0.815198
vt 0.923971 0.822595
vt 0.918874 0.822595
vt 0.929067 0.822595
vt 0.934163 0.822595
vt 0.939260 0.822595
vt 0.944356 0.822595
vt 0.949452 0.822595
vt 0.923971 0.829835
vt 0.918874 0.829835
vt 0.929067 0.829835
vt 0.934163 0.829835
vt 0.939260 0.829835
vt 0.944356 0.829835
vt 0.949452 0.829835
vt 0.923971 0.836986
vt 0.918874 0.836986
vt 0.929067 0.836986
vt 0.934163 0.836986
vt 0.939260 0.836986
vt 0.944356 0.836986
vt 0.949452 0.836986
vt 0.923971 0.844044
vt 0.918874 0.844044
vt 0.929067 0.844044
vt 0.934163 0.844044
vt 0.939260 0.844044
vt 0.944356 0.844044
vt 0.949452 0.844044
vt 0.923971 0.851180
vt 0.918874 0.851180
vt 0.929067 0.851180
vt 0.934163 0.851180
vt 0.939260 0.851180
vt 0.944356 0.851180
vt 0.949452 0.851180
vt 0.923971 0.858452
vt 0.918874 0.858452
vt 0.929067 0.858452
vt 0.934163 0.858452
vt 0.939260 0.858452
vt 0.944356 0.858452
vt 0.949452 0.858452
vt 0.923971 0.865801
vt 0.918874 0.865801
vt 0.929067 0.865801
vt 0.934163 0.865801
vt 0.939260 0.865801
vt 0.944356 0.865801
vt 0.949452 0.865801
vt 0.923971 0.873068
vt 0.918874 0.873068
vt 0.929067 0.873068
vt 0.934163 0.873068
vt 0.939260 0.873068
vt 0.944356 0.873068
vt 0.949452 0.873068
vt 0.923971 0.880125
vt 0.918874 0.880125
vt 0.929067 0.880125
vt 0.934163 0.880125
vt 0.939260 0.880125
vt 0.944356 0.880125
vt 0.949452 0.880125
vt 0.923971 0.886954
vt 0.918874 0.886954
vt 0.929067 0.886954
vt 0.934163 0.886954
vt 0.939260 0.886954
vt 0.944356 0.886954
vt 0.949452 0.886954
vt 0.923971 0.893598
vt 0.918874 0.893598
vt 0.929067 0.893598
vt 0.934163 0.893598
vt 0.939260 0.893598
vt 0.944356 0.893598
vt 0.949452 0.893598
vt 0.898500 0.007361
vt 0.903596 0.007361
vt 0.903596 0.013961
vt 0.898500 0.013961
vt 0.908693 0.007361
vt 0.908693 0.013961
vt 0.913789 0.007361
vt 0.913789 0.013961
vt 0.918885 0.007361
vt 0.918885 0.013961
vt 0.923982 0.007361
vt 0.923982 0.013961
vt 0.929078 0.007361
vt 0.929078 0.013961
vt 0.903596 0.020548
vt 0.898500 0.020548
vt 0.908693 0.020548
vt 0.913789 0.020548
vt 0.918885 0.020548
vt 0.923982 0.020548
vt 0.929078 0.020548
vt 0.903596 0.027202
vt 0.898500 0.027202
vt 0.908693 0.027202
vt 0.913789 0.027202
vt 0.918885 0.027202
vt 0.923982 0.027202
vt 0.929078 0.027202
vt 0.903596 0.034020
vt 0.898500 0.034020
vt 0.908693 0.034020
vt 0.913789 0.034020
vt 0.918885 0.034020
vt 0.923982 0.034020
vt 0.929078 0.034020
vt 0.903596 0.041130
vt 0.898500 0.041130
vt 0.908693 0.041130
vt 0.913789 0.041130
vt 0.918885 0.041130
vt 0.923982 0.041130
vt 0.929078 0.041130
vt 0.903596 0.048678
vt 0.898500 0.048678
vt 0.908693 0.048678
vt 0.913789 0.048678
vt 0.918885 0.048678
vt 0.923982 0.048678
vt 0.929078 0.048678
vt 0.903596 0.056100
vt 0.898500 0.056100
vt 0.908693 0.056100
vt 0.913789 0.056100
vt 0.918885 0.056100
vt 0.923982 0.056100
vt 0.929078 0.056100
vt 0.903596 0.063232
vt 0.898500 0.063232
vt 0.908693 0.063232
vt 0.913789 0.063232
vt 0.918885 0.063232
vt 0.923982 0.063232
vt 0.929078 0.063232
vt 0.903596 0.070181
vt 0.898500 0.070181
vt 0.908693 0.070181
vt 0.913789 0.070181
vt 0.918885 0.070181
vt 0.923982 0.070181
vt 0.929078 0.070181
vt 0.903596 0.077077
vt 0.898500 0.077077
vt 0.908693 0.077077
vt 0.913789 0.077077
vt 0.918885 0.077077
vt 0.923982 0.077077
vt 0.929078 0.077077
vt 0.903596 0.084053
vt 0.898500 0.084053
vt 0.908693 0.084053
vt 0.913789 0.084053
vt 0.918885 0.084053
vt 0.923982 0.084053
vt 0.929078 0.084053
vt 0.903596 0.091218
vt 0.898500 0.091218
vt 0.908693 0.091218
vt 0.913789 0.091218
vt 0.918885 0.091218
vt 0.923982 0.091218
vt 0.929078 0.091218
vt 0.903596 0.098315
vt 0.898500 0.098315
vt 0.908693 0.098315
vt 0.913789 0.098315
vt 0.918885 0.098315
vt 0.923982 0.098315
vt 0.929078 0.098315
vt 0.903596 0.105156
vt 0.898500 0.105156
vt 0.908693 0.105156
vt 0.913789 0.105156
vt 0.918885 0.105156
vt 0.923982 0.105156
vt 0.929078 0.105156
vt 0.903596 0.111782
vt 0.898500 0.111782
vt 0.908693 0.111782
vt 0.913789 0.111782
vt 0.918885 0.111782
vt 0.923982 0.111782
vt 0.929078 0.111782
vt 0.903596 0.118254
vt 0.898500 0.118254
vt 0.908693 0.118254
vt 0.913789 0.118254
vt 0.918885 0.118254
vt 0.923982 0.118254
vt 0.929078 0.118254
vt 0.903596 0.124630
vt 0.898500 0.124630
vt 0.908693 0.124630
vt 0.913789 0.124630
vt 0.918885 0.124630
vt 0.923982 0.124630
vt 0.929078 0.124630
vt 0.903596 0.130956
vt 0.898500 0.130956
vt 0.908693 0.130956
vt 0.913789 0.130956
vt 0.918885 0.130956
vt 0.923982 0.130956
vt 0.929078 0.130956
vt 0.903596 0.137352
vt 0.898500 0.137352
vt 0.908693 0.137352
vt 0.913789 0.137352
vt 0.918885 0.137352
vt 0.923982 0.137352
vt 0.929078 0.137352
vt 0.903596 0.143939
vt 0.898500 0.143939
vt 0.908693 0.143939
vt 0.913789 0.143939
vt 0.918885 0.143939
vt 0.923982 0.143939
vt 0.929078 0.143939
vt 0.903596 0.150809
vt 0.898500 0.150809
vt 0.908693 0.150809
vt 0.913789 0.150809
vt 0.918885 0.150809
vt 0.923982 0.150809
vt 0.929078 0.150809
vt 0.903596 0.158013
vt 0.898500 0.158013
vt 0.908693 0.158013
vt 0.913789 0.158013
vt 0.918885 0.158013
vt 0.923982 0.158013
vt 0.929078 0.158013
vt 0.903596 0.165409
vt 0.898500 0.165409
vt 0.908693 0.165409
vt 0.913789 0.165409
vt 0.918885 0.165409
vt 0.923982 0.165409
vt 0.929078 0.165409
vt 0.903596 0.172649
vt 0.898500 0.172649
vt 0.908693 0.172649
vt 0.913789 0.172649
vt 0.918885 0.172649
vt 0.923982 0.172649
vt 0.929078 0.172649
vt 0.903596 0.179800
vt 0.898500 0.179800
vt 0.908693 0.179800
vt 0.913789 0.179800
vt 0.918885 0.179800
vt 0.923982 0.179800
vt 0.929078 0.179800
vt 0.903596 0.186859
vt 0.898500 0.186859
vt 0.908693 0.186859
vt 0.913789 0.186859
vt 0.918885 0.186859
vt 0.923982 0.186859
vt 0.929078 0.186859
vt 0.903596 0.193994
vt 0.898500 0.193994
vt 0.908693 0.193994
vt 0.913789 0.193994
vt 0.918885 0.193994
vt 0.923982 0.193994
vt 0.929078 0.193994
vt 0.903596 0.201266
vt 0.898500 0.201266
vt 0.908693 0.201266
vt 0.913789 0.201266
vt 0.918885 0.201266
vt 0.923982 0.201266
vt 0.929078 0.201266
vt 0.903596 0.208615
vt 0.898500 0.208615
vt 0.908693 0.208615
vt 0.913789 0.208615
vt 0.918885 0.208615
vt 0.923982 0.208615
vt 0.929078 0.208615
vt 0.903596 0.215882
vt 0.898500 0.215882
vt 0.908693 0.215882
vt 0.913789 0.215882
vt 0.918885 0.215882
vt 0.923982 0.215882
vt 0.929078 0.215882
vt 0.903596 0.222939
vt 0.898500 0.222939
vt 0.908693 0.222939
vt 0.913789 0.222939
vt 0.918885 0.222939
vt 0.923982 0.222939
vt 0.929078 0.222939
vt 0.903596 0.229768
vt 0.898500 0.229768
vt 0.908693 0.229768
vt 0.913789 0.229768
vt 0.918885 0.229768
vt 0.923982 0.229768
vt 0.929078 0.229768
vt 0.903596 0.236412
vt 0.898500 0.236412
vt 0.908693 0.236412
vt 0.913789 0.236412
vt 0.918885 0.236412
vt 0.923982 0.236412
vt 0.929078 0.236412
vt 0.887032 0.465462
vt 0.892896 0.465462
vt 0.892896 0.471199
vt 0.887032 0.471199
vt 0.898759 0.465462
vt 0.898759 0.471199
vt 0.904622 0.465462
vt 0.904622 0.471199
vt 0.910486 0.465462
vt 0.910486 0.471199
vt 0.916349 0.465462
vt 0.916349 0.471199
vt 0.922213 0.465462
vt 0.922213 0.471199
vt 0.892896 0.476924
vt 0.887032 0.476924
vt 0.898759 0.476924
vt 0.904622 0.476924
vt 0.910486 0.476924
vt 0.916349 0.476924
vt 0.922213 0.476924
vt 0.892896 0.482708
vt 0.887032 0.482708
vt 0.898759 0.482708
vt 0.904622 0.482708
vt 0.910486 0.482708
vt 0.916349 0.482708
vt 0.922213 0.482708
vt 0.892896 0.488633
vt 0.887032 0.488633
vt 0.898759 0.488633
vt 0.904622 0.488633
vt 0.910486 0.488633
vt 0.916349 0.488633
vt 0.922213 0.488633
vt 0.892896 0.494813
vt 0.887032 0.494813
vt 0.898759 0.494813
vt 0.904622 0.494813
vt 0.910486 0.494813
vt 0.916349 0.494813
vt 0.922213 0.494813
vt 0.892896 0.501374
vt 0.887032 0.501374
vt 0.898759 0.501374
vt 0.904622 0.501374
vt 0.910486 0.501374
vt 0.916349 0.501374
vt 0.922213 0.501374
vt 0.892896 0.507825
vt 0.887032 0.507825
vt 0.898759 0.507825
vt 0.904622 0.507825
vt 0.910486 0.507825
vt 0.916349 0.507825
vt 0.922213 0.507825
vt 0.892896 0.514024
vt 0.887032 0.514024
vt 0.898759 0.514024
vt 0.904622 0.514024
vt 0.910486 0.514024
vt 0.916349 0.514024
vt 0.922213 0.514024
vt 0.892896 0.520064
vt 0.887032 0.520064
vt 0.898759 0.520064
vt 0.904622 0.520064
vt 0.910486 0.520064
vt 0.916349 0.520064
vt 0.922213 0.520064
vt 0.892896 0.526058
vt 0.887032 0.526058
vt 0.898759 0.526058
vt 0.904622 0.526058
vt 0.910486 0.526058
vt 0.916349 0.526058
vt 0.922213 0.526058
vt 0.892896 0.532121
vt 0.887032 0.532121
vt 0.898759 0.532121
vt 0.904622 0.532121
vt 0.910486 0.532121
vt 0.916349 0.532121
vt 0.922213 0.532121
vt 0.892896 0.538348
vt 0.887032 0.538348
vt 0.898759 0.538348
vt 0.904622 0.538348
vt 0.910486 0.538348
vt 0.916349 0.538348
vt 0.922213 0.538348
vt 0.892896 0.544517
vt 0.887032 0.544517
vt 0.898759 0.544517
vt 0.904622 0.544517
vt 0.910486 0.544517
vt 0.916349 0.544517
vt 0.922213 0.544517
vt 0.892896 0.550463
vt 0.887032 0.550463
vt 0.898759 0.550463
vt 0.904622 0.550463
vt 0.910486 0.550463
vt 0.916349 0.550463
vt 0.922213 0.550463
vt 0.892896 0.556222
vt 0.887032 0.556222
vt 0.898759 0.556222
vt 0.904622 0.556222
vt 0.910486 0.556222
vt 0.916349 0.556222
vt 0.922213 0.556222
vt 0.892896 0.561848
vt 0.887032 0.561848
vt 0.898759 0.561848
vt 0.904622 0.561848
vt 0.910486 0.561848
vt 0.916349 0.561848
vt 0.922213 0.561848
vt 0.892896 0.567389
vt 0.887032 0.567389
vt 0.898759 0.567389
vt 0.904622 0.567389
vt 0.910486 0.567389
vt 0.916349 0.567389
vt 0.922213 0.567389
vt 0.892896 0.572887
vt 0.887032 0.572887
vt 0.898759 0.572887
vt 0.904622 0.572887
vt 0.910486 0.572887
vt 0.916349 0.572887
vt 0.922213 0.572887
vt 0.892896 0.578446
vt 0.887032 0.578446
vt 0.898759 0.578446
vt 0.904622 0.578446
vt 0.910486 0.578446
vt 0.916349 0.578446
vt 0.922213 0.578446
vt 0.892896 0.584172
vt 0.887032 0.584172
vt 0.898759 0.584172
vt 0.904622 0.584172
vt 0.910486 0.584172
vt 0.916349 0.584172
vt 0.922213 0.584172
vt 0.892896 0.590143
vt 0.887032 0.590143
vt 0.898759 0.590143
vt 0.904622 0.590143
vt 0.910486 0.590143
vt 0.916349 0.590143
vt 0.922213 0.590143
vt 0.892896 0.596404
vt 0.887032 0.596404
vt 0.898759 0.596404
vt 0.904622 0.596404
vt 0.910486 0.596404
vt 0.916349 0.596404
vt 0.922213 0.596404
vt 0.892896 0.602833
vt 0.887032 0.602833
vt 0.898759 0.602833
vt 0.904622 0.602833
vt 0.910486 0.602833
vt 0.916349 0.602833
vt 0.922213 0.602833
vt 0.892896 0.609126
vt 0.887032 0.609126
vt 0.898759 0.609126
vt 0.904622 0.609126
vt 0.910486 0.609126
vt 0.916349 0.609126
vt 0.922213 0.609126
vt 0.892896 0.615341
vt 0.887032 0.615341
vt 0.898759 0.615341
vt 0.904622 0.615341
vt 0.910486 0.615341
vt 0.916349 0.615341
vt 0.922213 0.615341
vt 0.892896 0.621476
vt 0.887032 0.621476
vt 0.898759 0.621476
vt 0.904622 0.621476
vt 0.910486 0.621476
vt 0.916349 0.621476
vt 0.922213 0.621476
vt 0.892896 0.627678
vt 0.887032 0.627678
vt 0.898759 0.627678
vt 0.904622 0.627678
vt 0.910486 0.627678
vt 0.916349 0.627678
vt 0.922213 0.627678
vt 0.892896 0.633999
vt 0.887032 0.633999
vt 0.898759 0.633999
vt 0.904622 0.633999
vt 0.910486 0.633999
vt 0.916349 0.633999
vt 0.922213 0.633999
vt 0.892896 0.640386
vt 0.887032 0.640386
vt 0.898759 0.640386
vt 0.904622 0.640386
vt 0.910486 0.640386
vt 0.916349 0.640386
vt 0.922213 0.640386
vt 0.892896 0.646703
vt 0.887032 0.646703
vt 0.898759 0.646703
vt 0.904622 0.646703
vt 0.910486 0.646703
vt 0.916349 0.646703
vt 0.922213 0.646703
vt 0.892896 0.652836
vt 0.887032 0.652836
vt 0.898759 0.652836
vt 0.904622 0.652836
vt 0.910486 0.652836
vt 0.916349 0.652836
vt 0.922213 0.652836
vt 0.892896 0.658772
vt 0.887032 0.658772
vt 0.898759 0.658772
vt 0.904622 0.658772
vt 0.910486 0.658772
vt 0.916349 0.658772
vt 0.922213 0.658772
vt 0.892896 0.664547
vt 0.887032 0.664547
vt 0.898759 0.664547
vt 0.904622 0.664547
vt 0.910486 0.664547
vt 0.916349 0.664547
vt 0.922213 0.664547
vt 0.898500 0.236412
vt 0.903596 0.236412
vt 0.903596 0.243012
vt 0.898500 0.243012
vt 0.908693 0.236412
vt 0.908693 0.243012
vt 0.913789 0.236412
vt 0.913789 0.243012
vt 0.918885 0.236412
vt 0.918885 0.243012
vt 0.923982 0.236412
vt 0.923982 0.243012
vt 0.929078 0.236412
vt 0.929078 0.243012
vt 0.903596 0.249599
vt 0.898500 0.249599
vt 0.908693 0.249599
vt 0.913789 0.249599
vt 0.918885 0.249599
vt 0.923982 0.249599
vt 0.929078 0.249599
vt 0.903596 0.256253
vt 0.898500 0.256253
vt 0.908693 0.256253
vt 0.913789 0.256253
vt 0.918885 0.256253
vt 0.923982 0.256253
vt 0.929078 0.256253
vt 0.903596 0.263071
vt 0.898500 0.263071
vt 0.908693 0.263071
vt 0.913789 0.263071
vt 0.918885 0.263071
vt 0.923982 0.263071
vt 0.929078 0.263071
vt 0.903596 0.270181
vt 0.898500 0.270181
vt 0.908693 0.270181
vt 0.913789 0.270181
vt 0.918885 0.270181
vt 0.923982 0.270181
vt 0.929078 0.270181
vt 0.903596 0.277729
vt 0.898500 0.277729
vt 0.908693 0.277729
vt 0.913789 0.277729
vt 0.918885 0.277729
vt 0.923982 0.277729
vt 0.929078 0.277729
vt 0.903596 0.285151
vt 0.898500 0.285151
vt 0.908693 0.285151
vt 0.913789 0.285151
vt 0.918885 0.285151
vt 0.923982 0.285151
vt 0.929078 0.285151
vt 0.903596 0.292283
vt 0.898500 0.292283
vt 0.908693 0.292283
vt 0.913789 0.292283
vt 0.918885 0.292283
vt 0.923982 0.292283
vt 0.929078 0.292283
vt 0.903596 0.299232
vt 0.898500 0.299232
vt 0.908693 0.299232
vt 0.913789 0.299232
vt 0.918885 0.299232
vt 0.923982 0.299232
vt 0.929078 0.299232
vt 0.903596 0.306128
vt 0.898500 0.306128
vt 0.908693 0.306128
vt 0.913789 0.306128
vt 0.918885 0.306128
vt 0.923982 0.306128
vt 0.929078 0.306128
vt 0.903596 0.313104
vt 0.898500 0.313104
vt 0.908693 0.313104
vt 0.913789 0.313104
vt 0.918885 0.313104
vt 0.923982 0.313104
vt 0.929078 0.313104
vt 0.903596 0.320269
vt 0.898500 0.320269
vt 0.908693 0.320269
vt 0.913789 0.320269
vt 0.918885 0.320269
vt 0.923982 0.320269
vt 0.929078 0.320269
vt 0.903596 0.327366
vt 0.898500 0.327366
vt 0.908693 0.327366
vt 0.913789 0.327366
vt 0.918885 0.327366
vt 0.923982 0.327366
vt 0.929078 0.327366
vt 0.903596 0.334207
vt 0.898500 0.334207
vt 0.908693 0.334207
vt 0.913789 0.334207
vt 0.918885 0.334207
vt 0.923982 0.334207
vt 0.929078 0.334207
vt 0.903596 0.340833
vt 0.898500 0.340833
vt 0.908693 0.340833
vt 0.913789 0.340833
vt 0.918885 0.340833
vt 0.923982 0.340833
vt 0.929078 0.340833
vt 0.903596 0.347305
vt 0.898500 0.347305
vt 0.908693 0.347305
vt 0.913789 0.347305
vt 0.918885 0.347305
vt 0.923982 0.347305
vt 0.929078 0.347305
vt 0.903596 0.353681
vt 0.898500 0.353681
vt 0.908693 0.353681
vt 0.913789 0.353681
vt 0.918885 0.353681
vt 0.923982 0.353681
vt 0.929078 0.353681
vt 0.903596 0.360006
vt 0.898500 0.360006
vt 0.908693 0.360006
vt 0.913789 0.360006
vt 0.918885 0.360006
vt 0.923982 0.360006
vt 0.929078 0.360006
vt 0.903596 0.366402
vt 0.898500 0.366402
vt 0.908693 0.366402
vt 0.913789 0.366402
vt 0.918885 0.366402
vt 0.923982 0.366402
vt 0.929078 0.366402
vt 0.903596 0.372990
vt 0.898500 0.372990
vt 0.908693 0.372990
vt 0.913789 0.372990
vt 0.918885 0.372990
vt 0.923982 0.372990
vt 0.929078 0.372990
vt 0.903596 0.379859
vt 0.898500 0.379859
vt 0.908693 0.379859
vt 0.913789 0.379859
vt 0.918885 0.379859
vt 0.923982 0.379859
vt 0.929078 0.379859
vt 0.903596 0.387063
vt 0.898500 0.387063
vt 0.908693 0.387063
vt 0.913789 0.387063
vt 0.918885 0.387063
vt 0.923982 0.387063
vt 0.929078 0.387063
vt 0.903596 0.394460
vt 0.898500 0.394460
vt 0.908693 0.394460
vt 0.913789 0.394460
vt 0.918885 0.394460
vt 0.923982 0.394460
vt 0.929078 0.394460
vt 0.903596 0.401700
vt 0.898500 0.401700
vt 0.908693 0.401700
vt 0.913789 0.401700
vt 0.918885 0.401700
vt 0.923982 0.401700
vt 0.929078 0.401700
vt 0.903596 0.408850
vt 0.898500 0.408850
vt 0.908693 0.408850
vt 0.913789 0.408850
vt 0.918885 0.408850
vt 0.923982 0.408850
vt 0.929078 0.408850
vt 0.903596 0.415909
vt 0.898500 0.415909
vt 0.908693 0.415909
vt 0.913789 0.415909
vt 0.918885 0.415909
vt 0.923982 0.415909
vt 0.929078 0.415909
vt 0.903596 0.423045
vt 0.898500 0.423045
vt 0.908693 0.423045
vt 0.913789 0.423045
vt 0.918885 0.423045
vt 0.923982 0.423045
vt 0.929078 0.423045
vt 0.903596 0.430317
vt 0.898500 0.430317
vt 0.908693 0.430317
vt 0.913789 0.430317
vt 0.918885 0.430317
vt 0.923982 0.430317
vt 0.929078 0.430317
vt 0.903596 0.437665
vt 0.898500 0.437665
vt 0.908693 0.437665
vt 0.913789 0.437665
vt 0.918885 0.437665
vt 0.923982 0.437665
vt 0.929078 0.437665
vt 0.903596 0.444933
vt 0.898500 0.444933
vt 0.908693 0.444933
vt 0.913789 0.444933
vt 0.918885 0.444933
vt 0.923982 0.444933
vt 0.929078 0.444933
vt 0.903596 0.451989
vt 0.898500 0.451989
vt 0.908693 0.451989
vt 0.913789 0.451989
vt 0.918885 0.451989
vt 0.923982 0.451989
vt 0.929078 0.451989
vt 0.903596 0.458818
vt 0.898500 0.458818
vt 0.908693 0.458818
vt 0.913789 0.458818
vt 0.918885 0.458818
vt 0.923982 0.458818
vt 0.929078 0.458818
vt 0.903596 0.465462
vt 0.898500 0.465462
vt 0.908693 0.465462
vt 0.913789 0.465462
vt 0.918885 0.465462
vt 0.923982 0.465462
vt 0.929078 0.465462
vt 0.023960 0.371812
vt 0.017140 0.371667
vt 0.017049 0.362643
vt 0.024069 0.362678
vt 0.010287 0.371856
vt 0.010002 0.362833
vt 0.003229 0.372216
vt 0.002862 0.363122
vt 0.045054 0.372538
vt 0.037863 0.372424
vt 0.038114 0.363140
vt 0.045297 0.363347
vt 0.030825 0.372124
vt 0.031054 0.362888
vt 0.016995 0.353462
vt 0.023996 0.353435
vt 0.009987 0.353797
vt 0.002883 0.354242
vt 0.038029 0.354031
vt 0.045225 0.354339
vt 0.030966 0.353682
vt 0.016783 0.344263
vt 0.023890 0.344119
vt 0.009757 0.344888
vt 0.002693 0.345603
vt 0.037944 0.345061
vt 0.045158 0.345510
vt 0.030889 0.344500
vt 0.016201 0.335441
vt 0.023848 0.335023
vt 0.008930 0.336307
vt 0.001828 0.337049
vt 0.038301 0.336148
vt 0.045534 0.336693
vt 0.031215 0.335451
vt 0.015739 0.327540
vt 0.023593 0.327194
vt 0.008242 0.327697
vt 0.000893 0.327729
vt 0.038800 0.327105
vt 0.046133 0.327329
vt 0.031405 0.327029
vt 0.016048 0.319332
vt 0.023395 0.319258
vt 0.008913 0.319051
vt 0.001736 0.318773
vt 0.037981 0.318577
vt 0.045265 0.318405
vt 0.030830 0.318936
vt 0.016029 0.310550
vt 0.023405 0.310475
vt 0.009245 0.310485
vt 0.002213 0.310365
vt 0.037465 0.310209
vt 0.044599 0.310090
vt 0.030582 0.310357
vt 0.015844 0.301843
vt 0.023221 0.301946
vt 0.008553 0.301734
vt 0.001363 0.301672
vt 0.037879 0.301736
vt 0.045207 0.301517
vt 0.030507 0.301921
vt 0.015752 0.293327
vt 0.022975 0.293680
vt 0.008661 0.292888
vt 0.001318 0.292651
vt 0.037487 0.293131
vt 0.044681 0.292658
vt 0.030390 0.293580
vt 0.015921 0.284562
vt 0.022985 0.284823
vt 0.008852 0.284205
vt 0.001873 0.284021
vt 0.036856 0.284462
vt 0.044022 0.284067
vt 0.029829 0.284815
vt 0.015848 0.275692
vt 0.022752 0.275777
vt 0.009037 0.275617
vt 0.001701 0.275618
vt 0.036515 0.275669
vt 0.043670 0.275540
vt 0.029731 0.275763
vt 0.015778 0.266832
vt 0.022757 0.266607
vt 0.008737 0.267157
vt 0.001814 0.267356
vt 0.036484 0.266817
vt 0.043646 0.267094
vt 0.029480 0.266588
vt 0.015324 0.257963
vt 0.022590 0.257574
vt 0.008205 0.258520
vt 0.001012 0.258929
vt 0.036931 0.258142
vt 0.044149 0.258602
vt 0.029825 0.257681
vt 0.014681 0.249461
vt 0.022470 0.249171
vt 0.007380 0.249812
vt 0.000000 0.249936
vt 0.037727 0.249495
vt 0.045019 0.249750
vt 0.030419 0.249174
vt 0.014787 0.241322
vt 0.022596 0.241650
vt 0.007292 0.240726
vt 0.000075 0.240263
vt 0.037785 0.240682
vt 0.045117 0.240249
vt 0.030268 0.241271
vt 0.015409 0.232957
vt 0.022583 0.233204
vt 0.008272 0.232303
vt 0.001090 0.231673
vt 0.036852 0.232234
vt 0.044065 0.231689
vt 0.029722 0.232867
vt 0.015582 0.224129
vt 0.022592 0.224190
vt 0.008530 0.223836
vt 0.001368 0.223495
vt 0.036673 0.223787
vt 0.043861 0.223512
vt 0.029599 0.224064
vt 0.015541 0.215332
vt 0.022623 0.215377
vt 0.008436 0.215221
vt 0.001262 0.215074
vt 0.036830 0.215228
vt 0.044035 0.215122
vt 0.029704 0.215331
vt 0.015512 0.206622
vt 0.022670 0.206649
vt 0.008329 0.206564
vt 0.001097 0.206496
vt 0.037010 0.206613
vt 0.044237 0.206587
vt 0.029827 0.206641
vt 0.015514 0.197939
vt 0.022722 0.197961
vt 0.008292 0.197903
vt 0.001047 0.197862
vt 0.037151 0.197975
vt 0.044393 0.197982
vt 0.029930 0.197971
vt 0.015550 0.189269
vt 0.022784 0.189291
vt 0.008310 0.189241
vt 0.001058 0.189209
vt 0.037259 0.189327
vt 0.044509 0.189347
vt 0.030018 0.189309
vt 0.015606 0.180604
vt 0.022853 0.180627
vt 0.008357 0.180578
vt 0.001103 0.180550
vt 0.037349 0.180673
vt 0.044604 0.180698
vt 0.030100 0.180649
vt 0.015672 0.171941
vt 0.022925 0.171965
vt 0.008419 0.171916
vt 0.001164 0.171889
vt 0.037431 0.172016
vt 0.044686 0.172042
vt 0.030177 0.171990
vt 0.015742 0.163280
vt 0.022997 0.163305
vt 0.008487 0.163255
vt 0.001231 0.163229
vt 0.037508 0.163357
vt 0.044764 0.163385
vt 0.030252 0.163331
vt 0.015814 0.154620
vt 0.023070 0.154645
vt 0.008558 0.154595
vt 0.001302 0.154569
vt 0.037582 0.154698
vt 0.044839 0.154726
vt 0.030326 0.154671
vt 0.015887 0.145961
vt 0.023143 0.145986
vt 0.008630 0.145935
vt 0.001374 0.145910
vt 0.037656 0.146039
vt 0.044913 0.146066
vt 0.030399 0.146012
vt 0.015959 0.137300
vt 0.023216 0.137325
vt 0.008702 0.137274
vt 0.001446 0.137248
vt 0.037729 0.137378
vt 0.044985 0.137405
vt 0.030472 0.137351
vt 0.016031 0.128641
vt 0.023288 0.128666
vt 0.008775 0.128615
vt 0.001518 0.128589
vt 0.037801 0.128719
vt 0.045058 0.128746
vt 0.030544 0.128692
vt 0.016103 0.119980
vt 0.023360 0.120005
vt 0.008847 0.119954
vt 0.001590 0.119928
vt 0.037873 0.120058
vt 0.045130 0.120085
vt 0.030616 0.120031
vt 0.016175 0.111321
vt 0.023432 0.111346
vt 0.008918 0.111295
vt 0.001662 0.111269
vt 0.037945 0.111399
vt 0.045202 0.111426
vt 0.030688 0.111372
vt 0.016247 0.102660
vt 0.023503 0.102686
vt 0.008990 0.102635
vt 0.001733 0.102609
vt 0.038017 0.102739
vt 0.045273 0.102765
vt 0.030760 0.102712
vt 0.016318 0.094002
vt 0.023575 0.094027
vt 0.009061 0.093976
vt 0.001805 0.093951
vt 0.038088 0.094080
vt 0.045345 0.094106
vt 0.030831 0.094053
vt 0.016389 0.085341
vt 0.023646 0.085367
vt 0.009132 0.085316
vt 0.001876 0.085290
vt 0.038159 0.085419
vt 0.045416 0.085445
vt 0.030903 0.085393
vt 0.016460 0.076681
vt 0.023717 0.076707
vt 0.009204 0.076656
vt 0.001947 0.076630
vt 0.038230 0.076759
vt 0.045487 0.076785
vt 0.030973 0.076733
vt 0.016531 0.068022
vt 0.023787 0.068048
vt 0.009274 0.067997
vt 0.002018 0.067971
vt 0.038301 0.068100
vt 0.045557 0.068126
vt 0.031044 0.068074
vt 0.016602 0.059362
vt 0.023858 0.059388
vt 0.009345 0.059337
vt 0.002088 0.059311
vt 0.038371 0.059440
vt 0.045628 0.059466
vt 0.031115 0.059414
vt 0.016672 0.050704
vt 0.023928 0.050730
vt 0.009415 0.050678
vt 0.002159 0.050653
vt 0.038442 0.050781
vt 0.045698 0.050807
vt 0.031185 0.050755
vt 0.016742 0.042043
vt 0.023999 0.042069
vt 0.009486 0.042018
vt 0.002229 0.041992
vt 0.038512 0.042120
vt 0.045768 0.042146
vt 0.031255 0.042094
vt 0.016812 0.033383
vt 0.024069 0.033409
vt 0.009556 0.033358
vt 0.002300 0.033333
vt 0.038581 0.033460
vt 0.045838 0.033486
vt 0.031325 0.033434
vt 0.016882 0.024724
vt 0.024138 0.024749
vt 0.009626 0.024699
vt 0.002369 0.024675
vt 0.038651 0.024801
vt 0.045908 0.024827
vt 0.031395 0.024774
vt 0.016951 0.016064
vt 0.024208 0.016088
vt 0.009695 0.016040
vt 0.002438 0.016016
vt 0.038721 0.016140
vt 0.045978 0.016167
vt 0.031464 0.016114
vt 0.017016 0.007406
vt 0.024275 0.007428
vt 0.009759 0.007384
vt 0.002502 0.007361
vt 0.038793 0.007482
vt 0.046051 0.007511
vt 0.031535 0.007453
vt 0.699038 0.622966
vt 0.633390 0.635097
vt 0.631984 0.622612
vt 0.697631 0.610481
vt 0.614627 0.853517
vt 0.680328 0.865354
vt 0.687380 0.937762
vt 0.609550 0.938117
vt 0.704492 0.720106
vt 0.626661 0.720099
vt 0.626662 0.707536
vt 0.704493 0.707542
vt 0.614099 0.707401
vt 0.620827 0.634962
vt 0.711586 0.622342
vt 0.717041 0.706918
vt 0.092118 0.127490
vt 0.080687 0.199008
vt 0.068233 0.197348
vt 0.079665 0.125830
vt 0.783949 0.621305
vt 0.855423 0.609602
vt 0.855426 0.697867
vt 0.777859 0.704269
vt 0.187582 0.122070
vt 0.181476 0.199661
vt 0.168951 0.198676
vt 0.175057 0.121084
vt 0.168998 0.211239
vt 0.080734 0.211572
vt 0.091434 0.114945
vt 0.174373 0.108540
vt 0.565552 0.272232
vt 0.635840 0.264324
vt 0.637560 0.276769
vt 0.567271 0.284677
vt 0.695592 0.805905
vt 0.765730 0.815049
vt 0.764701 0.895072
vt 0.686881 0.893739
vt 0.558394 0.171695
vt 0.636225 0.171732
vt 0.636219 0.184295
vt 0.558388 0.184258
vt 0.648778 0.184635
vt 0.648399 0.264664
vt 0.553030 0.273252
vt 0.545866 0.185278
vt 0.776369 0.709158
vt 0.710721 0.721288
vt 0.709315 0.708804
vt 0.774962 0.696673
vt 0.164287 0.865130
vt 0.229989 0.876967
vt 0.237041 0.949375
vt 0.159211 0.949730
vt 0.781823 0.806298
vt 0.703992 0.806291
vt 0.703993 0.793727
vt 0.781824 0.793734
vt 0.691430 0.793593
vt 0.698158 0.721154
vt 0.788917 0.708534
vt 0.794372 0.793110
vt 0.369600 0.026307
vt 0.358169 0.097825
vt 0.345715 0.096165
vt 0.357146 0.024647
vt 0.210790 0.789457
vt 0.282264 0.777754
vt 0.282267 0.866019
vt 0.204700 0.872420
vt 0.465064 0.020888
vt 0.458958 0.098479
vt 0.446433 0.097493
vt 0.452539 0.019902
vt 0.446480 0.110056
vt 0.358216 0.110389
vt 0.368915 0.013762
vt 0.451855 0.007357
vt 0.551905 0.629275
vt 0.622194 0.621367
vt 0.623913 0.633812
vt 0.553625 0.641721
vt 0.813863 0.461943
vt 0.884001 0.471087
vt 0.882972 0.551110
vt 0.805152 0.549777
vt 0.544747 0.528738
vt 0.622578 0.528775
vt 0.622572 0.541338
vt 0.544741 0.541301
vt 0.635131 0.541679
vt 0.634753 0.621708
vt 0.539383 0.630295
vt 0.532219 0.542321
vt 0.579198 0.107899
vt 0.649487 0.099991
vt 0.651206 0.112436
vt 0.580918 0.120344
vt 0.804765 0.007353
vt 0.874903 0.016496
vt 0.873874 0.096519
vt 0.796054 0.095187
vt 0.572041 0.007361
vt 0.649872 0.007398
vt 0.649866 0.019962
vt 0.572035 0.019925
vt 0.662425 0.020302
vt 0.662046 0.100331
vt 0.566676 0.108918
vt 0.559513 0.020945
vt 0.173998 0.381688
vt 0.162566 0.453206
vt 0.150113 0.451546
vt 0.161544 0.380028
vt 0.006090 0.730435
vt 0.077564 0.718731
vt 0.077567 0.806996
vt 0.000000 0.813398
vt 0.269462 0.376269
vt 0.263356 0.453860
vt 0.250831 0.452874
vt 0.256937 0.375283
vt 0.250878 0.465437
vt 0.162614 0.465769
vt 0.173313 0.369143
vt 0.256253 0.362737
vt 0.521631 0.630273
vt 0.455984 0.642404
vt 0.454577 0.629920
vt 0.520225 0.617789
vt 0.450867 0.910026
vt 0.516568 0.921863
vt 0.523621 0.994271
vt 0.445790 0.994626
vt 0.527086 0.727413
vt 0.449254 0.727407
vt 0.449255 0.714843
vt 0.527087 0.714850
vt 0.436693 0.714709
vt 0.443421 0.642269
vt 0.534180 0.629649
vt 0.539635 0.714225
vt 0.735429 0.088309
vt 0.669781 0.100440
vt 0.668375 0.087955
vt 0.734022 0.075824
vt 0.050565 0.206743
vt 0.116267 0.218580
vt 0.123319 0.290988
vt 0.045489 0.291343
vt 0.740883 0.185449
vt 0.663052 0.185442
vt 0.663053 0.172879
vt 0.740884 0.172885
vt 0.650490 0.172744
vt 0.657218 0.100305
vt 0.747977 0.087685
vt 0.753432 0.172261
vt 0.169449 0.224105
vt 0.158018 0.295623
vt 0.145564 0.293963
vt 0.156996 0.222445
vt 0.615640 0.770933
vt 0.687114 0.759230
vt 0.687118 0.847495
vt 0.609550 0.853896
vt 0.264913 0.218685
vt 0.258807 0.296276
vt 0.246282 0.295291
vt 0.252389 0.217699
vt 0.246329 0.307854
vt 0.158065 0.308187
vt 0.168765 0.211560
vt 0.251704 0.205155
vt 0.165250 0.566306
vt 0.235539 0.558398
vt 0.237258 0.570843
vt 0.166970 0.578751
vt 0.454501 0.822036
vt 0.524639 0.831180
vt 0.523610 0.911203
vt 0.445790 0.909870
vt 0.158092 0.465769
vt 0.235923 0.465806
vt 0.235917 0.478369
vt 0.158086 0.478332
vt 0.248476 0.478709
vt 0.248098 0.558738
vt 0.152728 0.567326
vt 0.145564 0.479352
vt 0.417007 0.646647
vt 0.351359 0.658778
vt 0.349953 0.646294
vt 0.415601 0.634163
vt 0.696507 0.893973
vt 0.762208 0.905809
vt 0.769260 0.978218
vt 0.691430 0.978573
vt 0.422461 0.743787
vt 0.344630 0.743781
vt 0.344631 0.731217
vt 0.422462 0.731224
vt 0.332068 0.731083
vt 0.338797 0.658643
vt 0.429555 0.646023
vt 0.435010 0.730600
vt 0.051178 0.417153
vt 0.039747 0.488671
vt 0.027293 0.487011
vt 0.038725 0.415492
vt 0.538309 0.714864
vt 0.609783 0.703161
vt 0.609787 0.791425
vt 0.532219 0.797827
vt 0.146643 0.411734
vt 0.140536 0.489325
vt 0.128011 0.488338
vt 0.134118 0.410747
vt 0.128059 0.500902
vt 0.039794 0.501234
vt 0.050494 0.404608
vt 0.133433 0.398203
vt 0.479123 0.179264
vt 0.549411 0.171355
vt 0.551131 0.183801
vt 0.480843 0.191709
vt 0.845705 0.851564
vt 0.915843 0.860707
vt 0.914814 0.940730
vt 0.836994 0.939398
vt 0.471965 0.078726
vt 0.549796 0.078763
vt 0.549790 0.091326
vt 0.471959 0.091290
vt 0.562349 0.091667
vt 0.561970 0.171695
vt 0.466601 0.180283
vt 0.459437 0.092309
vt 0.274423 0.548812
vt 0.344712 0.540904
vt 0.346431 0.553349
vt 0.276143 0.561257
vt 0.536381 0.797816
vt 0.606519 0.806960
vt 0.605490 0.886983
vt 0.527670 0.885651
vt 0.267266 0.448275
vt 0.345096 0.448312
vt 0.345090 0.460875
vt 0.267259 0.460838
vt 0.357649 0.461215
vt 0.357271 0.541244
vt 0.261901 0.549831
vt 0.254737 0.461858
vt 0.192193 0.026308
vt 0.180762 0.097826
vt 0.168309 0.096166
vt 0.179740 0.024647
vt 0.456429 0.739084
vt 0.527903 0.727381
vt 0.527907 0.815646
vt 0.450339 0.822048
vt 0.287658 0.020889
vt 0.281551 0.098480
vt 0.269026 0.097493
vt 0.275133 0.019902
vt 0.269074 0.110057
vt 0.180809 0.110389
vt 0.191509 0.013763
vt 0.274449 0.007357
vt 0.216856 0.591062
vt 0.151208 0.603192
vt 0.149802 0.590708
vt 0.215450 0.578577
vt 0.923951 0.893597
vt 0.989652 0.905433
vt 0.996705 0.977842
vt 0.918874 0.978196
vt 0.222310 0.688202
vt 0.144479 0.688195
vt 0.144480 0.675632
vt 0.222311 0.675638
vt 0.131918 0.675497
vt 0.138646 0.603058
vt 0.229404 0.590438
vt 0.234860 0.675013
vn -0.123939 -0.330988 -0.935460
vn -0.123939 -0.330988 -0.935460
vn -0.123939 -0.330988 -0.935460
vn -0.123939 -0.330988 -0.935460
vn -0.040722 0.925066 -0.377617
vn -0.040722 0.925066 -0.377617
vn -0.040722 0.925066 -0.377617
vn -0.040722 0.925066 -0.377617
vn -0.062356 0.331688 0.941326
vn -0.062356 0.331688 0.941326
vn -0.062356 0.331688 0.941326
vn -0.062356 0.331688 0.941326
vn 0.040722 -0.925066 0.377617
vn 0.040722 -0.925066 0.377617
vn 0.040722 -0.925066 0.377617
vn 0.040722 -0.925066 0.377617
vn -0.987951 -0.057894 -0.143529
vn -0.987951 -0.057894 -0.143529
vn -0.987951 -0.057894 -0.143529
vn -0.987951 -0.057894 -0.143529
vn 0.999966 0.004997 -0.006633
vn 0.999965 0.004997 -0.006633
vn 0.999966 0.004997 -0.006633
vn 0.999965 0.004997 -0.006633
vn 0.142226 -0.328435 -0.933757
vn 0.142226 -0.328435 -0.933757
vn 0.142226 -0.328435 -0.933757
vn 0.142226 -0.328435 -0.933757
vn 0.006855 0.939021 -0.343792
vn 0.006855 0.939021 -0.343792
vn 0.006855 0.939021 -0.343792
vn 0.006855 0.939021 -0.343792
vn -0.062356 0.331686 0.941327
vn -0.062356 0.331686 0.941327
vn -0.062356 0.331686 0.941327
vn -0.062356 0.331686 0.941327
vn -0.006855 -0.939021 0.343792
vn -0.006855 -0.939021 0.343792
vn -0.006855 -0.939021 0.343792
vn -0.006855 -0.939021 0.343792
vn -0.999784 -0.000002 0.020792
vn -0.999784 -0.000002 0.020792
vn -0.999784 -0.000002 0.020792
vn -0.999784 -0.000002 0.020792
vn 0.995631 -0.024485 -0.090110
vn 0.995631 -0.024485 -0.090110
vn 0.995631 -0.024485 -0.090110
vn 0.995631 -0.024485 -0.090110
vn -0.050381 -0.332650 -0.941704
vn -0.050381 -0.332650 -0.941704
vn -0.050381 -0.332650 -0.941704
vn -0.050381 -0.332650 -0.941704
vn 0.005037 0.946573 -0.322451
vn 0.005037 0.946573 -0.322451
vn 0.005037 0.946573 -0.322451
vn 0.005037 0.946573 -0.322451
vn -0.062356 0.331687 0.941326
vn -0.062356 0.331687 0.941326
vn -0.062356 0.331687 0.941326
vn -0.062356 0.331687 0.941326
vn -0.005036 -0.946573 0.322452
vn -0.005036 -0.946573 0.322452
vn -0.005036 -0.946573 0.322452
vn -0.005036 -0.946573 0.322452
vn -0.997755 -0.028680 -0.060517
vn -0.997755 -0.028680 -0.060517
vn -0.997755 -0.028680 -0.060517
vn -0.997755 -0.028680 -0.060517
vn 0.999784 0.000006 -0.020793
vn 0.999784 0.000006 -0.020793
vn 0.999784 0.000006 -0.020793
vn 0.999784 0.000006 -0.020793
vn 0.187458 0.328067 0.925868
vn 0.187458 0.328067 0.925868
vn 0.187458 0.328067 0.925868
vn 0.187458 0.328067 0.925868
vn 0.029940 0.956907 -0.288849
vn 0.029940 0.956907 -0.288849
vn 0.029940 0.956907 -0.288849
vn 0.029940 0.956907 -0.288849
vn -0.001918 -0.332756 -0.943011
vn -0.001918 -0.332756 -0.943011
vn -0.001918 -0.332756 -0.943011
vn -0.001918 -0.332756 -0.943011
vn -0.029940 -0.956907 0.288848
vn -0.029940 -0.956907 0.288848
vn -0.029940 -0.956907 0.288848
vn -0.029940 -0.956907 0.288848
vn 0.995846 0.036709 0.083330
vn 0.995846 0.036709 0.083330
vn 0.995846 0.036709 0.083330
vn 0.995846 0.036709 0.083330
vn -0.997603 0.016401 0.067226
vn -0.997603 0.016401 0.067226
vn -0.997603 0.016401 0.067226
vn -0.997603 0.016401 0.067226
vn -0.977573 -0.076419 -0.196244
vn -0.977573 -0.076419 -0.196244
vn -0.977573 -0.076419 -0.196244
vn -0.977573 -0.076419 -0.196244
vn -0.017684 0.937927 -0.346383
vn -0.017684 0.937927 -0.346383
vn -0.017684 0.937927 -0.346383
vn -0.017684 0.937927 -0.346383
vn 0.991308 0.050183 0.121612
vn 0.991308 0.050183 0.121612
vn 0.991308 0.050183 0.121612
vn 0.991308 0.050183 0.121612
vn 0.017684 -0.937927 0.346382
vn 0.017684 -0.937927 0.346382
vn 0.017684 -0.937927 0.346382
vn 0.017684 -0.937927 0.346382
vn -0.049732 0.332005 0.941966
vn -0.049732 0.332005 0.941966
vn -0.049732 0.332005 0.941966
vn -0.049732 0.332005 0.941966
vn -0.023892 -0.332805 -0.942693
vn -0.023892 -0.332806 -0.942693
vn -0.023892 -0.332806 -0.942693
vn -0.023892 -0.332805 -0.942693
vn -0.993531 0.031235 0.109186
vn -0.993531 0.031235 0.109186
vn -0.993530 0.031235 0.109186
vn -0.993530 0.031235 0.109186
vn 0.003192 0.938738 -0.344616
vn 0.003192 0.938738 -0.344616
vn 0.003192 0.938739 -0.344616
vn 0.003192 0.938738 -0.344616
vn 0.999976 0.006249 -0.003058
vn 0.999976 0.006249 -0.003058
vn 0.999976 0.006249 -0.003058
vn 0.999976 0.006249 -0.003058
vn -0.003192 -0.938738 0.344617
vn -0.003192 -0.938738 0.344617
vn -0.003192 -0.938738 0.344617
vn -0.003192 -0.938738 0.344617
vn -0.003460 0.332720 0.943019
vn -0.003460 0.332720 0.943019
vn -0.003460 0.332720 0.943019
vn -0.003460 0.332720 0.943019
vn -0.082710 -0.332142 -0.939596
vn -0.082710 -0.332142 -0.939596
vn -0.082710 -0.332142 -0.939596
vn -0.082710 -0.332142 -0.939596
vn -0.050381 -0.332650 -0.941704
vn -0.050381 -0.332650 -0.941704
vn -0.050381 -0.332650 -0.941704
vn -0.050381 -0.332650 -0.941704
vn 0.005037 0.946573 -0.322451
vn 0.005037 0.946573 -0.322451
vn 0.005037 0.946573 -0.322451
vn 0.005037 0.946573 -0.322451
vn -0.062356 0.331688 0.941326
vn -0.062356 0.331688 0.941326
vn -0.062356 0.331688 0.941326
vn -0.062356 0.331688 0.941326
vn -0.005036 -0.946573 0.322452
vn -0.005036 -0.946573 0.322452
vn -0.005036 -0.946573 0.322452
vn -0.005036 -0.946573 0.322452
vn -0.997755 -0.028675 -0.060517
vn -0.997755 -0.028675 -0.060517
vn -0.997755 -0.028675 -0.060517
vn -0.997755 -0.028675 -0.060517
vn 0.999784 0.000007 -0.020793
vn 0.999784 0.000007 -0.020793
vn 0.999784 0.000007 -0.020793
vn 0.999784 0.000007 -0.020793
vn 0.142226 -0.328434 -0.933757
vn 0.142226 -0.328434 -0.933757
vn 0.142226 -0.328434 -0.933757
vn 0.142226 -0.328434 -0.933757
vn 0.006855 0.939021 -0.343793
vn 0.006855 0.939021 -0.343793
vn 0.006855 0.939021 -0.343793
vn 0.006855 0.939021 -0.343793
vn -0.062356 0.331687 0.941327
vn -0.062356 0.331687 0.941327
vn -0.062356 0.331687 0.941327
vn -0.062356 0.331687 0.941327
vn -0.006855 -0.939021 0.343792
vn -0.006855 -0.939021 0.343792
vn -0.006855 -0.939021 0.343792
vn -0.006855 -0.939021 0.343792
vn -0.999784 0.000001 0.020792
vn -0.999784 0.000001 0.020792
vn -0.999784 0.000001 0.020792
vn -0.999784 0.000001 0.020792
vn 0.995631 -0.024481 -0.090110
vn 0.995631 -0.024481 -0.090110
vn 0.995631 -0.024481 -0.090110
vn 0.995631 -0.024481 -0.090110
vn -0.123939 -0.330987 -0.935461
vn -0.123939 -0.330987 -0.935461
vn -0.123939 -0.330987 -0.935461
vn -0.123939 -0.330987 -0.935461
vn -0.040722 0.925066 -0.377617
vn -0.040722 0.925066 -0.377617
vn -0.040722 0.925066 -0.377617
vn -0.040722 0.925066 -0.377617
vn -0.062356 0.331688 0.941326
vn -0.062356 0.331688 0.941326
vn -0.062356 0.331688 0.941326
vn -0.062356 0.331688 0.941326
vn 0.040722 -0.925066 0.377617
vn 0.040722 -0.925066 0.377617
vn 0.040722 -0.925066 0.377617
vn 0.040722 -0.925066 0.377617
vn -0.987951 -0.057903 -0.143529
vn -0.987951 -0.057903 -0.143529
vn -0.987951 -0.057903 -0.143529
vn -0.987951 -0.057903 -0.143529
vn 0.999966 0.005003 -0.006633
vn 0.999966 0.005003 -0.006633
vn 0.999966 0.005003 -0.006633
vn 0.999966 0.005003 -0.006633
vn -0.123939 -0.330988 -0.935460
vn -0.123939 -0.330988 -0.935460
vn -0.123939 -0.330988 -0.935460
vn -0.123939 -0.330988 -0.935460
vn -0.040722 0.925066 -0.377618
vn -0.040722 0.925066 -0.377618
vn -0.040722 0.925066 -0.377618
vn -0.040722 0.925066 -0.377618
vn -0.062356 0.331688 0.941326
vn -0.062356 0.331688 0.941326
vn -0.062356 0.331688 0.941326
vn -0.062356 0.331688 0.941326
vn 0.040722 -0.925066 0.377616
vn 0.040722 -0.925066 0.377616
vn 0.040722 -0.925066 0.377616
vn 0.040722 -0.925066 0.377616
vn -0.987951 -0.057895 -0.143529
vn -0.987951 -0.057895 -0.143529
vn -0.987951 -0.057895 -0.143529
vn -0.987951 -0.057895 -0.143529
vn 0.999965 0.005008 -0.006633
vn 0.999965 0.005008 -0.006633
vn 0.999966 0.005008 -0.006633
vn 0.999965 0.005008 -0.006633
vn 0.142226 -0.328435 -0.933757
vn 0.142226 -0.328435 -0.933757
vn 0.142226 -0.328435 -0.933757
vn 0.142226 -0.328435 -0.933757
vn 0.006855 0.939021 -0.343793
vn 0.006855 0.939020 -0.343793
vn 0.006855 0.939021 -0.343793
vn 0.006855 0.939021 -0.343793
vn -0.062356 0.331687 0.941327
vn -0.062356 0.331687 0.941327
vn -0.062356 0.331687 0.941327
vn -0.062356 0.331687 0.941327
vn -0.006855 -0.939021 0.343792
vn -0.006855 -0.939021 0.343792
vn -0.006855 -0.939021 0.343792
vn -0.006855 -0.939021 0.343792
vn -0.999784 -0.000004 0.020792
vn -0.999784 -0.000004 0.020792
vn -0.999784 -0.000004 0.020792
vn -0.999784 -0.000004 0.020792
vn 0.995631 -0.024485 -0.090110
vn 0.995631 -0.024485 -0.090110
vn 0.995631 -0.024485 -0.090110
vn 0.995631 -0.024485 -0.090110
vn -0.050381 -0.332650 -0.941704
vn -0.050381 -0.332650 -0.941704
vn -0.050381 -0.332650 -0.941704
vn -0.050381 -0.332650 -0.941704
vn 0.005037 0.946573 -0.322451
vn 0.005037 0.946573 -0.322451
vn 0.005037 0.946573 -0.322451
vn 0.005037 0.946573 -0.322451
vn -0.062356 0.331688 0.941326
vn -0.062356 0.331688 0.941326
vn -0.062356 0.331688 0.941326
vn -0.062356 0.331688 0.941326
vn -0.005036 -0.946573 0.322452
vn -0.005036 -0.946573 0.322452
vn -0.005036 -0.946573 0.322452
vn -0.005036 -0.946573 0.322452
vn -0.997755 -0.028670 -0.060517
vn -0.997755 -0.028670 -0.060517
vn -0.997755 -0.028670 -0.060517
vn -0.997755 -0.028670 -0.060517
vn 0.999784 0.000006 -0.020793
vn 0.999784 0.000006 -0.020793
vn 0.999784 0.000006 -0.020793
vn 0.999784 0.000006 -0.020793
vn 0.187458 0.328067 0.925868
vn 0.187458 0.328067 0.925868
vn 0.187458 0.328067 0.925868
vn 0.187458 0.328067 0.925868
vn 0.029940 0.956906 -0.288849
vn 0.029940 0.956906 -0.288849
vn 0.029940 0.956906 -0.288849
vn 0.029940 0.956906 -0.288849
vn -0.001918 -0.332756 -0.943011
vn -0.001918 -0.332756 -0.943011
vn -0.001918 -0.332756 -0.943011
vn -0.001918 -0.332756 -0.943011
vn -0.029940 -0.956907 0.288849
vn -0.029940 -0.956906 0.288849
vn -0.029940 -0.956907 0.288849
vn -0.029940 -0.956906 0.288849
vn 0.995846 0.036709 0.083330
vn 0.995846 0.036709 0.083330
vn 0.995846 0.036709 0.083330
vn 0.995846 0.036709 0.083330
vn -0.997603 0.016401 0.067226
vn -0.997603 0.016401 0.067226
vn -0.997603 0.016401 0.067226
vn -0.997603 0.016401 0.067226
vn -0.977573 -0.076416 -0.196244
vn -0.977573 -0.076416 -0.196244
vn -0.977573 -0.076416 -0.196244
vn -0.977573 -0.076416 -0.196244
vn -0.017684 0.937927 -0.346383
vn -0.017684 0.937927 -0.346383
vn -0.017684 0.937927 -0.346383
vn -0.017684 0.937927 -0.346383
vn 0.991309 0.050181 0.121612
vn 0.991308 0.050181 0.121612
vn 0.991308 0.050181 0.121612
vn 0.991309 0.050181 0.121612
vn 0.017684 -0.937927 0.346381
vn 0.017684 -0.937927 0.346381
vn 0.017684 -0.937927 0.346381
vn 0.017684 -0.937927 0.346381
vn -0.049732 0.332005 0.941966
vn -0.049732 0.332005 0.941966
vn -0.049732 0.332005 0.941966
vn -0.049732 0.332005 0.941966
vn -0.023892 -0.332805 -0.942693
vn -0.023892 -0.332806 -0.942693
vn -0.023892 -0.332806 -0.942693
vn -0.023892 -0.332805 -0.942693
vn -0.993531 0.031234 0.109186
vn -0.993531 0.031234 0.109186
vn -0.993531 0.031234 0.109186
vn -0.993531 0.031234 0.109186
vn 0.003192 0.938739 -0.344616
vn 0.003192 0.938739 -0.344616
vn 0.003192 0.938739 -0.344616
vn 0.003192 0.938739 -0.344615
vn 0.999976 0.006256 -0.003058
vn 0.999976 0.006256 -0.003058
vn 0.999976 0.006256 -0.003058
vn 0.999976 0.006256 -0.003058
vn -0.003192 -0.938738 0.344617
vn -0.003192 -0.938738 0.344617
vn -0.003192 -0.938738 0.344617
vn -0.003192 -0.938738 0.344617
vn -0.003460 0.332720 0.943019
vn -0.003460 0.332720 0.943019
vn -0.003460 0.332720 0.943019
vn -0.003460 0.332720 0.943019
vn -0.082710 -0.332142 -0.939596
vn -0.082710 -0.332142 -0.939596
vn -0.082710 -0.332142 -0.939596
vn -0.082710 -0.332142 -0.939596
vn -0.050381 -0.332650 -0.941704
vn -0.050381 -0.332650 -0.941704
vn -0.050381 -0.332650 -0.941704
vn -0.050381 -0.332650 -0.941704
vn 0.005037 0.946573 -0.322451
vn 0.005037 0.946573 -0.322451
vn 0.005037 0.946573 -0.322451
vn 0.005037 0.946573 -0.322451
vn -0.062356 0.331688 0.941326
vn -0.062356 0.331688 0.941326
vn -0.062356 0.331688 0.941326
vn -0.062356 0.331688 0.941326
vn -0.005036 -0.946573 0.322452
vn -0.005036 -0.946573 0.322452
vn -0.005036 -0.946573 0.322452
vn -0.005036 -0.946573 0.322452
vn -0.997755 -0.028681 -0.060517
vn -0.997755 -0.028681 -0.060517
vn -0.997755 -0.028681 -0.060517
vn -0.997755 -0.028681 -0.060517
vn 0.999784 0.000000 -0.020793
vn 0.999784 0.000000 -0.020793
vn 0.999784 0.000000 -0.020793
vn 0.999784 0.000000 -0.020793
vn 0.142226 -0.328434 -0.933757
vn 0.142226 -0.328434 -0.933757
vn 0.142226 -0.328434 -0.933757
vn 0.142226 -0.328434 -0.933757
vn 0.006855 0.939021 -0.343793
vn 0.006855 0.939021 -0.343793
vn 0.006855 0.939021 -0.343793
vn 0.006855 0.939021 -0.343793
vn -0.062356 0.331687 0.941327
vn -0.062356 0.331687 0.941327
vn -0.062356 0.331686 0.941327
vn -0.062356 0.331687 0.941327
vn -0.006855 -0.939021 0.343791
vn -0.006855 -0.939021 0.343791
vn -0.006855 -0.939021 0.343791
vn -0.006855 -0.939021 0.343791
vn -0.999784 0.000005 0.020792
vn -0.999784 0.000005 0.020792
vn -0.999784 0.000005 0.020792
vn -0.999784 0.000005 0.020792
vn 0.995631 -0.024481 -0.090110
vn 0.995631 -0.024481 -0.090110
vn 0.995631 -0.024481 -0.090110
vn 0.995631 -0.024481 -0.090110
vn -0.123939 -0.330987 -0.935461
vn -0.123939 -0.330987 -0.935461
vn -0.123939 -0.330987 -0.935461
vn -0.123939 -0.330987 -0.935461
vn -0.040722 0.925066 -0.377617
vn -0.040722 0.925066 -0.377617
vn -0.040722 0.925066 -0.377617
vn -0.040722 0.925066 -0.377617
vn -0.062356 0.331688 0.941326
vn -0.062356 0.331688 0.941326
vn -0.062356 0.331688 0.941326
vn -0.062356 0.331688 0.941326
vn 0.040722 -0.925066 0.377616
vn 0.040722 -0.925066 0.377616
vn 0.040722 -0.925066 0.377616
vn 0.040722 -0.925066 0.377616
vn -0.987951 -0.057892 -0.143529
vn -0.987951 -0.057892 -0.143529
vn -0.987951 -0.057892 -0.143529
vn -0.987951 -0.057892 -0.143529
vn 0.999965 0.005001 -0.006633
vn 0.999965 0.005001 -0.006633
vn 0.999965 0.005001 -0.006633
vn 0.999965 0.005001 -0.006633
vn -0.043945 0.971062 0.234750
vn 0.447226 0.842182 0.301195
vn 0.457683 0.852954 0.250991
vn -0.033392 0.983026 0.180400
vn 0.980276 0.002015 0.197626
vn 0.980276 0.002015 0.197626
vn 0.981564 0.003259 0.191106
vn 0.981565 0.003260 0.191102
vn 0.531826 -0.840471 -0.103775
vn 0.053842 -0.971076 -0.232623
vn 0.043314 -0.983013 -0.178354
vn 0.523828 -0.849724 -0.059772
vn -0.447250 -0.842214 -0.301070
vn -0.457708 -0.852978 -0.250863
vn -0.980274 -0.002029 -0.197631
vn -0.980274 -0.002029 -0.197631
vn -0.981564 -0.003267 -0.191105
vn -0.981563 -0.003266 -0.191109
vn -0.531842 0.840449 0.103870
vn -0.523850 0.849703 0.059883
vn 0.477338 0.866529 0.145864
vn -0.011774 0.997676 0.067105
vn 0.984138 0.005034 0.177331
vn 0.984135 0.005033 0.177351
vn 0.022738 -0.997577 -0.065748
vn 0.506881 -0.861465 0.030828
vn -0.477204 -0.866478 -0.146599
vn -0.984132 -0.005026 -0.177366
vn -0.984136 -0.005028 -0.177346
vn -0.506780 0.861503 -0.031412
vn 0.497832 0.866871 0.026434
vn 0.011439 0.998063 -0.061152
vn 0.986912 0.005076 0.161180
vn 0.986902 0.005079 0.161240
vn 0.002192 -0.998099 0.061598
vn 0.489308 -0.861924 0.132914
vn -0.497479 -0.867005 -0.028564
vn -0.986896 -0.005085 -0.161278
vn -0.986906 -0.005082 -0.161217
vn -0.489032 0.861820 -0.134584
vn 0.520732 0.844736 -0.123534
vn 0.038242 0.974364 -0.221702
vn 0.990086 0.002037 0.140447
vn 0.990065 0.002069 0.140596
vn -0.019510 -0.975280 0.220112
vn 0.469796 -0.843733 0.259627
vn -0.519999 -0.845919 0.118412
vn -0.990052 -0.002105 -0.140684
vn -0.990073 -0.002073 -0.140537
vn -0.469214 0.842820 -0.263616
vn 0.545524 0.774544 -0.320135
vn 0.068320 0.899364 -0.431829
vn 0.993589 -0.007758 0.112788
vn 0.993555 -0.007618 0.113096
vn -0.041375 -0.903432 0.426731
vn 0.448713 -0.786380 0.424575
vn -0.544439 -0.779351 0.310159
vn -0.993535 0.007520 -0.113277
vn -0.993568 0.007657 -0.112977
vn -0.447813 0.782656 -0.432335
vn 0.564440 0.625087 -0.539141
vn 0.090160 0.738196 -0.668534
vn 0.996230 -0.028967 0.081772
vn 0.996230 -0.028959 0.081780
vn -0.058914 -0.740537 0.669429
vn 0.432681 -0.655157 0.619320
vn -0.564493 -0.626433 0.537521
vn -0.996230 0.028993 -0.081760
vn -0.996231 0.028999 -0.081753
vn -0.432434 0.653986 -0.620728
vn 0.566956 0.409557 -0.714720
vn 0.090006 0.503941 -0.859036
vn 0.996671 -0.056758 0.058531
vn 0.996667 -0.056933 0.058433
vn -0.066409 -0.499425 0.863808
vn 0.429720 -0.460432 0.776752
vn -0.566790 -0.402219 0.719005
vn -0.996662 0.057144 -0.058309
vn -0.996666 0.056973 -0.058405
vn -0.429570 0.465847 -0.773599
vn 0.556915 0.192055 -0.808060
vn 0.074288 0.265935 -0.961124
vn 0.995716 -0.078507 0.048854
vn 0.995711 -0.078574 0.048837
vn -0.061017 -0.263551 0.962714
vn 0.438888 -0.267061 0.857937
vn -0.556624 -0.187805 0.809258
vn -0.995707 0.078653 -0.048807
vn -0.995711 0.078587 -0.048824
vn -0.438685 0.270216 -0.857052
vn 0.541617 -0.003803 -0.840617
vn 0.053451 0.047187 -0.997455
vn 0.994838 -0.090139 0.046616
vn 0.994837 -0.090146 0.046616
vn -0.048258 -0.046811 0.997737
vn 0.453204 -0.085499 0.887297
vn -0.541495 0.005018 0.840689
vn -0.994835 0.090173 -0.046615
vn -0.994835 0.090166 -0.046615
vn -0.453163 0.086107 -0.887259
vn 0.523970 -0.187998 -0.830730
vn 0.030015 -0.163604 -0.986069
vn 0.994641 -0.092372 0.046444
vn 0.994640 -0.092376 0.046444
vn -0.031873 0.162407 0.986209
vn 0.470418 0.094074 0.877415
vn -0.524083 0.186803 0.830928
vn -0.994640 0.092389 -0.046433
vn -0.994640 0.092385 -0.046433
vn -0.470614 -0.095841 -0.877119
vn 0.504635 -0.374000 -0.778118
vn 0.004024 -0.381628 -0.924307
vn 0.995330 -0.085792 0.044251
vn 0.995325 -0.085839 0.044269
vn -0.013235 0.379129 0.925249
vn 0.490226 0.284462 0.823869
vn -0.504984 0.370760 0.779441
vn -0.995331 0.085790 -0.044226
vn -0.995336 0.085743 -0.044208
vn -0.490650 -0.288493 -0.822213
vn 0.486034 -0.554929 -0.675148
vn -0.019182 -0.597717 -0.801477
vn 0.996528 -0.074304 0.037561
vn 0.996531 -0.074280 0.037543
vn 0.008524 0.599408 0.800399
vn 0.510961 0.481796 0.711893
vn -0.485996 0.555875 0.674397
vn -0.996528 0.074303 -0.037554
vn -0.996526 0.074327 -0.037572
vn -0.510773 -0.480540 -0.712876
vn 0.470910 -0.701354 -0.535114
vn -0.033320 -0.771175 -0.635750
vn 0.997237 -0.067269 0.031509
vn 0.997239 -0.067258 0.031493
vn 0.030795 0.774163 0.632236
vn 0.526589 0.637212 0.562730
vn -0.470636 0.704146 0.531677
vn -0.997238 0.067263 -0.031511
vn -0.997236 0.067275 -0.031528
vn -0.526237 -0.633836 -0.566857
vn 0.460093 -0.796907 -0.391477
vn -0.041608 -0.881177 -0.470952
vn 0.997114 -0.068131 0.033503
vn 0.997111 -0.068148 0.033536
vn 0.047700 0.882163 0.468523
vn 0.537132 0.730324 0.422038
vn -0.459909 0.798356 0.388731
vn -0.997115 0.068107 -0.033500
vn -0.997118 0.068090 -0.033468
vn -0.536931 -0.728705 -0.425081
vn 0.451355 -0.852912 -0.262337
vn -0.047826 -0.943303 -0.328470
vn 0.996323 -0.072825 0.045132
vn 0.996319 -0.072844 0.045185
vn 0.060923 0.942866 0.327554
vn 0.545033 0.780666 0.305779
vn -0.451244 0.853471 0.260702
vn -0.996325 0.072812 -0.045115
vn -0.996328 0.072794 -0.045063
vn -0.544916 -0.780075 -0.307489
vn 0.812427 -0.580545 -0.054120
vn -0.053599 -0.976590 -0.208327
vn 0.994756 -0.078250 0.065863
vn 0.073021 0.975220 0.208840
vn 0.551935 0.806197 0.213107
vn -0.847576 0.529158 0.040085
vn -0.994760 0.078238 -0.065808
vn -0.551863 -0.806011 -0.213994
vn 0.808748 -0.587552 0.026628
vn -0.059715 -0.992752 -0.104291
vn 0.991977 -0.082592 0.095704
vn 0.085881 0.990597 0.106500
vn 0.558706 0.817660 0.138852
vn -0.837175 0.545890 -0.033788
vn -0.991993 0.082553 -0.095576
vn -0.558671 -0.817609 -0.139292
vn 0.799251 -0.590969 0.109335
vn -0.069496 -0.997561 -0.006474
vn 0.987501 -0.084292 0.133178
vn 0.099233 0.995003 0.011005
vn 0.566340 0.820816 0.074298
vn -0.827431 0.550155 -0.112641
vn -0.987510 0.084277 -0.133121
vn -0.566408 -0.820809 -0.073851
vn 0.780152 -0.593197 0.198699
vn -0.088221 -0.990656 0.104006
vn 0.981910 -0.082323 0.170513
vn 0.113853 0.988679 -0.097730
vn 0.577839 0.816150 -0.001321
vn -0.820176 0.536966 -0.197434
vn -0.981914 0.082314 -0.170498
vn -0.578133 -0.815937 0.003116
vn 0.378911 -0.870569 0.313905
vn -0.116557 -0.961732 0.247966
vn 0.976644 -0.076811 0.200665
vn 0.976673 -0.076854 0.200506
vn 0.136181 0.961123 -0.240204
vn 0.596875 0.794848 -0.109349
vn -0.379687 0.871720 -0.309747
vn -0.976657 0.076813 -0.200603
vn -0.976628 0.076771 -0.200759
vn -0.597570 -0.793796 0.113134
vn 0.345987 -0.802021 0.486883
vn -0.155345 -0.887093 0.434665
vn 0.972610 -0.068934 0.221988
vn 0.972633 -0.068999 0.221864
vn 0.168251 0.888936 -0.426011
vn 0.625337 0.736174 -0.258847
vn -0.347189 0.805145 -0.480834
vn -0.972616 0.068966 -0.221949
vn -0.972593 0.068903 -0.222072
vn -0.626478 -0.733040 0.264911
vn 0.310231 -0.668107 0.676306
vn -0.199486 -0.736274 0.646611
vn 0.970487 -0.061882 0.233079
vn 0.970491 -0.061906 0.233054
vn 0.204783 0.738786 -0.642074
vn 0.659826 0.609473 -0.439513
vn -0.310886 0.671042 -0.673091
vn -0.970483 0.061887 -0.233095
vn -0.970478 0.061864 -0.233119
vn -0.660466 -0.605992 0.443349
vn 0.283970 -0.472014 0.834604
vn -0.233356 -0.509498 0.828225
vn 0.970113 -0.060439 0.235005
vn 0.970114 -0.060449 0.234999
vn 0.231433 0.506513 -0.830592
vn 0.686711 0.408147 -0.601535
vn -0.283729 0.468203 -0.836829
vn -0.970112 0.060479 -0.235001
vn -0.970111 0.060470 -0.235007
vn -0.686399 -0.411343 0.599712
vn 0.275377 -0.256609 0.926455
vn -0.243305 -0.258513 0.934866
vn 0.970227 -0.064221 0.233527
vn 0.970227 -0.064250 0.233520
vn 0.240626 0.252846 -0.937106
vn 0.694752 0.186023 -0.694777
vn -0.275373 0.250631 -0.928091
vn -0.970226 0.064237 -0.233530
vn -0.970226 0.064207 -0.233537
vn -0.694752 -0.192643 0.692971
vn 0.280951 -0.061123 0.957774
vn -0.232160 -0.035542 0.972028
vn 0.970471 -0.061047 0.233367
vn 0.970472 -0.061027 0.233369
vn 0.239868 0.033506 -0.970227
vn 0.689255 -0.001725 -0.724516
vn -0.280988 0.059920 -0.957839
vn -0.970467 0.061105 -0.233365
vn -0.970466 0.061125 -0.233364
vn -0.689391 -0.000420 0.724389
vn 0.294093 0.127905 0.947180
vn -0.212435 0.171402 0.962025
vn 0.971834 -0.042320 0.231837
vn 0.971830 -0.042365 0.231844
vn 0.231806 -0.170987 -0.957617
vn 0.677773 -0.169104 -0.715561
vn -0.293922 -0.126034 -0.947484
vn -0.971814 0.042572 -0.231875
vn -0.971817 0.042528 -0.231868
vn -0.677712 0.169944 0.715420
vn 0.312682 0.326542 0.891964
vn -0.187838 0.382130 0.904817
vn 0.974892 -0.009951 0.222457
vn 0.974880 -0.010069 0.222502
vn 0.218060 -0.380120 -0.898865
vn 0.662424 -0.334325 -0.670389
vn -0.312357 -0.323353 -0.893239
vn -0.974853 0.010341 -0.222607
vn -0.974865 0.010226 -0.222563
vn -0.662229 0.336165 0.669661
vn 0.335081 0.529341 0.779435
vn -0.160447 0.593504 0.788676
vn 0.979438 0.031068 0.199338
vn 0.979429 0.030990 0.199394
vn 0.199887 -0.590977 -0.781531
vn 0.644567 -0.497143 -0.580846
vn -0.334893 -0.527532 -0.780741
vn -0.979407 -0.030784 -0.199536
vn -0.979415 -0.030860 -0.199482
vn -0.644455 0.498053 0.580191
vn 0.357064 0.707376 0.610020
vn -0.135966 0.777048 0.614581
vn 0.984435 0.071465 0.160566
vn 0.984444 0.071534 0.160480
vn 0.179356 -0.774827 -0.606198
vn 0.627350 -0.636909 -0.448084
vn -0.357244 -0.708630 -0.608458
vn -0.984444 -0.071505 -0.160491
vn -0.984435 -0.071439 -0.160573
vn -0.627462 0.635944 0.449297
vn 0.373770 0.831113 0.411761
vn -0.119984 0.903205 0.412099
vn 0.988492 0.101471 0.112194
vn 0.988508 0.101578 0.111957
vn 0.160585 -0.900474 -0.404177
vn 0.614522 -0.731135 -0.296318
vn -0.374055 -0.833121 -0.407421
vn -0.988521 -0.101655 -0.111771
vn -0.988506 -0.101551 -0.112001
vn -0.614690 0.729820 0.299197
vn 0.383448 0.896066 0.223681
vn -0.113151 0.968570 0.221513
vn 0.990941 0.117879 0.064351
vn 0.990949 0.117929 0.064126
vn 0.147033 -0.965205 -0.216240
vn 0.607329 -0.778915 -0.156342
vn -0.383592 -0.897018 -0.219584
vn -0.990957 -0.117983 -0.063902
vn -0.990949 -0.117935 -0.064119
vn -0.607409 0.778325 0.158950
vn 0.774230 0.630545 0.054595
vn -0.112268 0.991536 0.065202
vn 0.992012 0.123919 0.023602
vn 0.139071 -0.988301 -0.062608
vn 0.604368 -0.795552 -0.042849
vn -0.818962 -0.571679 -0.049843
vn -0.992017 -0.123935 -0.023299
vn -0.604379 0.795454 0.044492
vn 0.777610 0.628742 0.002572
vn -0.112805 0.993610 -0.003696
vn 0.992146 0.124968 0.005329
vn 0.135935 -0.990709 0.004226
vn 0.603129 -0.797619 0.006214
vn -0.815511 -0.578735 -0.002680
vn -0.992148 -0.124957 -0.005300
vn -0.603123 0.797626 -0.005956
vn 0.002033 -0.956360 -0.292185
vn 0.496810 -0.828608 -0.258047
vn 0.497655 -0.842205 -0.207439
vn 0.002202 -0.971370 -0.237562
vn 0.999950 -0.000359 -0.009980
vn 0.999950 -0.000359 -0.009980
vn 0.999992 -0.001963 -0.003408
vn 0.999992 -0.001964 -0.003405
vn 0.501914 0.828587 0.248042
vn 0.008088 0.956400 0.291947
vn 0.007937 0.971377 0.237411
vn 0.502317 0.840297 0.203909
vn -0.496802 0.828650 0.257928
vn -0.497644 0.842242 0.207316
vn -0.999950 0.000340 0.009978
vn -0.999950 0.000340 0.009978
vn -0.999992 0.001945 0.003406
vn -0.999992 0.001944 0.003409
vn -0.501912 -0.828553 -0.248159
vn -0.502317 -0.840266 -0.204035
vn 0.497217 -0.861681 -0.101399
vn 0.002163 -0.992379 -0.123204
vn 0.999935 -0.004509 0.010489
vn 0.999935 -0.004506 0.010469
vn 0.008862 0.992252 0.123925
vn 0.502676 0.857119 0.112534
vn -0.497215 0.861593 0.102150
vn -0.999935 0.004481 -0.010452
vn -0.999935 0.004484 -0.010472
vn -0.502691 -0.857187 -0.111951
vn 0.494909 -0.868725 0.019542
vn 0.000868 -0.999976 0.006911
vn 0.999625 -0.005468 0.026845
vn 0.999626 -0.005468 0.026783
vn 0.012605 0.999909 -0.004785
vn 0.504595 0.863307 0.009147
vn -0.494958 0.868743 -0.017375
vn -0.999628 0.005439 -0.026737
vn -0.999626 0.005439 -0.026797
vn -0.504653 -0.863290 -0.007451
vn 0.489201 -0.855017 0.172131
vn -0.002996 -0.985318 0.170701
vn 0.998844 -0.003600 0.047943
vn 0.998851 -0.003624 0.047790
vn 0.021097 0.985972 -0.165573
vn 0.509253 0.852241 -0.119782
vn -0.489445 0.855912 -0.166911
vn -0.998856 0.003618 -0.047690
vn -0.998849 0.003594 -0.047840
vn -0.509448 -0.851540 0.123865
vn 0.476536 -0.795884 0.373474
vn -0.013008 -0.922172 0.386560
vn 0.997077 0.004643 0.076267
vn 0.997101 0.004519 0.075951
vn 0.038515 0.925704 -0.376282
vn 0.519590 0.804172 -0.288674
vn -0.477351 0.800124 -0.363234
vn -0.997116 -0.004459 -0.075758
vn -0.997092 -0.004580 -0.076066
vn -0.520186 -0.800874 0.296660
vn 0.453804 -0.658774 0.600066
vn -0.036208 -0.774366 0.631701
vn 0.993820 0.024119 0.108355
vn 0.993821 0.024112 0.108347
vn 0.067074 0.776461 -0.626585
vn 0.540588 0.683911 -0.489928
vn -0.454152 0.660041 -0.598408
vn -0.993819 -0.024160 -0.108352
vn -0.993818 -0.024165 -0.108359
vn -0.540622 -0.682825 0.491405
vn 0.423046 -0.453176 0.784643
vn -0.072420 -0.550864 0.831447
vn 0.989855 0.050607 0.132767
vn 0.989832 0.050777 0.132871
vn 0.096504 0.546391 -0.831952
vn 0.567481 0.498095 -0.655643
vn -0.422066 0.446092 -0.789216
vn -0.989806 -0.050975 -0.132989
vn -0.989828 -0.050809 -0.132887
vn -0.566742 -0.503344 0.652264
vn 0.395406 -0.241006 0.886324
vn -0.107297 -0.318640 0.941783
vn 0.987076 0.071798 0.143269
vn 0.987068 0.071863 0.143289
vn 0.120638 0.316220 -0.940984
vn 0.591952 0.309371 -0.744233
vn -0.394889 0.236819 -0.887682
vn -0.987057 -0.071952 -0.143324
vn -0.987064 -0.071887 -0.143304
vn -0.591593 -0.312473 0.743221
vn 0.374037 -0.047082 0.926218
vn -0.134843 -0.102011 0.985602
vn 0.985781 0.083298 0.145936
vn 0.985780 0.083305 0.145937
vn 0.139994 0.101608 -0.984925
vn 0.611735 0.129553 -0.780382
vn -0.373906 0.045874 -0.926331
vn -0.985776 -0.083338 -0.145950
vn -0.985776 -0.083331 -0.145950
vn -0.611688 -0.130154 0.780319
vn 0.358359 0.137527 0.923399
vn -0.155952 0.109293 0.981699
vn 0.985551 0.085533 0.146196
vn 0.985551 0.085537 0.146196
vn 0.154160 -0.108075 -0.982117
vn 0.626990 -0.050456 -0.777392
vn -0.358433 -0.136321 -0.923549
vn -0.985550 -0.085522 -0.146213
vn -0.985550 -0.085519 -0.146213
vn -0.627123 0.052231 0.777167
vn 0.349051 0.326299 0.878460
vn -0.170125 0.330594 0.928313
vn 0.985822 0.078831 0.148123
vn 0.985821 0.078879 0.148107
vn 0.161252 -0.327962 -0.930827
vn 0.636599 -0.243648 -0.731695
vn -0.349140 -0.322991 -0.879647
vn -0.985820 -0.078833 -0.148135
vn -0.985822 -0.078784 -0.148152
vn -0.636708 0.247767 0.730215
vn 0.349920 0.512736 0.784001
vn -0.170089 0.553269 0.815453
vn 0.985756 0.066973 0.154274
vn 0.985755 0.066948 0.154291
vn 0.159424 -0.554906 -0.816495
vn 0.636153 -0.446966 -0.628913
vn -0.350016 -0.513725 -0.783311
vn -0.985755 -0.066990 -0.154268
vn -0.985756 -0.067015 -0.154251
vn -0.636147 0.445675 0.629833
vn 0.361209 0.666720 0.651930
vn -0.153035 0.735633 0.659867
vn 0.985324 0.059602 0.159952
vn 0.985322 0.059590 0.159968
vn 0.149896 -0.738774 -0.657073
vn 0.623657 -0.610423 -0.488299
vn -0.361574 -0.669694 -0.648671
vn -0.985325 -0.059605 -0.159947
vn -0.985326 -0.059618 -0.159931
vn -0.624074 0.606842 0.492214
vn 0.377461 0.770060 0.514325
vn -0.130335 0.854529 0.502785
vn 0.985577 0.060560 0.158019
vn 0.985581 0.060580 0.157987
vn 0.135873 -0.855698 -0.499320
vn 0.607684 -0.711170 -0.353494
vn -0.377788 -0.771659 -0.511683
vn -0.985577 -0.060570 -0.158017
vn -0.985573 -0.060551 -0.158048
vn -0.608047 0.709395 0.356424
vn 0.393075 0.833102 0.389145
vn -0.109743 0.924387 0.365329
vn 0.986979 0.065909 0.146722
vn 0.986986 0.065930 0.146671
vn 0.122432 -0.924124 -0.361945
vn 0.593655 -0.767854 -0.240778
vn -0.393267 -0.833757 -0.387545
vn -0.986978 -0.065906 -0.146737
vn -0.986971 -0.065885 -0.146788
vn -0.593856 0.767174 0.242445
vn 0.787145 0.569152 0.237632
vn -0.092883 0.964229 0.248263
vn 0.989328 0.072487 0.126396
vn 0.112050 -0.963015 -0.245045
vn 0.583046 -0.798470 -0.150012
vn -0.824356 -0.518288 -0.227629
vn -0.989322 -0.072460 -0.126457
vn -0.583147 0.798230 0.150890
vn 0.798693 0.580586 0.158145
vn -0.079362 0.986099 0.145984
vn 0.992201 0.078466 0.096856
vn 0.105468 -0.984069 -0.143124
vn 0.575766 -0.814022 -0.076560
vn -0.828005 -0.539114 -0.154155
vn -0.992190 -0.078438 -0.096987
vn -0.575810 0.813950 0.076994
vn 0.804897 0.588600 0.075443
vn -0.070590 0.996326 0.048486
vn 0.994842 0.082257 0.059363
vn 0.100646 -0.993802 -0.047208
vn 0.571136 -0.820768 -0.011995
vn -0.833245 -0.547762 -0.075228
vn -0.994840 -0.082244 -0.059415
vn -0.571119 0.820786 0.011540
vn 0.802919 0.595883 -0.015655
vn -0.068216 0.995632 -0.063753
vn 0.996367 0.082385 0.021590
vn 0.094572 -0.993553 0.062519
vn 0.568213 -0.820344 0.064579
vn -0.842058 -0.539294 0.010021
vn -0.996367 -0.082378 -0.021594
vn -0.568167 0.820230 -0.066406
vn 0.430155 0.882838 -0.188584
vn -0.068970 0.974866 -0.211847
vn 0.996867 0.078557 -0.009276
vn 0.996865 0.078591 -0.009113
vn 0.089706 -0.974016 0.207956
vn 0.566595 -0.805139 0.175275
vn -0.430140 -0.883750 0.184299
vn -0.996866 -0.078574 0.009219
vn -0.996867 -0.078541 0.009379
vn -0.566561 0.804306 -0.179169
vn 0.430392 0.824135 -0.368191
vn -0.071913 0.910883 -0.406352
vn 0.996918 0.071895 -0.031388
vn 0.996918 0.071953 -0.031258
vn 0.086218 -0.912372 0.400181
vn 0.566394 -0.754975 0.330470
vn -0.430429 -0.826917 0.361855
vn -0.996917 -0.071936 0.031345
vn -0.996917 -0.071880 0.031473
vn -0.566373 0.752184 -0.336811
vn 0.431011 0.701093 -0.568065
vn -0.075282 0.772264 -0.630826
vn 0.996924 0.065494 -0.043054
vn 0.996923 0.065517 -0.043028
vn 0.081340 -0.774581 0.627222
vn 0.566185 -0.638646 0.521120
vn -0.431048 -0.703844 0.564625
vn -0.996923 -0.065500 0.043064
vn -0.996923 -0.065478 0.043089
vn -0.566090 0.635373 -0.525208
vn 0.435180 0.514174 -0.739083
vn -0.074172 0.556060 -0.827826
vn 0.996921 0.064161 -0.045087
vn 0.996920 0.064170 -0.045080
vn 0.071837 -0.553189 0.829952
vn 0.561932 -0.446708 0.696193
vn -0.435370 -0.510493 0.741519
vn -0.996920 -0.064179 0.045077
vn -0.996920 -0.064170 0.045083
vn -0.561966 0.449801 -0.694171
vn 0.444236 0.304185 -0.842690
vn -0.063627 0.311368 -0.948157
vn 0.996751 0.067843 -0.043403
vn 0.996750 0.067872 -0.043394
vn 0.060568 -0.305801 0.950167
vn 0.552066 -0.230080 0.801428
vn -0.444552 -0.298305 0.844623
vn -0.996750 -0.067854 0.043409
vn -0.996752 -0.067825 0.043418
vn -0.552400 0.236604 -0.799295
vn 0.455814 0.110660 -0.883170
vn -0.045449 0.090657 -0.994845
vn 0.996964 0.064662 -0.043379
vn 0.996965 0.064642 -0.043381
vn 0.053359 -0.088603 0.994637
vn 0.540868 -0.044205 0.839945
vn -0.455869 -0.109454 0.883291
vn -0.996960 -0.064730 0.043380
vn -0.996958 -0.064750 0.043378
vn -0.541014 0.046325 -0.839737
vn 0.466941 -0.078782 -0.880772
vn -0.027721 -0.116700 -0.992780
vn 0.998035 0.045881 -0.042662
vn 0.998033 0.045928 -0.042667
vn 0.047571 0.116342 0.992069
vn 0.531077 0.123520 0.838272
vn -0.466835 0.076895 0.880995
vn -0.998024 -0.046119 0.042686
vn -0.998026 -0.046074 0.042681
vn -0.531042 -0.124373 -0.838168
vn 0.475052 -0.280307 -0.834118
vn -0.014079 -0.330460 -0.943715
vn 0.999314 0.013017 -0.034678
vn 0.999311 0.013138 -0.034719
vn 0.044874 0.328488 0.943442
vn 0.524298 0.291098 0.800233
vn -0.474974 0.277044 0.835253
vn -0.999304 -0.013398 0.034807
vn -0.999307 -0.013281 0.034767
vn -0.524248 -0.292983 -0.799578
vn 0.476142 -0.489138 -0.730775
vn -0.008747 -0.548096 -0.836370
vn 0.999483 -0.029234 -0.013417
vn 0.999484 -0.029153 -0.013469
vn 0.048837 0.545592 0.836626
vn 0.523407 0.458714 0.718072
vn -0.476194 0.487260 0.731995
vn -0.999488 0.028951 0.013603
vn -0.999487 0.029030 0.013553
vn -0.523415 -0.459668 -0.717456
vn 0.466100 -0.676346 -0.570357
vn -0.017210 -0.741080 -0.671196
vn 0.997152 -0.071725 0.023307
vn 0.997145 -0.071799 0.023389
vn 0.061408 0.738912 0.670998
vn 0.531277 0.605674 0.592372
vn -0.465985 0.677676 0.568869
vn -0.997146 0.071783 -0.023386
vn -0.997153 0.071712 -0.023307
vn -0.531167 -0.604635 -0.593530
vn 0.445396 -0.810863 -0.379636
vn -0.039413 -0.878235 -0.476602
vn 0.992082 -0.104379 0.069848
vn 0.992053 -0.104499 0.070078
vn 0.080777 0.875558 0.476312
vn 0.547083 0.708147 0.446349
vn -0.444876 0.813096 0.375447
vn -0.992029 0.104604 -0.070259
vn -0.992057 0.104488 -0.070037
vn -0.546721 -0.706672 -0.449121
vn 0.419641 -0.886060 -0.196975
vn -0.068438 -0.953954 -0.292042
vn 0.985516 -0.123401 0.116321
vn 0.985482 -0.123463 0.116541
vn 0.102706 0.950568 0.293041
vn 0.566264 0.763558 0.310362
vn -0.419035 0.887224 0.192984
vn -0.985448 0.123541 -0.116749
vn -0.985480 0.123481 -0.116536
vn -0.565867 -0.762813 -0.312908
vn 0.771405 -0.633798 0.056863
vn -0.096909 -0.985419 -0.139852
vn 0.978922 -0.131643 0.156149
vn 0.123723 0.982080 0.142168
vn 0.584659 0.786383 0.199439
vn -0.814392 0.575684 -0.073168
vn -0.978870 0.131685 -0.156439
vn -0.584380 -0.786183 -0.201040
vn 0.764956 -0.634858 0.108619
vn -0.110375 -0.991242 -0.072498
vn 0.975625 -0.133663 0.174039
vn 0.133193 0.988159 0.076172
vn 0.592663 0.791128 0.151217
vn -0.802148 0.585271 -0.118390
vn -0.975618 0.133685 -0.174065
vn -0.592621 -0.791115 -0.151448
vn -0.060547 -0.951019 -0.303146
vn 0.441462 -0.857711 -0.263519
vn 0.440930 -0.871885 -0.213066
vn -0.061884 -0.966600 -0.248706
vn 0.997650 -0.068497 -0.001833
vn 0.997650 -0.068497 -0.001833
vn 0.997524 -0.070170 0.004718
vn 0.997524 -0.070171 0.004721
vn 0.554976 0.789643 0.261660
vn 0.070646 0.950369 0.302999
vn 0.071998 0.965916 0.248640
vn 0.556579 0.801775 0.217663
vn -0.441448 0.857758 0.263391
vn -0.440917 0.871923 0.212938
vn -0.997651 0.068473 0.001842
vn -0.997651 0.068473 0.001842
vn -0.997525 0.070154 -0.004720
vn -0.997525 0.070153 -0.004716
vn -0.554974 -0.789613 -0.261753
vn -0.556578 -0.801744 -0.217779
vn 0.438218 -0.892446 -0.107264
vn -0.064375 -0.988806 -0.134605
vn 0.997170 -0.072845 0.018585
vn 0.997171 -0.072842 0.018564
vn 0.075356 0.987920 0.135412
vn 0.558906 0.819527 0.126488
vn -0.438233 0.892348 0.108012
vn -0.997171 0.072838 -0.018552
vn -0.997171 0.072841 -0.018573
vn -0.558929 -0.819601 -0.125911
vn 0.434352 -0.900641 0.013566
vn -0.067345 -0.997719 -0.004603
vn 0.996650 -0.073956 0.034925
vn 0.996652 -0.073955 0.034864
vn 0.080764 0.996710 0.006829
vn 0.562153 0.826708 0.023203
vn -0.434422 0.900637 -0.011410
vn -0.996654 0.073945 -0.034823
vn -0.996652 0.073945 -0.034884
vn -0.562230 -0.826701 -0.021508
vn 0.428238 -0.888242 0.166247
vn -0.071660 -0.984625 0.159306
vn 0.995809 -0.072277 0.056034
vn 0.995816 -0.072300 0.055881
vn 0.089716 0.983985 -0.154030
vn 0.567197 0.816758 -0.105804
vn -0.428463 0.889095 -0.161028
vn -0.995821 0.072306 -0.055787
vn -0.995814 0.072284 -0.055937
vn -0.567382 -0.816090 0.109890
vn 0.417836 -0.830589 0.368150
vn -0.079274 -0.923308 0.375790
vn 0.994357 -0.064222 0.084435
vn 0.994376 -0.064343 0.084118
vn 0.104869 0.924980 -0.365259
vn 0.575751 0.769939 -0.275144
vn -0.418456 0.834765 -0.357858
vn -0.994386 0.064434 -0.083929
vn -0.994368 0.064315 -0.084238
vn -0.576176 -0.766707 0.283164
vn 0.402475 -0.694736 0.596118
vn -0.094532 -0.776950 0.622425
vn 0.992149 -0.044924 0.116713
vn 0.992150 -0.044931 0.116704
vn 0.125409 0.776880 -0.617034
vn 0.590295 0.650734 -0.477595
vn -0.402765 0.696003 -0.594442
vn -0.992148 0.044911 -0.116724
vn -0.992148 0.044905 -0.116731
vn -0.590256 -0.649669 0.479092
vn 0.384161 -0.489544 0.782794
vn -0.117204 -0.553690 0.824434
vn 0.989779 -0.018516 0.141402
vn 0.989767 -0.018346 0.141509
vn 0.140927 0.547596 -0.824790
vn 0.605930 0.465340 -0.645219
vn -0.383624 0.482464 -0.787439
vn -0.989753 0.018160 -0.141630
vn -0.989765 0.018325 -0.141526
vn -0.605519 -0.470588 0.641790
vn 0.370143 -0.277107 0.886683
vn -0.137159 -0.320850 0.937146
vn 0.988356 0.002687 0.152136
vn 0.988353 0.002753 0.152157
vn 0.150298 0.317525 -0.936263
vn 0.618276 0.276370 -0.735768
vn -0.369893 0.272918 -0.888085
vn -0.988350 -0.002844 -0.152175
vn -0.988353 -0.002780 -0.152154
vn -0.618117 -0.279474 0.734728
vn 0.361689 -0.082625 0.928630
vn -0.150262 -0.103340 0.983230
vn 0.987823 0.014223 0.154929
vn 0.987823 0.014230 0.154930
vn 0.155371 0.102581 -0.982516
vn 0.626081 0.096027 -0.773823
vn -0.361634 0.081414 -0.928759
vn -0.987824 -0.014260 -0.154922
vn -0.987824 -0.014252 -0.154921
vn -0.626071 -0.096627 0.773756
vn 0.358655 0.102639 0.927810
vn -0.156891 0.108934 0.981590
vn 0.987744 0.016463 0.155214
vn 0.987744 0.016467 0.155214
vn 0.155186 -0.107591 -0.982009
vn 0.629003 -0.084610 -0.772785
vn -0.358639 -0.101434 -0.927949
vn -0.987744 -0.016471 -0.155214
vn -0.987744 -0.016467 -0.155214
vn -0.629011 0.086403 0.772580
vn 0.362628 0.292085 0.884979
vn -0.155473 0.331262 0.930641
vn 0.987542 0.009741 0.157056
vn 0.987544 0.009789 0.157040
vn 0.146824 -0.327999 -0.933198
vn 0.625012 -0.278506 -0.729243
vn -0.362484 -0.288766 -0.886126
vn -0.987540 -0.009763 -0.157064
vn -0.987538 -0.009715 -0.157080
vn -0.624826 0.282647 0.727807
vn 0.377047 0.479043 0.792688
vn -0.139251 0.554632 0.820361
vn 0.986613 -0.002130 0.163065
vn 0.986610 -0.002154 0.163082
vn 0.128500 -0.555531 -0.821507
vn 0.609789 -0.482444 -0.628813
vn -0.377219 -0.480034 -0.792006
vn -0.986614 0.002135 -0.163062
vn -0.986616 0.002110 -0.163046
vn -0.609877 0.481141 0.629725
vn 0.399982 0.633337 0.662494
vn -0.108420 0.737096 0.667034
vn 0.985629 -0.009517 0.168656
vn 0.985626 -0.009530 0.168672
vn 0.105053 -0.740052 -0.664294
vn 0.584933 -0.646194 -0.490191
vn -0.400579 -0.636315 -0.659273
vn -0.985630 0.009529 -0.168650
vn -0.985633 0.009517 -0.168635
vn -0.585623 0.642600 0.494076
vn 0.424455 0.736842 0.526215
vn -0.076277 0.855884 0.511512
vn 0.985964 -0.008575 0.166736
vn 0.985970 -0.008556 0.166705
vn 0.081685 -0.857466 -0.508015
vn 0.560929 -0.747079 -0.356696
vn -0.424921 -0.738438 -0.523595
vn -0.985966 0.008555 -0.166730
vn -0.985960 0.008575 -0.166761
vn -0.561441 0.745298 0.359605
vn 0.445444 0.800035 0.401901
vn -0.049746 0.925671 0.375044
vn 0.987829 -0.003214 0.155510
vn 0.987837 -0.003193 0.155458
vn 0.062385 -0.926312 -0.371557
vn 0.542060 -0.803905 -0.244761
vn -0.445705 -0.800683 -0.400318
vn -0.987827 0.003203 -0.155525
vn -0.987819 0.003224 -0.155575
vn -0.542331 0.803216 0.246419
vn 0.821948 0.511480 0.250579
vn -0.029161 0.965549 0.258584
vn 0.990802 0.003416 0.135275
vn 0.048346 -0.965679 -0.255200
vn 0.528590 -0.834710 -0.154443
vn -0.855693 -0.458310 -0.240293
vn -0.990794 -0.003403 -0.135340
vn -0.528706 0.834475 0.155310
vn 0.834963 0.522958 0.171324
vn -0.013271 0.987560 0.156679
vn 0.994339 0.009505 0.105831
vn 0.039434 -0.987349 -0.153581
vn 0.519613 -0.850531 -0.081232
vn -0.861408 -0.479640 -0.167097
vn -0.994324 -0.009485 -0.105968
vn -0.519654 0.850465 0.081665
vn 0.842433 0.531437 0.088773
vn -0.002961 0.998231 0.059385
vn 0.997566 0.013522 0.068412
vn 0.033105 -0.997778 -0.057826
vn 0.513949 -0.857657 -0.016789
vn -0.867933 -0.488765 -0.088321
vn -0.997562 -0.013513 -0.068466
vn -0.513922 0.857681 0.016348
vn 0.841773 0.539827 -0.002246
vn 0.000370 0.998603 -0.052832
vn 0.999433 0.013942 0.030656
vn 0.026079 -0.998315 0.051842
vn 0.510377 -0.857872 0.059752
vn -0.876915 -0.480635 -0.003051
vn -0.999433 -0.013945 -0.030659
vn -0.510324 0.857775 -0.061577
vn 0.490992 0.853427 -0.174897
vn -0.000482 0.979557 -0.201165
vn 0.999946 0.010424 -0.000252
vn 0.999945 0.010456 -0.000088
vn 0.021257 -0.980083 0.197445
vn 0.508815 -0.843803 0.170596
vn -0.490995 -0.854295 0.170597
vn -0.999946 -0.010438 0.000186
vn -0.999946 -0.010406 0.000346
vn -0.508812 0.843005 -0.174508
vn 0.488829 0.796813 -0.355154
vn -0.006040 0.918056 -0.396406
vn 0.999740 0.004045 -0.022429
vn 0.999743 0.004100 -0.022298
vn 0.020265 -0.920453 0.390327
vn 0.510655 -0.795442 0.326349
vn -0.488992 -0.799523 0.348784
vn -0.999741 -0.004046 0.022382
vn -0.999739 -0.003991 0.022511
vn -0.510770 0.792721 -0.332728
vn 0.482838 0.676218 -0.556414
vn -0.016849 0.782459 -0.622474
vn 0.999414 -0.002214 -0.034167
vn 0.999415 -0.002192 -0.034140
vn 0.022769 -0.785134 0.618907
vn 0.516675 -0.681457 0.518328
vn -0.483031 -0.678909 0.552959
vn -0.999413 0.002238 0.034173
vn -0.999413 0.002260 0.034199
vn -0.516766 0.678238 -0.522443
vn 0.475781 0.491326 -0.729542
vn -0.028720 0.568847 -0.821942
vn 0.999338 -0.003526 -0.036224
vn 0.999338 -0.003517 -0.036217
vn 0.026571 -0.565836 0.824090
vn 0.523951 -0.491602 0.695559
vn -0.475741 -0.487653 0.732028
vn -0.999339 0.003503 0.036198
vn -0.999338 0.003512 0.036205
vn -0.523793 0.494674 -0.693497
vn 0.471429 0.282351 -0.835483
vn -0.033808 0.325331 -0.944996
vn 0.999405 0.000135 -0.034500
vn 0.999405 0.000164 -0.034491
vn 0.031108 -0.319596 0.947043
vn 0.527929 -0.275978 0.803198
vn -0.471363 -0.276484 0.837481
vn -0.999405 -0.000150 0.034489
vn -0.999405 -0.000121 0.034498
vn -0.527848 0.282478 -0.800989
vn 0.470153 0.088944 -0.878092
vn -0.030292 0.104422 -0.994072
vn 0.999400 -0.003066 -0.034509
vn 0.999400 -0.003086 -0.034512
vn 0.038322 -0.102914 0.993952
vn 0.529078 -0.090200 0.843766
vn -0.470130 -0.087745 0.878225
vn -0.999400 0.003001 0.034503
vn -0.999400 0.002981 0.034500
vn -0.529096 0.092321 -0.843525
vn 0.468324 -0.100835 -0.877784
vn -0.026757 -0.103674 -0.994251
vn 0.999183 -0.021872 -0.033998
vn 0.999183 -0.021826 -0.034003
vn 0.046541 0.101970 0.993698
vn 0.530761 0.077816 0.843941
vn -0.468351 0.098934 0.877986
vn -0.999187 0.021638 0.034024
vn -0.999186 0.021683 0.034019
vn -0.530791 -0.078666 -0.843844
vn 0.462264 -0.302932 -0.833393
vn -0.028148 -0.318385 -0.947544
vn 0.998146 -0.054840 -0.026387
vn 0.998152 -0.054719 -0.026427
vn 0.058743 0.314322 0.947497
vn 0.535759 0.245868 0.807782
vn -0.462416 0.299662 0.834490
vn -0.998165 0.054447 0.026511
vn -0.998159 0.054565 0.026473
vn -0.535848 -0.247754 -0.807146
vn 0.448201 -0.512466 -0.732458
vn -0.038625 -0.537040 -0.842672
vn 0.995244 -0.097252 -0.005614
vn 0.995252 -0.097171 -0.005666
vn 0.078443 0.531809 0.843223
vn 0.547027 0.414042 0.727551
vn -0.448387 0.510598 0.733648
vn -0.995273 0.096944 0.005791
vn -0.995266 0.097023 0.005741
vn -0.547106 -0.415003 -0.726944
vn 0.423992 -0.700299 -0.574293
vn -0.061688 -0.730797 -0.679802
vn 0.989699 -0.139856 0.030605
vn 0.989686 -0.139930 0.030686
vn 0.105641 0.725618 0.679940
vn 0.566021 0.561489 0.603614
vn -0.423775 0.701638 0.572817
vn -0.989687 0.139925 -0.030675
vn -0.989699 0.139854 -0.030597
vn -0.565813 -0.560468 -0.604757
vn 0.392464 -0.835170 -0.385310
vn -0.094922 -0.868233 -0.486991
vn 0.982002 -0.172584 0.076729
vn 0.981963 -0.172704 0.076958
vn 0.136003 0.862743 0.487008
vn 0.590072 0.664240 0.458912
vn -0.391768 0.837400 0.381156
vn -0.981931 0.172813 -0.077122
vn -0.981969 0.172697 -0.076902
vn -0.589572 -0.662769 -0.461673
vn 0.360017 -0.910427 -0.203739
vn -0.130686 -0.943808 -0.303559
vn 0.973738 -0.191630 0.122928
vn 0.973699 -0.191692 0.123146
vn 0.164631 0.938080 0.304798
vn 0.614201 0.719686 0.323743
vn -0.359304 0.911589 0.199765
vn -0.973659 0.191764 -0.123348
vn -0.973698 0.191704 -0.123137
vn -0.613726 -0.718946 -0.326279
vn 0.725881 -0.685550 0.055840
vn -0.162591 -0.974918 -0.151985
vn 0.966242 -0.199847 0.162595
vn 0.189096 0.969733 0.154470
vn 0.635099 0.742414 0.213238
vn -0.772577 0.630690 -0.073176
vn -0.966183 0.199890 -0.162893
vn -0.634786 -0.742219 -0.214842
vn 0.718910 -0.686738 0.107519
vn -0.177026 -0.980545 -0.084820
vn 0.962654 -0.201852 0.180425
vn 0.199541 0.975873 0.088626
vn 0.643827 0.747140 0.165135
vn -0.759309 0.639909 -0.118179
vn -0.962646 0.201854 -0.180467
vn -0.643784 -0.747122 -0.165383
vn -0.153168 -0.968128 -0.198161
vn 0.354086 -0.906083 -0.231598
vn 0.359433 -0.915579 -0.180341
vn -0.148181 -0.978608 -0.142719
vn 0.983252 -0.136224 -0.121075
vn 0.983252 -0.136224 -0.121075
vn 0.983900 -0.137293 -0.114423
vn 0.983900 -0.137293 -0.114419
vn 0.627985 0.770324 0.110617
vn 0.163108 0.966782 0.196795
vn 0.158133 0.977235 0.141442
vn 0.624429 0.778306 0.065799
vn -0.354096 0.906113 0.231463
vn -0.359441 0.915603 0.180204
vn -0.983250 0.136242 0.121067
vn -0.983250 0.136242 0.121067
vn -0.983900 0.137298 0.114414
vn -0.983899 0.137297 0.114418
vn -0.627995 -0.770300 -0.110726
vn -0.624438 -0.778288 -0.065917
vn 0.369587 -0.926281 -0.073549
vn -0.136803 -0.990214 -0.027596
vn 0.985231 -0.138691 -0.100426
vn 0.985229 -0.138690 -0.100447
vn 0.147723 0.988658 0.027089
vn 0.615665 0.787571 -0.026243
vn -0.369514 0.926251 0.074292
vn -0.985228 0.138680 0.100463
vn -0.985230 0.138681 0.100443
vn -0.615611 -0.787594 0.026821
vn 0.381283 -0.923262 0.047024
vn -0.123051 -0.987146 0.101985
vn 0.986813 -0.138286 -0.084123
vn 0.986807 -0.138291 -0.084185
vn 0.136572 0.985429 -0.101382
vn 0.605635 0.785165 -0.129312
vn -0.381068 0.923457 -0.044885
vn -0.986805 0.138285 0.084226
vn -0.986811 0.138280 0.084165
vn -0.605477 -0.785008 0.130994
vn 0.396104 -0.896758 0.197298
vn -0.104923 -0.959061 0.263044
vn 0.988865 -0.134658 -0.063346
vn 0.988851 -0.134695 -0.063496
vn 0.123452 0.957671 -0.260051
vn 0.593020 0.763303 -0.256313
vn -0.395590 0.898091 -0.192200
vn -0.988845 0.134696 0.063585
vn -0.988859 0.134660 0.063439
vn -0.592620 -0.762261 0.260308
vn 0.415722 -0.820558 0.392249
vn -0.080415 -0.878098 0.471676
vn 0.991630 -0.124014 -0.035915
vn 0.991600 -0.124165 -0.036219
vn 0.107227 0.878961 -0.464682
vn 0.576476 0.700935 -0.419959
vn -0.414747 0.825675 -0.382422
vn -0.991583 0.124248 0.036403
vn -0.991612 0.124102 0.036107
vn -0.575664 -0.696968 0.427606
vn 0.438252 -0.663974 0.605866
vn -0.054736 -0.709402 0.702675
vn 0.994792 -0.101765 -0.005664
vn 0.994792 -0.101773 -0.005672
vn 0.086001 0.707710 -0.701250
vn 0.557445 0.563252 -0.609921
vn -0.438255 0.665394 -0.604304
vn -0.994793 0.101757 0.005660
vn -0.994794 0.101751 0.005654
vn -0.557155 -0.562057 0.611285
vn 0.456276 -0.442021 0.772289
vn -0.037987 -0.467811 0.883012
vn 0.997187 -0.073130 0.016406
vn 0.997199 -0.072951 0.016496
vn 0.061068 0.460106 -0.885761
vn 0.540401 0.362867 -0.759140
vn -0.456762 0.434516 -0.776250
vn -0.997212 0.072748 -0.016604
vn -0.997201 0.072923 -0.016517
vn -0.540735 -0.368412 0.756226
vn 0.468014 -0.220615 0.855741
vn -0.029815 -0.224939 0.973916
vn 0.998383 -0.051006 0.025095
vn 0.998386 -0.050939 0.025109
vn 0.042751 0.220813 -0.974379
vn 0.530081 0.166091 -0.831521
vn -0.468190 0.216307 -0.856743
vn -0.998390 0.050844 -0.025131
vn -0.998387 0.050910 -0.025117
vn -0.530226 -0.169290 0.830783
vn 0.476065 -0.023019 0.879109
vn -0.024533 -0.003776 0.999692
vn 0.998870 -0.039252 0.026787
vn 0.998871 -0.039245 0.026787
vn 0.029625 0.002735 -0.999557
vn 0.522684 -0.017059 -0.852356
vn -0.476098 0.021806 -0.879122
vn -0.998872 0.039219 -0.026787
vn -0.998871 0.039226 -0.026787
vn -0.522720 0.016444 0.852346
vn 0.483315 0.161194 0.860479
vn -0.019434 0.207449 0.978053
vn 0.998954 -0.037006 0.026856
vn 0.998954 -0.037002 0.026855
vn 0.017766 -0.206032 -0.978384
vn 0.515611 -0.196652 -0.833950
vn -0.483249 -0.159997 -0.860739
vn -0.998955 0.036986 -0.026860
vn -0.998955 0.036989 -0.026861
vn -0.515552 0.198402 0.833572
vn 0.492183 0.345288 0.799082
vn -0.012330 0.423658 0.905738
vn 0.998621 -0.043514 0.029363
vn 0.998624 -0.043468 0.029343
vn 0.003613 -0.420058 -0.907490
vn 0.506578 -0.385104 -0.771410
vn -0.492000 -0.342099 -0.800565
vn -0.998622 0.043489 -0.029372
vn -0.998619 0.043536 -0.029392
vn -0.506354 0.389066 0.769567
vn 0.504710 0.521744 0.687787
vn 0.001639 0.634547 0.772882
vn 0.997833 -0.054700 0.036578
vn 0.997831 -0.054723 0.036597
vn -0.012478 -0.634810 -0.772568
vn 0.493384 -0.577629 -0.650320
vn -0.504840 -0.522657 -0.686998
vn -0.997832 0.054705 -0.036576
vn -0.997834 0.054682 -0.036556
vn -0.493419 0.576430 0.651357
vn 0.518825 0.661744 0.541217
vn 0.022094 0.799914 0.599708
vn 0.997185 -0.061460 0.042946
vn 0.997184 -0.061471 0.042963
vn -0.025229 -0.802373 -0.596289
vn 0.477948 -0.726138 -0.494256
vn -0.519158 -0.664371 -0.537667
vn -0.997184 0.061482 -0.042946
vn -0.997185 0.061472 -0.042928
vn -0.478313 0.722968 0.498531
vn 0.530825 0.750616 0.393447
vn 0.039987 0.901720 0.430466
vn 0.997317 -0.060702 0.040913
vn 0.997319 -0.060686 0.040880
vn -0.034264 -0.903344 -0.427545
vn 0.466196 -0.812700 -0.349541
vn -0.531030 -0.751935 -0.390641
vn -0.997317 0.060705 -0.040919
vn -0.997314 0.060721 -0.040952
vn -0.466411 0.811235 0.352646
vn 0.538707 0.800761 0.261873
vn 0.052116 0.956945 0.285552
vn 0.997978 -0.056524 0.029071
vn 0.997980 -0.056508 0.029017
vn -0.039173 -0.958130 -0.283642
vn 0.459143 -0.857780 -0.231086
vn -0.538785 -0.801252 -0.260205
vn -0.997977 0.056528 -0.029090
vn -0.997975 0.056543 -0.029143
vn -0.459226 0.857268 0.232817
vn 0.875171 0.474733 0.093299
vn 0.059317 0.984664 0.164070
vn 0.998616 -0.051980 0.008082
vn -0.039896 -0.985796 -0.163138
vn 0.456026 -0.879328 -0.137199
vn -0.904234 -0.418675 -0.084103
vn -0.998614 0.052001 -0.008137
vn -0.456041 0.879180 0.138091
vn 0.878211 0.478116 0.012298
vn 0.062805 0.996262 0.059307
vn 0.998564 -0.048825 -0.022029
vn -0.036490 -0.997556 -0.059582
vn 0.455933 -0.887835 -0.062245
vn -0.901397 -0.432900 -0.009039
vn -0.998567 0.048832 0.021899
vn -0.455919 0.887812 0.062676
vn 0.875165 0.478592 -0.070964
vn 0.060748 0.997388 -0.039080
vn 0.997037 -0.048429 -0.059774
vn -0.030676 -0.998853 0.036765
vn 0.458450 -0.888716 0.002789
vn -0.897951 -0.434421 0.070440
vn -0.997040 0.048429 0.059720
vn -0.458484 0.888697 -0.003233
vn 0.862949 0.478766 -0.161560
vn 0.049227 0.987413 -0.150309
vn 0.993918 -0.051527 -0.097324
vn -0.023167 -0.989018 0.145969
vn 0.465021 -0.881784 0.078823
vn -0.895112 -0.418049 0.154951
vn -0.993919 0.051518 0.097319
vn -0.465214 0.881521 -0.080610
vn 0.510513 0.798710 -0.318495
vn 0.027717 0.955173 -0.294748
vn 0.990144 -0.057841 -0.127553
vn 0.990167 -0.057794 -0.127394
vn -0.007677 -0.957446 0.288511
vn 0.478908 -0.857706 0.187051
vn -0.511139 -0.799957 0.314335
vn -0.990154 0.057799 0.127490
vn -0.990132 0.057845 0.127646
vn -0.479457 0.856568 -0.190823
vn 0.481382 0.726353 -0.490593
vn -0.007032 0.876841 -0.480730
vn 0.986651 -0.066187 -0.148790
vn 0.986674 -0.066120 -0.148668
vn 0.020174 -0.880734 0.473181
vn 0.504025 -0.795731 0.335815
vn -0.482545 -0.729597 0.484601
vn -0.986661 0.066137 0.148747
vn -0.986638 0.066203 0.148868
vn -0.505122 0.792470 -0.341823
vn 0.442113 0.588780 -0.676664
vn -0.055188 0.722459 -0.689208
vn 0.984428 -0.073434 -0.159718
vn 0.984433 -0.073410 -0.159694
vn 0.060427 -0.725841 0.685203
vn 0.541734 -0.665578 0.513352
vn -0.442914 -0.591750 0.673542
vn -0.984427 0.073430 0.159726
vn -0.984421 0.073455 0.159749
vn -0.542540 0.662016 -0.517092
vn 0.401908 0.389951 -0.828497
vn -0.105254 0.493039 -0.863617
vn 0.984007 -0.074918 -0.161611
vn 0.984008 -0.074908 -0.161605
vn 0.103573 -0.489719 0.865707
vn 0.582970 -0.461458 0.668732
vn -0.401338 -0.386090 0.830580
vn -0.984012 0.074890 0.161591
vn -0.984011 0.074899 0.161597
vn -0.582372 0.464677 -0.667022
vn 0.371911 0.173065 -0.911993
vn -0.140163 0.240344 -0.960515
vn 0.984505 -0.071143 -0.160280
vn 0.984508 -0.071113 -0.160274
vn 0.138087 -0.234278 0.962313
vn 0.613191 -0.237786 0.753296
vn -0.371251 -0.167063 0.913380
vn -0.984508 0.071110 0.160271
vn -0.984505 0.071139 0.160277
vn -0.612453 0.244435 -0.751766
vn 0.354199 -0.022862 -0.934891
vn -0.155530 0.016190 -0.987699
vn 0.984322 -0.074298 -0.159972
vn 0.984320 -0.074318 -0.159973
vn 0.163551 -0.015244 0.986417
vn 0.630085 -0.049624 0.774939
vn -0.354086 0.024068 0.934903
vn -0.984326 0.074237 0.159974
vn -0.984327 0.074216 0.159974
vn -0.629945 0.051761 -0.774913
vn 0.341815 -0.211277 -0.915710
vn -0.163694 -0.190837 -0.967877
vn 0.983122 -0.092930 -0.157590
vn 0.983125 -0.092884 -0.157599
vn 0.183106 0.187745 0.965000
vn 0.641173 0.117219 0.758391
vn -0.341918 0.209413 0.916100
vn -0.983136 0.092704 0.157640
vn -0.983133 0.092748 0.157632
vn -0.641228 -0.118053 -0.758215
vn 0.330383 -0.407664 -0.851268
vn -0.170907 -0.399868 -0.900498
vn 0.981259 -0.124928 -0.146707
vn 0.981266 -0.124812 -0.146759
vn 0.200954 0.393738 0.896988
vn 0.650738 0.280594 0.705554
vn -0.330569 0.404522 0.852694
vn -0.981283 0.124553 0.146870
vn -0.981276 0.124667 0.146820
vn -0.650837 -0.282411 -0.704737
vn 0.318084 -0.605799 -0.729267
vn -0.179640 -0.606947 -0.774173
vn 0.978761 -0.164996 -0.121670
vn 0.978766 -0.164921 -0.121730
vn 0.218833 0.599074 0.770209
vn 0.660689 0.439680 0.608417
vn -0.318222 0.604044 0.730662
vn -0.978782 0.164718 0.121878
vn -0.978777 0.164791 0.121820
vn -0.660734 -0.440577 -0.607719
vn 0.304530 -0.776508 -0.551631
vn -0.191776 -0.783199 -0.591458
vn 0.975672 -0.203710 -0.081033
vn 0.975666 -0.203776 -0.080944
vn 0.234999 0.775069 0.586552
vn 0.671348 0.573715 0.469194
vn -0.304441 0.777685 0.550020
vn -0.975672 0.203744 0.080951
vn -0.975678 0.203682 0.081037
vn -0.671237 -0.572809 -0.470457
vn 0.290776 -0.891317 -0.347856
vn -0.206858 -0.900107 -0.383428
vn 0.972320 -0.231545 -0.031319
vn 0.972305 -0.231642 -0.031077
vn 0.247215 0.891853 0.378793
vn 0.681768 0.661122 0.313225
vn -0.290495 0.893119 0.343439
vn -0.972299 0.231689 0.030894
vn -0.972314 0.231596 0.031128
vn -0.681557 -0.659945 -0.316153
vn 0.278455 -0.947508 -0.157134
vn -0.222236 -0.956218 -0.190415
vn 0.969186 -0.245729 0.017195
vn 0.969172 -0.245768 0.017422
vn 0.255678 0.948323 0.187915
vn 0.690878 0.702385 0.171298
vn -0.278187 0.948262 0.153006
vn -0.969161 0.245797 -0.017643
vn -0.969174 0.245759 -0.017424
vn -0.690701 -0.701912 -0.173929
vn 0.687408 -0.725618 0.030810
vn -0.235512 -0.971287 -0.033704
vn 0.966553 -0.249796 0.058111
vn 0.261782 0.964552 0.033323
vn 0.698220 0.713583 0.057343
vn -0.738981 0.672730 -0.036630
vn -0.966533 0.249804 -0.058417
vn -0.698113 -0.713554 -0.058983
vn 0.687266 -0.721668 0.082829
vn -0.241234 -0.969836 0.034977
vn 0.965246 -0.249935 0.076369
vn 0.263761 0.964003 -0.033593
vn 0.700771 0.713338 0.008298
vn -0.731286 0.676924 -0.083633
vn -0.965246 0.249927 -0.076397
vn -0.700754 -0.713352 -0.008544
vn -0.329700 -0.884283 -0.330669
vn 0.180764 -0.916829 -0.356017
vn 0.182917 -0.934102 -0.306587
vn -0.328183 -0.903015 -0.277238
vn 0.942034 -0.304674 -0.140519
vn 0.942034 -0.304674 -0.140519
vn 0.942303 -0.306736 -0.134084
vn 0.942303 -0.306737 -0.134081
vn 0.760207 0.612842 0.215661
vn 0.339240 0.881246 0.329122
vn 0.337733 0.899939 0.275764
vn 0.759357 0.627423 0.172389
vn -0.180762 0.916880 0.355888
vn -0.182916 0.934146 0.306453
vn -0.942038 0.304662 0.140519
vn -0.942038 0.304662 0.140519
vn -0.942305 0.306730 0.134079
vn -0.942305 0.306729 0.134083
vn -0.760196 -0.612824 -0.215753
vn -0.759353 -0.627396 -0.172504
vn 0.188165 -0.961070 -0.202334
vn -0.322118 -0.932233 -0.164868
vn 0.942999 -0.310245 -0.120421
vn 0.942997 -0.310241 -0.120441
vn 0.332559 0.928689 0.164135
vn 0.754836 0.650698 0.082550
vn -0.188121 0.960923 0.203072
vn -0.942990 0.310258 0.120455
vn -0.942991 0.310262 0.120435
vn -0.754795 -0.650818 -0.081978
vn 0.197193 -0.976885 -0.082530
vn -0.311285 -0.949629 -0.036139
vn 0.944222 -0.312383 -0.104220
vn 0.944217 -0.312378 -0.104281
vn 0.324220 0.945278 0.036479
vn 0.747119 0.664394 -0.019843
vn -0.197013 0.976736 0.084686
vn -0.944199 0.312418 0.104327
vn -0.944204 0.312422 0.104266
vn -0.746966 -0.664514 0.021525
vn 0.213021 -0.974541 0.069938
vn -0.292185 -0.947862 0.127226
vn 0.946402 -0.312107 -0.083141
vn 0.946385 -0.312119 -0.083295
vn 0.310041 0.942537 -0.124491
vn 0.733751 0.662961 -0.148632
vn -0.212398 0.975039 -0.064703
vn -0.946369 0.312139 0.083391
vn -0.946387 0.312127 0.083241
vn -0.733256 -0.662579 0.152726
vn 0.241894 -0.930943 0.273553
vn -0.257955 -0.902441 0.345049
vn 0.950453 -0.306054 -0.054503
vn 0.950402 -0.306153 -0.054825
vn 0.284262 0.897173 -0.338047
vn 0.709744 0.627927 -0.319328
vn -0.240203 0.934383 -0.263116
vn -0.950373 0.306208 0.055018
vn -0.950422 0.306113 0.054705
vn -0.708377 -0.625279 0.327456
vn 0.288465 -0.812338 0.506847
vn -0.206413 -0.775055 0.597230
vn 0.957033 -0.289184 -0.021461
vn 0.957031 -0.289190 -0.021470
vn 0.236752 0.767206 -0.596108
vn 0.669607 0.523787 -0.526568
vn -0.288231 0.813506 -0.505105
vn -0.957038 0.289166 0.021455
vn -0.957040 0.289161 0.021448
vn -0.669128 -0.522872 0.528084
vn 0.344245 -0.622884 0.702504
vn -0.148498 -0.568173 0.809400
vn 0.964284 -0.264835 0.004369
vn 0.964327 -0.264675 0.004483
vn 0.169754 0.556629 -0.813233
vn 0.618465 0.352748 -0.702190
vn -0.346053 0.616229 -0.707466
vn -0.964375 0.264500 -0.004621
vn -0.964333 0.264655 -0.004510
vn -0.619783 -0.357664 0.698531
vn 0.395829 -0.421405 0.815927
vn -0.096512 -0.346165 0.933196
vn 0.969458 -0.244733 0.016047
vn 0.969473 -0.244671 0.016070
vn 0.108425 0.339735 -0.934251
vn 0.572686 0.173408 -0.801224
vn -0.396805 0.417386 -0.817517
vn -0.969492 0.244593 -0.016111
vn -0.969477 0.244655 -0.016088
vn -0.573423 -0.176381 0.800047
vn 0.440777 -0.234128 0.866545
vn -0.049855 -0.135790 0.989483
vn 0.972129 -0.233647 0.019356
vn 0.972130 -0.233640 0.019357
vn 0.054660 0.133774 -0.989503
vn 0.531078 -0.000301 -0.847323
vn -0.441043 0.232950 -0.866727
vn -0.972136 0.233615 -0.019367
vn -0.972135 0.233622 -0.019366
vn -0.531227 -0.000291 0.847230
vn 0.483436 -0.053944 0.873716
vn -0.004088 0.071472 0.997434
vn 0.972638 -0.231484 0.019744
vn 0.972639 -0.231481 0.019744
vn 0.002726 -0.069725 -0.997563
vn 0.489475 -0.175989 -0.854074
vn -0.483144 0.055131 -0.873804
vn -0.972636 0.231495 -0.019753
vn -0.972635 0.231499 -0.019753
vn -0.489067 0.177740 0.853945
vn 0.528728 0.131654 0.838519
vn 0.045865 0.290106 0.955895
vn 0.971015 -0.238066 0.021330
vn 0.971027 -0.238019 0.021316
vn -0.053684 -0.284697 -0.957113
vn 0.443152 -0.365947 -0.818351
vn -0.527915 -0.128387 -0.839537
vn -0.971012 0.238077 -0.021338
vn -0.971000 0.238124 -0.021352
vn -0.442129 0.370009 0.817078
vn 0.577414 0.315965 0.752834
vn 0.103063 0.510548 0.853650
vn 0.967923 -0.249800 0.026915
vn 0.967917 -0.249825 0.026931
vn -0.113757 -0.508766 -0.853356
vn 0.390509 -0.567080 -0.725206
vn -0.577745 -0.316929 -0.752174
vn -0.967924 0.249798 -0.026915
vn -0.967931 0.249773 -0.026900
vn -0.390803 0.565777 0.726065
vn 0.621603 0.469363 0.627142
vn 0.158961 0.691030 0.705131
vn 0.965834 -0.257142 0.032278
vn 0.965831 -0.257154 0.032293
vn -0.162600 -0.693279 -0.702086
vn 0.343170 -0.729799 -0.591294
vn -0.622529 -0.472328 -0.623990
vn -0.965837 0.257131 -0.032278
vn -0.965841 0.257119 -0.032263
vn -0.344239 0.726207 0.595083
vn 0.654015 0.573642 0.493152
vn 0.200160 0.809689 0.551670
vn 0.966159 -0.256154 0.030367
vn 0.966165 -0.256134 0.030337
vn -0.194929 -0.812769 -0.549008
vn 0.311525 -0.831477 -0.459998
vn -0.654542 -0.575267 -0.490554
vn -0.966164 0.256135 -0.030376
vn -0.966158 0.256154 -0.030406
vn -0.312092 0.829665 0.462876
vn 0.674592 0.638873 0.369819
vn 0.226204 0.880866 0.415821
vn 0.967903 -0.250587 0.019225
vn 0.967910 -0.250564 0.019174
vn -0.213779 -0.884762 -0.414120
vn 0.293054 -0.890139 -0.348957
vn -0.674803 -0.639564 -0.368237
vn -0.967904 0.250582 -0.019247
vn -0.967897 0.250604 -0.019298
vn -0.293269 0.889423 0.350600
vn 0.946933 0.280502 0.156960
vn 0.241603 0.923040 0.299375
vn 0.969922 -0.243412 -0.000926
vn -0.222773 -0.927999 -0.298647
vn 0.283531 -0.923329 -0.258988
vn -0.965011 -0.221701 -0.140005
vn -0.969922 0.243416 0.000870
vn -0.283593 0.923068 0.259847
vn 0.952593 0.294288 0.077204
vn 0.249859 0.947980 0.197240
vn 0.971227 -0.236220 -0.030312
vn -0.224282 -0.954253 -0.197736
vn 0.279932 -0.941840 -0.185947
vn -0.966825 -0.246320 -0.067646
vn -0.971228 0.236232 0.030179
vn -0.279947 0.941751 0.186375
vn 0.951785 0.306724 -0.005181
vn 0.250517 0.962937 0.099964
vn 0.970750 -0.230372 -0.067630
vn -0.221234 -0.969818 -0.102513
vn 0.280614 -0.952078 -0.121673
vn -0.965724 -0.259346 0.010844
vn -0.970754 0.230372 0.067575
vn -0.280644 0.952125 0.121228
vn 0.942100 0.321642 -0.094837
vn 0.240094 0.970681 -0.011548
vn 0.968043 -0.227637 -0.105233
vn -0.214723 -0.976650 0.006979
vn 0.286482 -0.957008 -0.045425
vn -0.961936 -0.255557 0.096799
vn -0.968045 0.227632 0.105227
vn -0.286675 0.957035 0.043607
vn 0.661089 0.721721 -0.205136
vn 0.216472 0.963249 -0.159032
vn 0.963895 -0.228912 -0.136036
vn 0.963923 -0.228892 -0.135872
vn -0.197076 -0.968455 0.152498
vn 0.301982 -0.951090 0.065072
vn -0.661825 -0.722253 0.200844
vn -0.963906 0.228900 0.135977
vn -0.963879 0.228919 0.136138
vn -0.302649 0.950603 -0.068978
vn 0.623036 0.680551 -0.385586
vn 0.172116 0.919253 -0.354048
vn 0.959410 -0.233447 -0.158226
vn 0.959442 -0.233403 -0.158095
vn -0.159778 -0.924528 0.346004
vn 0.334698 -0.916049 0.220978
vn -0.624641 -0.682668 0.379194
vn -0.959423 0.233424 0.158183
vn -0.959391 0.233467 0.158312
vn -0.336257 0.913910 -0.227378
vn 0.562956 0.579875 -0.588919
vn 0.100682 0.807008 -0.581895
vn 0.956120 -0.238573 -0.170053
vn 0.956129 -0.238553 -0.170026
vn -0.096097 -0.810757 0.577441
vn 0.392036 -0.821109 0.414836
vn -0.564238 -0.582188 0.585400
vn -0.956114 0.238590 0.170062
vn -0.956105 0.238609 0.170089
vn -0.393422 0.818310 -0.419032
vn 0.489444 0.415159 -0.766869
vn 0.012243 0.617547 -0.786439
vn 0.955475 -0.239666 -0.172129
vn 0.955478 -0.239658 -0.172121
vn -0.013309 -0.614289 0.788969
vn 0.467478 -0.651943 0.597021
vn -0.488205 -0.411798 0.769467
vn -0.955477 0.239670 0.172111
vn -0.955474 0.239678 0.172118
vn -0.466324 0.654712 -0.594890
vn 0.420799 0.221582 -0.879676
vn -0.067709 0.391950 -0.917491
vn 0.956651 -0.236266 -0.170285
vn 0.956660 -0.236239 -0.170275
vn 0.066782 -0.385900 0.920121
vn 0.537608 -0.451946 0.711845
vn -0.419046 -0.216061 0.881883
vn -0.956656 0.236251 0.170279
vn -0.956647 0.236279 0.170289
vn -0.535661 0.458064 -0.709398
vn 0.366681 0.037717 -0.929582
vn -0.124793 0.180785 -0.975573
vn 0.955858 -0.239356 -0.170426
vn 0.955852 -0.239375 -0.170429
vn 0.132869 -0.181229 0.974424
vn 0.589475 -0.275287 0.759432
vn -0.366349 -0.036572 0.929758
vn -0.955877 0.239285 0.170415
vn -0.955883 0.239266 0.170411
vn -0.588941 0.277343 -0.759098
vn 0.318174 -0.145627 -0.936781
vn -0.172721 -0.021538 -0.984735
vn 0.951073 -0.257557 -0.170661
vn 0.951084 -0.257513 -0.170663
vn 0.191254 0.015202 0.981423
vn 0.632540 -0.113023 0.766237
vn -0.318644 0.143780 0.936906
vn -0.951131 0.257334 0.170672
vn -0.951120 0.257378 0.170670
vn -0.632763 0.112207 -0.766173
vn 0.267944 -0.343102 -0.900271
vn -0.221292 -0.232511 -0.947084
vn 0.942880 -0.289781 -0.164331
vn 0.942910 -0.289662 -0.164366
vn 0.249701 0.221268 0.942704
vn 0.674364 0.051136 0.736626
vn -0.268764 0.339889 0.901245
vn -0.942976 0.289401 0.164447
vn -0.942947 0.289517 0.164413
vn -0.674832 -0.052987 -0.736067
vn 0.215086 -0.549980 -0.807007
vn -0.272461 -0.449364 -0.850786
vn 0.932170 -0.331667 -0.145104
vn 0.932191 -0.331587 -0.145152
vn 0.309523 0.434743 0.845691
vn 0.716859 0.217135 0.662546
vn -0.215590 0.548121 0.808136
vn -0.932251 0.331366 0.145276
vn -0.932230 0.331444 0.145229
vn -0.717099 -0.218070 -0.661978
vn 0.164820 -0.737587 -0.654828
vn -0.322513 -0.643321 -0.694351
vn 0.920754 -0.374247 -0.110235
vn 0.920733 -0.374322 -0.110156
vn 0.363507 0.627800 0.688280
vn 0.756332 0.364389 0.543307
vn -0.164468 0.738939 0.653391
vn -0.920738 0.374307 0.110165
vn -0.920758 0.374235 0.110241
vn -0.756029 -0.363338 -0.544432
vn 0.124347 -0.874409 -0.468984
vn -0.364799 -0.782506 -0.504585
vn 0.910919 -0.407453 -0.064875
vn 0.910880 -0.407577 -0.064649
vn 0.402951 0.767368 0.498775
vn 0.787121 0.468660 0.400997
vn -0.123621 0.876711 0.464861
vn -0.910850 0.407669 0.064483
vn -0.910888 0.407549 0.064701
vn -0.786615 -0.467152 -0.403740
vn 0.096783 -0.952757 -0.287903
vn -0.395403 -0.860506 -0.321225
vn 0.903922 -0.427284 -0.018809
vn 0.903895 -0.427350 -0.018590
vn 0.426785 0.846750 0.317598
vn 0.807471 0.526439 0.266181
vn -0.096272 0.953999 0.283931
vn -0.903869 0.427414 0.018377
vn -0.903895 0.427350 0.018590
vn -0.807137 -0.525658 -0.268726
vn 0.535663 -0.841389 -0.071619
vn -0.415232 -0.894047 -0.168116
vn 0.899530 -0.436347 0.021142
vn 0.439742 0.882508 0.166755
vn 0.819665 0.551507 0.154884
vn -0.596200 0.800696 0.058579
vn -0.899508 0.436377 -0.021451
vn -0.819511 -0.551279 -0.156506
vn 0.534979 -0.844639 -0.019564
vn -0.422300 -0.900935 -0.099898
vn 0.897761 -0.438736 0.039200
vn 0.443264 0.890750 0.100406
vn 0.823354 0.557489 0.106273
vn -0.586667 0.809730 0.012601
vn -0.897777 0.438698 -0.039247
vn -0.823338 -0.557465 -0.106523
vn -0.339522 0.804742 0.486944
vn -0.735281 0.469849 0.488471
vn -0.748878 0.483630 0.453083
vn -0.350998 0.818646 0.454554
vn -0.933097 0.010649 0.359467
vn -0.943368 0.022587 0.330977
vn -0.593789 -0.794448 -0.127545
vn -0.593789 -0.794448 -0.127545
vn -0.592364 -0.796146 -0.123517
vn -0.592355 -0.796157 -0.123491
vn 0.339544 -0.804781 -0.486865
vn 0.734003 -0.471635 -0.488671
vn 0.745901 -0.487999 -0.453309
vn 0.351197 -0.818912 -0.453920
vn 0.933116 -0.010707 -0.359417
vn 0.943533 -0.022790 -0.330492
vn 0.593780 0.794453 0.127551
vn 0.593780 0.794453 0.127551
vn 0.592346 0.796159 0.123517
vn 0.592355 0.796149 0.123543
vn -0.779125 0.513164 0.360038
vn 0.146792 0.952617 0.266407
vn -0.964581 0.048919 0.259213
vn -0.096035 -0.955592 -0.278607
vn -0.587473 -0.802179 -0.106697
vn 0.770253 -0.526226 -0.360271
vn 0.964939 -0.049350 -0.257795
vn 0.587553 0.802070 0.107078
vn -0.818159 0.539373 0.199230
vn 0.138136 0.980051 0.142893
vn -0.986241 0.077146 0.146210
vn -0.056867 -0.987378 -0.147819
vn -0.577194 -0.814917 -0.052511
vn 0.791442 -0.579274 -0.195093
vn 0.986896 -0.078037 -0.141230
vn 0.577701 0.814322 0.056048
vn -0.859294 0.503940 -0.087510
vn 0.143985 0.980089 -0.136726
vn -0.996295 0.080923 -0.029110
vn -0.030542 -0.985652 0.166006
vn -0.570400 -0.811299 0.128210
vn 0.774897 -0.619526 0.125390
vn 0.996042 -0.080224 0.038267
vn 0.570291 0.815009 -0.102609
vn -0.851161 0.309553 -0.423912
vn 0.184215 0.768098 -0.613262
vn -0.979381 0.016728 -0.201329
vn -0.102661 -0.770174 0.629518
vn -0.614767 -0.656264 0.437469
vn 0.700292 -0.476627 0.531430
vn 0.980181 -0.020379 0.197053
vn 0.616276 0.654742 -0.437627
vn -0.281855 0.235275 -0.930163
vn 0.244070 0.311936 -0.918219
vn -0.963658 -0.060066 -0.260297
vn -0.963782 -0.059091 -0.260062
vn -0.211711 -0.325073 0.921686
vn -0.677132 -0.314822 0.665117
vn 0.285224 -0.257267 0.923288
vn 0.963901 0.058303 0.259801
vn 0.963773 0.059312 0.260046
vn 0.679635 0.297757 -0.670400
vn -0.241811 -0.136912 -0.960616
vn 0.278529 -0.103442 -0.954841
vn -0.959685 -0.093974 -0.264904
vn -0.959683 -0.094013 -0.264896
vn -0.269783 0.105889 0.957081
vn -0.716890 0.045096 0.695726
vn 0.241888 0.138567 0.960359
vn 0.959696 0.093870 0.264900
vn 0.959698 0.093831 0.264907
vn 0.716568 -0.042357 -0.696230
vn -0.240189 -0.488047 -0.839118
vn 0.279455 -0.505427 -0.816363
vn -0.959194 -0.103805 -0.263004
vn -0.959193 -0.103824 -0.263000
vn -0.275455 0.505989 0.817374
vn -0.720898 0.386553 0.575224
vn 0.240095 0.490563 0.837677
vn 0.959201 0.103913 0.262937
vn 0.959202 0.103893 0.262941
vn 0.721280 -0.385183 -0.575664
vn -0.768040 -0.462475 -0.442981
vn 0.256670 -0.806569 -0.532510
vn -0.963777 -0.126037 -0.235048
vn -0.221648 0.805435 0.549679
vn -0.688832 0.630710 0.357373
vn 0.659779 0.557484 0.503888
vn 0.963806 0.126142 0.234876
vn 0.687049 -0.639195 -0.345533
vn -0.767467 -0.587078 -0.257555
vn 0.239531 -0.930912 -0.275732
vn -0.975647 -0.166707 -0.142554
vn -0.165197 0.942671 0.289969
vn -0.662614 0.727880 0.176445
vn 0.720083 0.638377 0.271949
vn 0.975720 0.166941 0.141778
vn 0.662206 -0.729261 -0.172227
vn -0.758602 -0.650766 -0.032032
vn 0.245765 -0.963908 -0.102372
vn -0.980315 -0.196404 0.020190
vn -0.141834 0.984798 0.100278
vn -0.657474 0.747018 0.098446
vn 0.745475 0.665666 0.034007
vn 0.980281 0.196509 -0.020825
vn 0.657476 -0.747084 -0.097939
vn -0.734946 -0.646316 0.205255
vn 0.259712 -0.964692 0.043804
vn -0.958622 -0.197294 0.205229
vn -0.166068 0.983972 -0.064960
vn -0.663414 0.746294 0.054102
vn 0.712764 0.671097 -0.203951
vn 0.958827 0.197419 -0.204147
vn 0.663079 -0.746475 -0.055687
vn -0.702589 -0.568330 0.428217
vn 0.302026 -0.918352 0.255754
vn -0.923127 -0.169836 0.344953
vn -0.242992 0.926259 -0.288097
vn -0.698096 0.712657 -0.069154
vn 0.621776 0.646463 -0.442132
vn 0.922909 0.169602 -0.345650
vn 0.694852 -0.716770 0.058497
vn -0.122868 -0.685341 0.717782
vn 0.396140 -0.712236 0.579477
vn -0.897520 -0.126425 0.422464
vn -0.897208 -0.125446 0.423415
vn -0.365735 0.707490 -0.604728
vn -0.780321 0.543976 -0.308528
vn 0.117217 0.670500 -0.732592
vn 0.897457 0.126205 -0.422662
vn 0.897776 0.127208 -0.421682
vn 0.775944 -0.558086 0.294026
vn -0.052452 -0.284857 0.957134
vn 0.462761 -0.287599 0.838534
vn -0.889174 -0.085608 0.449489
vn -0.889192 -0.086713 0.449242
vn -0.443808 0.309302 -0.841051
vn -0.836168 0.229741 -0.498038
vn 0.053229 0.318052 -0.946578
vn 0.889206 0.086670 -0.449223
vn 0.889187 0.085542 -0.449476
vn 0.838671 -0.201551 0.505972
vn -0.565915 -0.046169 0.823170
vn 0.462803 -0.004469 0.886450
vn -0.890114 -0.050154 0.452970
vn -0.444376 0.013929 -0.895732
vn -0.837299 -0.013025 -0.546589
vn 0.518580 0.051109 -0.853500
vn 0.890053 0.051233 -0.452970
vn 0.837002 0.021295 0.546785
vn -0.548205 0.010090 0.836283
vn 0.455240 0.059248 0.888395
vn -0.891477 -0.022348 0.452514
vn -0.445973 -0.058834 -0.893111
vn -0.835989 -0.062307 -0.545197
vn 0.545187 -0.010136 -0.838253
vn 0.891471 0.022477 -0.452520
vn 0.835989 0.062373 0.545190
vn -0.546535 0.026332 0.837022
vn -0.056107 0.054139 0.996956
vn -0.997598 -0.041333 -0.055592
vn -0.835975 -0.062787 -0.545164
vn 0.548335 -0.026183 -0.835849
vn 0.056117 -0.054123 -0.996956
vn 0.997787 0.041158 0.052223
vn 0.835978 0.062786 0.545160
vn -0.056222 0.057481 0.996762
vn -0.056222 0.057481 0.996762
vn -0.997923 -0.034112 -0.054654
vn -0.892354 -0.000784 0.451335
vn -0.836128 -0.058267 -0.545431
vn 0.548853 -0.032651 -0.835281
vn 0.056238 -0.057481 -0.996761
vn 0.997960 0.034072 0.053997
vn 0.836131 0.058264 0.545426
vn -0.056231 0.057764 0.996745
vn 0.451437 0.064143 0.889995
vn -0.998112 -0.028238 -0.054543
vn -0.892501 0.004420 0.451023
vn -0.836267 -0.053343 -0.545721
vn 0.548891 -0.035829 -0.835126
vn 0.056246 -0.057762 -0.996745
vn 0.998098 0.028252 0.054799
vn -0.056214 0.056959 0.996793
vn 0.451232 0.061050 0.890316
vn -0.998231 -0.023436 -0.054646
vn -0.892585 0.008169 0.450804
vn -0.449611 -0.061063 -0.891135
vn 0.056220 -0.056959 -0.996792
vn 0.998196 0.023475 0.055257
vn 0.892585 -0.008164 -0.450806
vn -0.056193 0.055742 0.996863
vn 0.451113 0.057992 0.890581
vn -0.998308 -0.019425 -0.054809
vn -0.892636 0.011033 0.450643
vn -0.449846 -0.058005 -0.891221
vn 0.056189 -0.055741 -0.996863
vn 0.998266 0.019472 0.055554
vn 0.892639 -0.011026 -0.450638
vn -0.547006 0.039114 0.836215
vn 0.451034 0.055105 0.890804
vn -0.998359 -0.016021 -0.054982
vn -0.450009 -0.055125 -0.891321
vn 0.056165 -0.054381 -0.996939
vn 0.998315 0.016058 0.055764
vn 0.892673 -0.013301 -0.450508
vn -0.547097 0.039374 0.836143
vn 0.450977 0.052427 0.890995
vn -0.892695 0.015151 0.450407
vn -0.450128 -0.052447 -0.891422
vn -0.836532 -0.037837 -0.546609
vn 0.056150 -0.052991 -0.997015
vn 0.998349 0.013109 0.055929
vn 0.892696 -0.015158 -0.450404
vn -0.547169 0.039485 0.836090
vn 0.450929 0.049957 0.891161
vn -0.892710 0.016717 0.450322
vn -0.450212 -0.049970 -0.891523
vn -0.836558 -0.034913 -0.546766
vn 0.056145 -0.051627 -0.997087
vn 0.998372 0.010528 0.056056
vn 0.892711 -0.016713 -0.450320
vn -0.547227 0.039490 0.836052
vn 0.450895 0.047677 0.891303
vn -0.892716 0.018045 0.450258
vn -0.450276 -0.047688 -0.891615
vn -0.836575 -0.032274 -0.546901
vn 0.548421 -0.039441 -0.835272
vn 0.998388 0.008237 0.056158
vn -0.547277 0.039422 0.836023
vn 0.450863 0.045559 0.891430
vn -0.892721 0.019189 0.450202
vn -0.836587 -0.029869 -0.547019
vn -0.836587 -0.029869 -0.547019
vn 0.548367 -0.039383 -0.835310
vn 0.056139 -0.049058 -0.997217
vn 0.998398 0.006179 0.056242
vn -0.547322 0.039317 0.835998
vn 0.450841 0.043599 0.891539
vn -0.892722 0.020205 0.450155
vn -0.836593 -0.027662 -0.547126
vn -0.836593 -0.027662 -0.547127
vn 0.548318 -0.039283 -0.835347
vn 0.056133 -0.047865 -0.997275
vn 0.892723 -0.020203 -0.450152
vn 0.836594 0.027660 0.547125
vn -0.547360 0.039175 0.835980
vn 0.450811 0.041782 0.891641
vn -0.892720 0.021095 0.450119
vn -0.450387 -0.041787 -0.891855
vn -0.836594 -0.025638 -0.547224
vn 0.548282 -0.039143 -0.835377
vn 0.998406 0.002642 0.056383
vn -0.547391 0.039010 0.835968
vn -0.056127 0.045657 0.997379
vn -0.892717 0.021890 0.450085
vn -0.450410 -0.040091 -0.891921
vn -0.836597 -0.023775 -0.547303
vn 0.056133 -0.045657 -0.997379
vn 0.998406 0.001102 0.056437
vn 0.892728 -0.021886 -0.450063
vn 0.836592 0.023772 0.547311
vn -0.547418 0.038836 0.835958
vn 0.450770 0.038491 0.891810
vn -0.998436 0.000344 -0.055913
vn -0.450427 -0.038500 -0.891983
vn 0.056131 -0.044642 -0.997425
vn 0.998404 -0.000319 0.056483
vn 0.892724 -0.022610 -0.450037
vn -0.056132 0.043677 0.997468
vn 0.450749 0.037001 0.891883
vn -0.998430 0.001651 -0.055993
vn -0.892720 0.023254 0.450011
vn -0.450436 -0.037007 -0.892042
vn 0.056139 -0.043676 -0.997467
vn 0.998400 -0.001628 0.056520
vn 0.892717 -0.023258 -0.450018
vn -0.547478 0.038462 0.835936
vn 0.450724 0.035594 0.891953
vn -0.998423 0.002866 -0.056062
vn -0.450441 -0.035603 -0.892096
vn 0.056145 -0.042753 -0.997507
vn 0.998395 -0.002844 0.056560
vn 0.892713 -0.023848 -0.449993
vn -0.547498 0.038267 0.835932
vn 0.450707 0.034269 0.892014
vn -0.892712 0.024392 0.449967
vn -0.450448 -0.034272 -0.892145
vn -0.836566 -0.017480 -0.547587
vn 0.548154 -0.038255 -0.835502
vn 0.998389 -0.003980 0.056601
vn -0.547517 0.038081 0.835927
vn -0.056150 0.041046 0.997578
vn -0.892707 0.024901 0.449948
vn -0.836558 -0.016146 -0.547640
vn -0.836558 -0.016146 -0.547640
vn 0.548135 -0.038065 -0.835523
vn 0.056149 -0.041046 -0.997578
vn 0.998382 -0.005039 0.056639
vn 0.836556 0.016150 0.547643
vn -0.547541 0.037889 0.835921
vn -0.056164 0.040251 0.997610
vn -0.998400 0.006057 -0.056225
vn -0.450452 -0.031839 -0.892233
vn 0.056153 -0.040252 -0.997611
vn 0.998375 -0.006039 0.056670
vn 0.892713 -0.025362 -0.449911
vn 0.836551 0.014887 0.547687
vn -0.056173 0.039489 0.997640
vn 0.450654 0.030706 0.892170
vn -0.998391 0.006991 -0.056276
vn -0.892706 0.025791 0.449901
vn -0.450445 -0.030711 -0.892276
vn 0.056159 -0.039490 -0.997641
vn 0.998367 -0.006973 0.056700
vn 0.892708 -0.025794 -0.449896
vn -0.056177 0.038760 0.997668
vn 0.450637 0.029633 0.892216
vn -0.998382 0.007874 -0.056323
vn -0.892703 0.026194 0.449884
vn -0.450436 -0.029639 -0.892317
vn 0.548089 -0.037498 -0.835579
vn 0.998359 -0.007858 0.056716
vn -0.547589 0.037322 0.835915
vn 0.450621 0.028609 0.892257
vn -0.998372 0.008714 -0.056360
vn -0.450436 -0.028614 -0.892350
vn 0.548075 -0.037315 -0.835596
vn 0.892692 -0.026574 -0.449883
vn 0.836516 0.011494 0.547822
vn -0.547599 0.037137 0.835917
vn 0.450605 0.027635 0.892296
vn -0.892694 0.026924 0.449858
vn -0.450433 -0.027637 -0.892382
vn -0.836509 -0.010471 -0.547853
vn 0.548064 -0.037132 -0.835612
vn 0.892689 -0.026926 -0.449869
vn 0.836505 0.010475 0.547859
vn -0.547611 0.036954 0.835917
vn 0.450594 0.026703 0.892330
vn -0.998354 0.010255 -0.056422
vn -0.450429 -0.026706 -0.892413
vn 0.056192 -0.036753 -0.997743
vn 0.892688 -0.027253 -0.449851
vn 0.892688 -0.027253 -0.449851
vn 0.836497 0.009502 0.547889
vn -0.547616 0.036866 0.835917
vn -0.056192 0.036438 0.997755
vn -0.998350 0.010627 -0.056437
vn -0.450422 -0.026248 -0.892430
vn 0.056200 -0.036442 -0.997754
vn 0.892689 -0.027407 -0.449840
vn 0.892689 -0.027407 -0.449840
vn 0.836493 0.009030 0.547903
vn 0.836493 0.009030 0.547903
vn 0.123939 -0.330989 0.935460
vn 0.123939 -0.330989 0.935460
vn 0.123939 -0.330989 0.935460
vn 0.123939 -0.330989 0.935460
vn 0.040722 0.925066 0.377617
vn 0.040722 0.925066 0.377617
vn 0.040722 0.925066 0.377617
vn 0.040722 0.925066 0.377617
vn 0.062356 0.331687 -0.941326
vn 0.062356 0.331687 -0.941326
vn 0.062356 0.331687 -0.941326
vn 0.062356 0.331687 -0.941326
vn -0.040722 -0.925066 -0.377617
vn -0.040722 -0.925066 -0.377617
vn -0.040722 -0.925066 -0.377617
vn -0.040722 -0.925066 -0.377617
vn 0.987951 -0.057901 0.143529
vn 0.987951 -0.057901 0.143529
vn 0.987951 -0.057901 0.143529
vn 0.987951 -0.057901 0.143529
vn -0.999965 0.005006 0.006633
vn -0.999965 0.005006 0.006633
vn -0.999965 0.005006 0.006633
vn -0.999966 0.005006 0.006633
vn -0.142225 -0.328434 0.933758
vn -0.142225 -0.328434 0.933758
vn -0.142225 -0.328434 0.933758
vn -0.142225 -0.328433 0.933758
vn -0.006855 0.939021 0.343792
vn -0.006855 0.939021 0.343792
vn -0.006855 0.939021 0.343792
vn -0.006855 0.939021 0.343792
vn 0.062356 0.331687 -0.941327
vn 0.062356 0.331687 -0.941327
vn 0.062356 0.331687 -0.941327
vn 0.062356 0.331687 -0.941327
vn 0.006855 -0.939021 -0.343793
vn 0.006855 -0.939021 -0.343793
vn 0.006855 -0.939021 -0.343793
vn 0.006855 -0.939021 -0.343793
vn 0.999784 0.000005 -0.020792
vn 0.999784 0.000005 -0.020792
vn 0.999784 0.000005 -0.020792
vn 0.999784 0.000005 -0.020792
vn -0.995631 -0.024494 0.090109
vn -0.995631 -0.024494 0.090109
vn -0.995631 -0.024494 0.090109
vn -0.995631 -0.024494 0.090109
vn 0.050381 -0.332651 0.941703
vn 0.050381 -0.332651 0.941703
vn 0.050381 -0.332651 0.941703
vn 0.050381 -0.332651 0.941703
vn -0.005036 0.946573 0.322451
vn -0.005036 0.946573 0.322451
vn -0.005036 0.946573 0.322451
vn -0.005036 0.946573 0.322451
vn 0.062356 0.331688 -0.941326
vn 0.062356 0.331688 -0.941326
vn 0.062356 0.331688 -0.941326
vn 0.062356 0.331688 -0.941326
vn 0.005036 -0.946573 -0.322452
vn 0.005036 -0.946573 -0.322452
vn 0.005036 -0.946573 -0.322452
vn 0.005036 -0.946573 -0.322452
vn 0.997755 -0.028678 0.060516
vn 0.997755 -0.028678 0.060516
vn 0.997755 -0.028678 0.060516
vn 0.997755 -0.028678 0.060516
vn -0.999784 -0.000005 0.020793
vn -0.999784 -0.000005 0.020793
vn -0.999784 -0.000005 0.020793
vn -0.999784 -0.000005 0.020793
vn -0.187458 0.328067 -0.925868
vn -0.187458 0.328067 -0.925868
vn -0.187458 0.328067 -0.925868
vn -0.187458 0.328067 -0.925868
vn -0.029939 0.956907 0.288847
vn -0.029939 0.956907 0.288847
vn -0.029939 0.956907 0.288847
vn -0.029939 0.956907 0.288847
vn 0.001918 -0.332755 0.943011
vn 0.001918 -0.332755 0.943011
vn 0.001918 -0.332755 0.943011
vn 0.001918 -0.332755 0.943011
vn 0.029940 -0.956907 -0.288848
vn 0.029940 -0.956907 -0.288848
vn 0.029940 -0.956907 -0.288848
vn 0.029940 -0.956907 -0.288848
vn -0.995846 0.036711 -0.083329
vn -0.995846 0.036711 -0.083329
vn -0.995846 0.036711 -0.083329
vn -0.995846 0.036711 -0.083329
vn 0.997603 0.016404 -0.067226
vn 0.997603 0.016404 -0.067226
vn 0.997603 0.016404 -0.067226
vn 0.997603 0.016404 -0.067226
vn 0.977572 -0.076426 0.196245
vn 0.977572 -0.076426 0.196245
vn 0.977572 -0.076426 0.196245
vn 0.977572 -0.076426 0.196245
vn 0.017684 0.937927 0.346381
vn 0.017684 0.937927 0.346381
vn 0.017684 0.937927 0.346381
vn 0.017684 0.937927 0.346381
vn -0.991308 0.050186 -0.121611
vn -0.991308 0.050186 -0.121612
vn -0.991308 0.050186 -0.121612
vn -0.991308 0.050186 -0.121612
vn -0.017684 -0.937927 -0.346382
vn -0.017684 -0.937927 -0.346382
vn -0.017684 -0.937927 -0.346382
vn -0.017684 -0.937927 -0.346382
vn 0.049733 0.332007 -0.941965
vn 0.049733 0.332007 -0.941965
vn 0.049733 0.332007 -0.941965
vn 0.049733 0.332007 -0.941965
vn 0.023892 -0.332804 0.942693
vn 0.023892 -0.332804 0.942693
vn 0.023892 -0.332804 0.942693
vn 0.023892 -0.332804 0.942693
vn 0.993530 0.031242 -0.109185
vn 0.993530 0.031242 -0.109185
vn 0.993530 0.031242 -0.109185
vn 0.993530 0.031242 -0.109185
vn -0.003192 0.938738 0.344616
vn -0.003192 0.938738 0.344616
vn -0.003192 0.938738 0.344616
vn -0.003192 0.938738 0.344616
vn -0.999976 0.006261 0.003056
vn -0.999976 0.006261 0.003056
vn -0.999976 0.006261 0.003056
vn -0.999976 0.006261 0.003056
vn 0.003192 -0.938739 -0.344615
vn 0.003192 -0.938739 -0.344616
vn 0.003192 -0.938739 -0.344615
vn 0.003192 -0.938739 -0.344615
vn 0.003460 0.332720 -0.943019
vn 0.003460 0.332720 -0.943019
vn 0.003460 0.332720 -0.943019
vn 0.003460 0.332720 -0.943019
vn 0.082710 -0.332143 0.939596
vn 0.082710 -0.332143 0.939596
vn 0.082710 -0.332143 0.939596
vn 0.082710 -0.332143 0.939596
vn 0.050381 -0.332651 0.941703
vn 0.050381 -0.332651 0.941703
vn 0.050381 -0.332651 0.941703
vn 0.050381 -0.332651 0.941703
vn -0.005036 0.946573 0.322451
vn -0.005036 0.946573 0.322451
vn -0.005036 0.946573 0.322451
vn -0.005036 0.946573 0.322451
vn 0.062356 0.331688 -0.941326
vn 0.062356 0.331688 -0.941326
vn 0.062356 0.331688 -0.941326
vn 0.062356 0.331688 -0.941326
vn 0.005036 -0.946573 -0.322452
vn 0.005036 -0.946573 -0.322452
vn 0.005036 -0.946573 -0.322452
vn 0.005036 -0.946573 -0.322452
vn 0.997755 -0.028673 0.060516
vn 0.997755 -0.028673 0.060516
vn 0.997755 -0.028673 0.060516
vn 0.997755 -0.028673 0.060516
vn -0.999784 -0.000005 0.020793
vn -0.999784 -0.000005 0.020793
vn -0.999784 -0.000005 0.020793
vn -0.999784 -0.000005 0.020793
vn -0.142225 -0.328431 0.933759
vn -0.142225 -0.328431 0.933759
vn -0.142225 -0.328431 0.933759
vn -0.142225 -0.328431 0.933759
vn -0.006855 0.939021 0.343792
vn -0.006855 0.939021 0.343792
vn -0.006855 0.939021 0.343792
vn -0.006855 0.939021 0.343792
vn 0.062356 0.331688 -0.941326
vn 0.062356 0.331688 -0.941326
vn 0.062356 0.331688 -0.941326
vn 0.062356 0.331688 -0.941326
vn 0.006855 -0.939021 -0.343792
vn 0.006855 -0.939021 -0.343792
vn 0.006855 -0.939021 -0.343792
vn 0.006855 -0.939021 -0.343792
vn 0.999784 0.000002 -0.020792
vn 0.999784 0.000002 -0.020792
vn 0.999784 0.000002 -0.020792
vn 0.999784 0.000002 -0.020792
vn -0.995631 -0.024484 0.090109
vn -0.995631 -0.024484 0.090109
vn -0.995631 -0.024484 0.090109
vn -0.995631 -0.024484 0.090109
vn 0.123939 -0.330988 0.935460
vn 0.123939 -0.330988 0.935460
vn 0.123939 -0.330988 0.935460
vn 0.123939 -0.330988 0.935460
vn 0.040722 0.925066 0.377617
vn 0.040722 0.925066 0.377617
vn 0.040722 0.925066 0.377617
vn 0.040722 0.925066 0.377617
vn 0.062356 0.331688 -0.941326
vn 0.062356 0.331688 -0.941326
vn 0.062356 0.331688 -0.941326
vn 0.062356 0.331688 -0.941326
vn -0.040722 -0.925066 -0.377616
vn -0.040722 -0.925066 -0.377616
vn -0.040722 -0.925066 -0.377616
vn -0.040722 -0.925066 -0.377616
vn 0.987951 -0.057891 0.143529
vn 0.987951 -0.057891 0.143529
vn 0.987951 -0.057891 0.143529
vn 0.987951 -0.057891 0.143529
vn -0.999966 0.005000 0.006633
vn -0.999966 0.005000 0.006633
vn -0.999966 0.005000 0.006633
vn -0.999966 0.005000 0.006633
vn 0.123939 -0.330987 0.935461
vn 0.123939 -0.330987 0.935461
vn 0.123939 -0.330987 0.935461
vn 0.123939 -0.330987 0.935461
vn 0.040722 0.925066 0.377617
vn 0.040722 0.925066 0.377617
vn 0.040722 0.925066 0.377617
vn 0.040722 0.925066 0.377617
vn 0.062356 0.331689 -0.941326
vn 0.062356 0.331689 -0.941326
vn 0.062356 0.331689 -0.941326
vn 0.062356 0.331689 -0.941326
vn -0.040722 -0.925067 -0.377616
vn -0.040722 -0.925067 -0.377616
vn -0.040722 -0.925067 -0.377616
vn -0.040722 -0.925066 -0.377616
vn 0.987951 -0.057893 0.143529
vn 0.987951 -0.057893 0.143529
vn 0.987951 -0.057893 0.143529
vn 0.987951 -0.057893 0.143529
vn -0.999965 0.005006 0.006633
vn -0.999965 0.005006 0.006633
vn -0.999965 0.005006 0.006633
vn -0.999966 0.005006 0.006633
vn -0.142225 -0.328433 0.933758
vn -0.142225 -0.328433 0.933758
vn -0.142225 -0.328433 0.933758
vn -0.142225 -0.328433 0.933758
vn -0.006855 0.939021 0.343792
vn -0.006855 0.939021 0.343792
vn -0.006855 0.939021 0.343792
vn -0.006855 0.939021 0.343792
vn 0.062356 0.331687 -0.941327
vn 0.062356 0.331687 -0.941327
vn 0.062356 0.331687 -0.941327
vn 0.062356 0.331687 -0.941327
vn 0.006855 -0.939021 -0.343792
vn 0.006855 -0.939021 -0.343792
vn 0.006855 -0.939021 -0.343792
vn 0.006855 -0.939021 -0.343792
vn 0.999784 0.000003 -0.020792
vn 0.999784 0.000003 -0.020792
vn 0.999784 0.000003 -0.020792
vn 0.999784 0.000003 -0.020792
vn -0.995631 -0.024489 0.090109
vn -0.995631 -0.024489 0.090109
vn -0.995631 -0.024489 0.090109
vn -0.995631 -0.024489 0.090109
vn 0.050381 -0.332650 0.941703
vn 0.050381 -0.332650 0.941703
vn 0.050381 -0.332650 0.941703
vn 0.050381 -0.332650 0.941703
vn -0.005036 0.946573 0.322451
vn -0.005036 0.946573 0.322451
vn -0.005036 0.946573 0.322451
vn -0.005036 0.946573 0.322451
vn 0.062356 0.331688 -0.941326
vn 0.062356 0.331688 -0.941326
vn 0.062356 0.331688 -0.941326
vn 0.062356 0.331688 -0.941326
vn 0.005036 -0.946573 -0.322451
vn 0.005036 -0.946573 -0.322451
vn 0.005036 -0.946573 -0.322451
vn 0.005036 -0.946573 -0.322451
vn 0.997755 -0.028675 0.060516
vn 0.997755 -0.028675 0.060516
vn 0.997755 -0.028675 0.060516
vn 0.997755 -0.028675 0.060516
vn -0.999784 -0.000005 0.020793
vn -0.999784 -0.000005 0.020793
vn -0.999784 -0.000005 0.020793
vn -0.999784 -0.000005 0.020793
vn -0.187458 0.328067 -0.925868
vn -0.187458 0.328067 -0.925868
vn -0.187458 0.328067 -0.925868
vn -0.187458 0.328067 -0.925868
vn -0.029939 0.956907 0.288847
vn -0.029939 0.956907 0.288847
vn -0.029939 0.956907 0.288847
vn -0.029939 0.956907 0.288847
vn 0.001918 -0.332755 0.943012
vn 0.001918 -0.332755 0.943012
vn 0.001918 -0.332755 0.943012
vn 0.001918 -0.332755 0.943012
vn 0.029940 -0.956907 -0.288848
vn 0.029940 -0.956907 -0.288848
vn 0.029940 -0.956907 -0.288848
vn 0.029940 -0.956907 -0.288848
vn -0.995846 0.036708 -0.083329
vn -0.995846 0.036708 -0.083329
vn -0.995846 0.036708 -0.083329
vn -0.995846 0.036708 -0.083329
vn 0.997603 0.016404 -0.067226
vn 0.997603 0.016404 -0.067226
vn 0.997603 0.016404 -0.067226
vn 0.997603 0.016404 -0.067226
vn 0.977572 -0.076424 0.196245
vn 0.977572 -0.076424 0.196245
vn 0.977572 -0.076424 0.196245
vn 0.977572 -0.076424 0.196245
vn 0.017684 0.937927 0.346381
vn 0.017684 0.937927 0.346381
vn 0.017684 0.937927 0.346381
vn 0.017684 0.937927 0.346381
vn -0.991308 0.050185 -0.121612
vn -0.991308 0.050185 -0.121612
vn -0.991308 0.050185 -0.121612
vn -0.991308 0.050185 -0.121612
vn -0.017684 -0.937927 -0.346382
vn -0.017684 -0.937927 -0.346382
vn -0.017684 -0.937927 -0.346382
vn -0.017684 -0.937927 -0.346382
vn 0.049733 0.332007 -0.941965
vn 0.049733 0.332007 -0.941965
vn 0.049733 0.332007 -0.941965
vn 0.049733 0.332007 -0.941965
vn 0.023892 -0.332804 0.942693
vn 0.023892 -0.332804 0.942693
vn 0.023892 -0.332804 0.942693
vn 0.023892 -0.332804 0.942693
vn 0.993531 0.031237 -0.109185
vn 0.993531 0.031237 -0.109185
vn 0.993531 0.031237 -0.109185
vn 0.993531 0.031237 -0.109185
vn -0.003192 0.938739 0.344616
vn -0.003192 0.938738 0.344616
vn -0.003192 0.938739 0.344616
vn -0.003192 0.938738 0.344616
vn -0.999976 0.006261 0.003056
vn -0.999976 0.006261 0.003056
vn -0.999976 0.006261 0.003056
vn -0.999976 0.006261 0.003056
vn 0.003192 -0.938738 -0.344616
vn 0.003192 -0.938739 -0.344616
vn 0.003192 -0.938738 -0.344616
vn 0.003192 -0.938739 -0.344616
vn 0.003460 0.332720 -0.943019
vn 0.003460 0.332720 -0.943019
vn 0.003460 0.332720 -0.943019
vn 0.003460 0.332720 -0.943019
vn 0.082710 -0.332143 0.939596
vn 0.082710 -0.332143 0.939596
vn 0.082710 -0.332143 0.939596
vn 0.082710 -0.332143 0.939596
vn 0.050381 -0.332650 0.941704
vn 0.050381 -0.332650 0.941704
vn 0.050381 -0.332650 0.941704
vn 0.050381 -0.332650 0.941704
vn -0.005036 0.946573 0.322451
vn -0.005036 0.946573 0.322451
vn -0.005036 0.946573 0.322451
vn -0.005036 0.946573 0.322451
vn 0.062356 0.331687 -0.941326
vn 0.062356 0.331687 -0.941326
vn 0.062356 0.331687 -0.941326
vn 0.062356 0.331687 -0.941326
vn 0.005036 -0.946573 -0.322452
vn 0.005036 -0.946573 -0.322452
vn 0.005036 -0.946573 -0.322452
vn 0.005036 -0.946573 -0.322452
vn 0.997755 -0.028677 0.060516
vn 0.997755 -0.028677 0.060516
vn 0.997755 -0.028677 0.060516
vn 0.997755 -0.028677 0.060516
vn -0.999784 0.000003 0.020793
vn -0.999784 0.000003 0.020793
vn -0.999784 0.000003 0.020793
vn -0.999784 0.000003 0.020793
vn -0.142225 -0.328431 0.933759
vn -0.142225 -0.328431 0.933759
vn -0.142225 -0.328431 0.933759
vn -0.142225 -0.328431 0.933759
vn -0.006855 0.939021 0.343792
vn -0.006855 0.939021 0.343792
vn -0.006855 0.939021 0.343792
vn -0.006855 0.939021 0.343792
vn 0.062356 0.331688 -0.941326
vn 0.062356 0.331688 -0.941326
vn 0.062356 0.331688 -0.941326
vn 0.062356 0.331688 -0.941326
vn 0.006855 -0.939021 -0.343792
vn 0.006855 -0.939021 -0.343792
vn 0.006855 -0.939021 -0.343792
vn 0.006855 -0.939021 -0.343792
vn 0.999784 -0.000001 -0.020792
vn 0.999784 -0.000001 -0.020792
vn 0.999784 -0.000001 -0.020792
vn 0.999784 -0.000001 -0.020792
vn -0.995631 -0.024487 0.090109
vn -0.995631 -0.024487 0.090109
vn -0.995631 -0.024487 0.090109
vn -0.995631 -0.024487 0.090109
vn 0.123939 -0.330988 0.935460
vn 0.123939 -0.330988 0.935460
vn 0.123939 -0.330988 0.935460
vn 0.123939 -0.330988 0.935460
vn 0.040722 0.925066 0.377617
vn 0.040722 0.925066 0.377617
vn 0.040722 0.925066 0.377617
vn 0.040722 0.925066 0.377617
vn 0.062356 0.331688 -0.941326
vn 0.062356 0.331688 -0.941326
vn 0.062356 0.331688 -0.941326
vn 0.062356 0.331688 -0.941326
vn -0.040722 -0.925067 -0.377616
vn -0.040722 -0.925067 -0.377616
vn -0.040722 -0.925066 -0.377616
vn -0.040722 -0.925067 -0.377616
vn 0.987951 -0.057895 0.143529
vn 0.987951 -0.057895 0.143529
vn 0.987951 -0.057895 0.143529
vn 0.987951 -0.057895 0.143529
vn -0.999965 0.005007 0.006633
vn -0.999965 0.005007 0.006633
vn -0.999965 0.005007 0.006633
vn -0.999966 0.005007 0.006633
s off
g wooden_roof village_well_RE
usemtl pasted__lambert4SG
f 1/1/1 2/2/2 4/13/3 3/15/4
f 3/4/5 4/14/6 6/9/7 5/11/8
f 5/6/9 6/10/10 8/7/11 7/8/12
f 7/8/13 8/7/14 2/2/15 1/1/16
f 2/2/17 8/7/18 6/5/19 4/3/20
f 7/8/21 1/1/22 3/16/23 5/12/24
f 9/17/25 10/18/26 12/19/27 11/20/28
f 11/21/29 12/22/30 14/23/31 13/24/32
f 13/25/33 14/26/34 16/27/35 15/28/36
f 15/28/37 16/27/38 10/18/39 9/17/40
f 10/18/41 16/27/42 14/29/43 12/30/44
f 15/28/45 9/17/46 11/31/47 13/32/48
f 17/33/49 18/34/50 20/35/51 19/36/52
f 19/37/53 20/38/54 22/39/55 21/40/56
f 21/41/57 22/42/58 24/43/59 23/44/60
f 23/44/61 24/43/62 18/34/63 17/33/64
f 18/34/65 24/43/66 22/45/67 20/46/68
f 23/44/69 17/33/70 19/47/71 21/48/72
f 25/49/73 26/50/74 28/51/75 27/52/76
f 27/53/77 28/54/78 30/55/79 29/56/80
f 29/57/81 30/58/82 32/59/83 31/60/84
f 31/60/85 32/59/86 26/50/87 25/49/88
f 26/50/89 32/59/90 30/61/91 28/62/92
f 31/60/93 25/49/94 27/63/95 29/64/96
f 33/65/97 34/66/98 36/67/99 35/68/100
f 35/69/101 36/70/102 38/71/103 37/72/104
f 37/73/105 38/74/106 40/75/107 39/76/108
f 39/76/109 40/75/110 34/66/111 33/65/112
f 34/66/113 40/75/114 38/77/115 36/78/116
f 39/76/117 33/65/118 35/79/119 37/80/120
f 41/81/121 42/82/122 44/83/123 43/84/124
f 43/85/125 44/86/126 46/87/127 45/88/128
f 45/89/129 46/90/130 48/91/131 47/92/132
f 47/92/133 48/91/134 42/82/135 41/81/136
f 42/82/137 48/91/138 46/93/139 44/94/140
f 47/92/141 41/81/142 43/95/143 45/96/144
f 49/97/145 50/98/146 52/99/147 51/100/148
f 51/101/149 52/102/150 54/103/151 53/104/152
f 53/105/153 54/106/154 56/107/155 55/108/156
f 55/108/157 56/107/158 50/98/159 49/97/160
f 50/98/161 56/107/162 54/109/163 52/110/164
f 55/108/165 49/97/166 51/111/167 53/112/168
f 57/113/169 58/114/170 60/115/171 59/116/172
f 59/117/173 60/118/174 62/119/175 61/120/176
f 61/121/177 62/122/178 64/123/179 63/124/180
f 63/124/181 64/123/182 58/114/183 57/113/184
f 58/114/185 64/123/186 62/125/187 60/126/188
f 63/124/189 57/113/190 59/127/191 61/128/192
f 65/129/193 66/130/194 68/131/195 67/132/196
f 67/133/197 68/134/198 70/135/199 69/136/200
f 69/137/201 70/138/202 72/139/203 71/140/204
f 71/140/205 72/139/206 66/130/207 65/129/208
f 66/130/209 72/139/210 70/141/211 68/142/212
f 71/140/213 65/129/214 67/143/215 69/144/216
f 73/145/217 74/146/218 76/147/219 75/148/220
f 75/149/221 76/150/222 78/151/223 77/152/224
f 77/153/225 78/154/226 80/155/227 79/156/228
f 79/156/229 80/155/230 74/146/231 73/145/232
f 74/146/233 80/155/234 78/157/235 76/158/236
f 79/156/237 73/145/238 75/159/239 77/160/240
f 81/161/241 82/162/242 84/163/243 83/164/244
f 83/165/245 84/166/246 86/167/247 85/168/248
f 85/169/249 86/170/250 88/171/251 87/172/252
f 87/172/253 88/171/254 82/162/255 81/161/256
f 82/162/257 88/171/258 86/173/259 84/174/260
f 87/172/261 81/161/262 83/175/263 85/176/264
f 89/177/265 90/178/266 92/179/267 91/180/268
f 91/181/269 92/182/270 94/183/271 93/184/272
f 93/185/273 94/186/274 96/187/275 95/188/276
f 95/188/277 96/187/278 90/178/279 89/177/280
f 90/178/281 96/187/282 94/189/283 92/190/284
f 95/188/285 89/177/286 91/191/287 93/192/288
f 97/193/289 98/194/290 100/195/291 99/196/292
f 99/197/293 100/198/294 102/199/295 101/200/296
f 101/201/297 102/202/298 104/203/299 103/204/300
f 103/204/301 104/203/302 98/194/303 97/193/304
f 98/194/305 104/203/306 102/205/307 100/206/308
f 103/204/309 97/193/310 99/207/311 101/208/312
f 105/209/313 106/210/314 108/211/315 107/212/316
f 107/213/317 108/214/318 110/215/319 109/216/320
f 109/217/321 110/218/322 112/219/323 111/220/324
f 111/220/325 112/219/326 106/210/327 105/209/328
f 106/210/329 112/219/330 110/221/331 108/222/332
f 111/220/333 105/209/334 107/223/335 109/224/336
f 113/225/337 114/226/338 116/227/339 115/228/340
f 115/229/341 116/230/342 118/231/343 117/232/344
f 117/233/345 118/234/346 120/235/347 119/236/348
f 119/236/349 120/235/350 114/226/351 113/225/352
f 114/226/353 120/235/354 118/237/355 116/238/356
f 119/236/357 113/225/358 115/239/359 117/240/360
f 121/241/361 122/242/362 124/243/363 123/244/364
f 123/245/365 124/246/366 126/247/367 125/248/368
f 125/249/369 126/250/370 128/251/371 127/252/372
f 127/252/373 128/251/374 122/242/375 121/241/376
f 122/242/377 128/251/378 126/253/379 124/254/380
f 127/252/381 121/241/382 123/255/383 125/256/384
f 129/257/385 130/258/386 132/259/387 131/260/388
f 131/261/389 132/262/390 134/263/391 133/264/392
f 133/265/393 134/266/394 136/267/395 135/268/396
f 135/268/397 136/267/398 130/258/399 129/257/400
f 130/258/401 136/267/402 134/269/403 132/270/404
f 135/268/405 129/257/406 131/271/407 133/272/408
f 137/273/409 138/274/410 140/275/411 139/276/412
f 139/277/413 140/278/414 142/279/415 141/280/416
f 141/281/417 142/282/418 144/283/419 143/284/420
f 143/284/421 144/283/422 138/274/423 137/273/424
f 138/274/425 144/283/426 142/285/427 140/286/428
f 143/284/429 137/273/430 139/287/431 141/288/432
s 1
f 145/289/433 146/290/434 152/291/435 151/292/436
f 146/290/437 147/293/438 153/294/439 152/291/440
s 3
f 147/293/441 148/295/442 154/296/443 153/294/444
f 148/297/442 149/298/445 155/299/446 154/300/443
f 149/298/447 150/301/448 156/302/449 155/299/450
s 1
f 150/301/451 145/289/433 151/292/436 156/302/452
f 151/292/436 152/291/435 158/303/453 157/304/454
f 152/291/440 153/294/439 159/305/455 158/303/456
s 3
f 153/294/444 154/296/443 160/306/457 159/305/458
f 154/300/443 155/299/446 161/307/459 160/308/457
f 155/299/450 156/302/449 162/309/460 161/307/461
s 1
f 156/302/452 151/292/436 157/304/454 162/309/462
f 157/304/454 158/303/453 164/310/463 163/311/464
f 158/303/456 159/305/455 165/312/465 164/310/466
s 3
f 159/305/458 160/306/457 166/313/467 165/312/468
f 160/308/457 161/307/459 167/314/469 166/315/467
f 161/307/461 162/309/460 168/316/470 167/314/471
s 1
f 162/309/462 157/304/454 163/311/464 168/316/472
f 163/311/464 164/310/463 170/317/473 169/318/474
f 164/310/466 165/312/465 171/319/475 170/317/476
s 3
f 165/312/468 166/313/467 172/320/477 171/319/478
f 166/315/467 167/314/469 173/321/479 172/322/477
f 167/314/471 168/316/470 174/323/480 173/321/481
s 1
f 168/316/472 163/311/464 169/318/474 174/323/482
f 169/318/474 170/317/473 176/324/483 175/325/484
f 170/317/476 171/319/475 177/326/485 176/324/486
s 3
f 171/319/478 172/320/477 178/327/487 177/326/488
f 172/322/477 173/321/479 179/328/489 178/329/487
f 173/321/481 174/323/480 180/330/490 179/328/491
s 1
f 174/323/482 169/318/474 175/325/484 180/330/492
f 175/325/484 176/324/483 182/331/493 181/332/494
f 176/324/486 177/326/485 183/333/495 182/331/496
s 3
f 177/326/488 178/327/487 184/334/497 183/333/498
f 178/329/487 179/328/489 185/335/499 184/336/497
f 179/328/491 180/330/490 186/337/500 185/335/501
s 1
f 180/330/492 175/325/484 181/332/494 186/337/502
f 181/332/494 182/331/493 188/338/503 187/339/504
f 182/331/496 183/333/495 189/340/505 188/338/506
s 3
f 183/333/498 184/334/497 190/341/507 189/340/508
f 184/336/497 185/335/499 191/342/509 190/343/507
f 185/335/501 186/337/500 192/344/510 191/342/511
s 1
f 186/337/502 181/332/494 187/339/504 192/344/512
f 187/339/504 188/338/503 194/345/513 193/346/514
f 188/338/506 189/340/505 195/347/515 194/345/516
s 3
f 189/340/508 190/341/507 196/348/517 195/347/518
f 190/343/507 191/342/509 197/349/519 196/350/517
f 191/342/511 192/344/510 198/351/520 197/349/521
s 1
f 192/344/512 187/339/504 193/346/514 198/351/522
f 193/346/514 194/345/513 200/352/523 199/353/524
f 194/345/516 195/347/515 201/354/525 200/352/526
s 3
f 195/347/518 196/348/517 202/355/527 201/354/528
f 196/350/517 197/349/519 203/356/529 202/357/527
f 197/349/521 198/351/520 204/358/530 203/356/531
s 1
f 198/351/522 193/346/514 199/353/524 204/358/532
f 199/353/524 200/352/523 206/359/533 205/360/534
f 200/352/526 201/354/525 207/361/535 206/359/536
s 3
f 201/354/528 202/355/527 208/362/537 207/361/538
f 202/357/527 203/356/529 209/363/539 208/364/537
f 203/356/531 204/358/530 210/365/540 209/363/541
s 1
f 204/358/532 199/353/524 205/360/534 210/365/542
f 205/360/534 206/359/533 212/366/543 211/367/544
f 206/359/536 207/361/535 213/368/545 212/366/546
s 3
f 207/361/538 208/362/537 214/369/547 213/368/548
f 208/364/537 209/363/539 215/370/549 214/371/547
f 209/363/541 210/365/540 216/372/550 215/370/551
s 1
f 210/365/542 205/360/534 211/367/544 216/372/552
f 211/367/544 212/366/543 218/373/553 217/374/554
f 212/366/546 213/368/545 219/375/555 218/373/556
s 3
f 213/368/548 214/369/547 220/376/557 219/375/558
f 214/371/547 215/370/549 221/377/559 220/378/557
f 215/370/551 216/372/550 222/379/560 221/377/561
s 1
f 216/372/552 211/367/544 217/374/554 222/379/562
f 217/374/554 218/373/553 224/380/563 223/381/564
f 218/373/556 219/375/555 225/382/565 224/380/566
s 3
f 219/375/558 220/376/557 226/383/567 225/382/568
f 220/378/557 221/377/559 227/384/569 226/385/567
f 221/377/561 222/379/560 228/386/570 227/384/571
s 1
f 222/379/562 217/374/554 223/381/564 228/386/572
f 223/381/564 224/380/563 230/387/573 229/388/574
f 224/380/566 225/382/565 231/389/575 230/387/576
s 3
f 225/382/568 226/383/567 232/390/577 231/389/578
f 226/385/567 227/384/569 233/391/579 232/392/577
f 227/384/571 228/386/570 234/393/580 233/391/581
s 1
f 228/386/572 223/381/564 229/388/574 234/393/582
f 229/388/574 230/387/573 236/394/583 235/395/584
f 230/387/576 231/389/575 237/396/585 236/394/586
s 3
f 231/389/578 232/390/577 238/397/587 237/396/588
f 232/392/577 233/391/579 239/398/589 238/399/587
f 233/391/581 234/393/580 240/400/590 239/398/591
s 1
f 234/393/582 229/388/574 235/395/584 240/400/592
f 235/395/584 236/394/583 242/401/593 241/402/594
f 236/394/586 237/396/585 243/403/595 242/401/593
s 3
f 237/396/588 238/397/587 244/404/596 243/403/597
f 238/399/587 239/398/589 245/405/598 244/406/596
f 239/398/591 240/400/590 246/407/599 245/405/598
s 1
f 240/400/592 235/395/584 241/402/594 246/407/600
f 241/402/594 242/401/593 248/408/601 247/409/602
f 242/401/593 243/403/595 249/410/603 248/408/601
s 3
f 243/403/597 244/404/596 250/411/604 249/410/605
f 244/406/596 245/405/598 251/412/606 250/413/604
f 245/405/598 246/407/599 252/414/607 251/412/606
s 1
f 246/407/600 241/402/594 247/409/602 252/414/608
f 247/409/602 248/408/601 254/415/609 253/416/610
f 248/408/601 249/410/603 255/417/611 254/415/609
s 3
f 249/410/605 250/411/604 256/418/612 255/417/613
f 250/413/604 251/412/606 257/419/614 256/420/612
f 251/412/606 252/414/607 258/421/615 257/419/614
s 1
f 252/414/608 247/409/602 253/416/610 258/421/616
f 253/416/610 254/415/609 260/422/617 259/423/618
f 254/415/609 255/417/611 261/424/619 260/422/617
s 3
f 255/417/613 256/418/612 262/425/620 261/424/621
f 256/420/612 257/419/614 263/426/622 262/427/620
f 257/419/614 258/421/615 264/428/623 263/426/622
s 1
f 258/421/616 253/416/610 259/423/618 264/428/624
f 259/423/618 260/422/617 266/429/625 265/430/626
f 260/422/617 261/424/619 267/431/627 266/429/628
s 3
f 261/424/621 262/425/620 268/432/629 267/431/630
f 262/427/620 263/426/622 269/433/631 268/434/629
f 263/426/622 264/428/623 270/435/632 269/433/633
s 1
f 264/428/624 259/423/618 265/430/626 270/435/634
f 265/430/626 266/429/625 272/436/635 271/437/636
f 266/429/628 267/431/627 273/438/637 272/436/638
s 3
f 267/431/630 268/432/629 274/439/639 273/438/640
f 268/434/629 269/433/631 275/440/641 274/441/639
f 269/433/633 270/435/632 276/442/642 275/440/643
s 1
f 270/435/634 265/430/626 271/437/636 276/442/644
f 271/437/636 272/436/635 278/443/645 277/444/646
f 272/436/638 273/438/637 279/445/647 278/443/648
s 3
f 273/438/640 274/439/639 280/446/649 279/445/650
f 274/441/639 275/440/641 281/447/651 280/448/649
f 275/440/643 276/442/642 282/449/652 281/447/653
s 1
f 276/442/644 271/437/636 277/444/646 282/449/654
f 277/444/646 278/443/645 284/450/655 283/451/656
f 278/443/648 279/445/647 285/452/657 284/450/658
s 3
f 279/445/650 280/446/649 286/453/659 285/452/660
f 280/448/649 281/447/651 287/454/661 286/455/659
f 281/447/653 282/449/652 288/456/662 287/454/663
s 1
f 282/449/654 277/444/646 283/451/656 288/456/664
f 283/451/656 284/450/655 290/457/665 289/458/666
f 284/450/658 285/452/657 291/459/667 290/457/668
s 3
f 285/452/660 286/453/659 292/460/669 291/459/670
f 286/455/659 287/454/661 293/461/671 292/462/669
f 287/454/663 288/456/662 294/463/672 293/461/673
s 1
f 288/456/664 283/451/656 289/458/666 294/463/674
f 289/458/666 290/457/665 296/464/675 295/465/676
f 290/457/668 291/459/667 297/466/677 296/464/678
s 3
f 291/459/670 292/460/669 298/467/679 297/466/680
f 292/462/669 293/461/671 299/468/681 298/469/679
f 293/461/673 294/463/672 300/470/682 299/468/683
s 1
f 294/463/674 289/458/666 295/465/676 300/470/684
f 295/465/676 296/464/675 302/471/685 301/472/686
f 296/464/678 297/466/677 303/473/687 302/471/688
s 3
f 297/466/680 298/467/679 304/474/689 303/473/690
f 298/469/679 299/468/681 305/475/691 304/476/689
f 299/468/683 300/470/682 306/477/692 305/475/693
s 1
f 300/470/684 295/465/676 301/472/686 306/477/694
f 301/472/686 302/471/685 308/478/695 307/479/696
f 302/471/688 303/473/687 309/480/697 308/478/698
s 3
f 303/473/690 304/474/689 310/481/699 309/480/700
f 304/476/689 305/475/691 311/482/701 310/483/699
f 305/475/693 306/477/692 312/484/702 311/482/703
s 1
f 306/477/694 301/472/686 307/479/696 312/484/704
f 307/479/696 308/478/695 314/485/705 313/486/706
f 308/478/698 309/480/697 315/487/707 314/485/708
s 3
f 309/480/700 310/481/699 316/488/709 315/487/710
f 310/483/699 311/482/701 317/489/711 316/490/709
f 311/482/703 312/484/702 318/491/712 317/489/713
s 1
f 312/484/704 307/479/696 313/486/706 318/491/714
f 313/486/706 314/485/705 320/492/715 319/493/716
f 314/485/708 315/487/707 321/494/717 320/492/718
s 3
f 315/487/710 316/488/709 322/495/719 321/494/720
f 316/490/709 317/489/711 323/496/721 322/497/719
f 317/489/713 318/491/712 324/498/722 323/496/723
s 1
f 318/491/714 313/486/706 319/493/716 324/498/724
f 319/493/716 320/492/715 326/499/725 325/500/726
f 320/492/718 321/494/717 327/501/727 326/499/728
s 3
f 321/494/720 322/495/719 328/502/729 327/501/730
f 322/497/719 323/496/721 329/503/731 328/504/729
f 323/496/723 324/498/722 330/505/732 329/503/733
s 1
f 324/498/724 319/493/716 325/500/726 330/505/734
f 325/500/726 326/499/725 332/506/735 331/507/736
f 326/499/728 327/501/727 333/508/737 332/506/738
s 3
f 327/501/730 328/502/729 334/509/739 333/508/740
f 328/504/729 329/503/731 335/510/741 334/511/739
f 329/503/733 330/505/732 336/512/742 335/510/743
s 1
f 330/505/734 325/500/726 331/507/736 336/512/744
f 331/507/736 332/506/735 338/513/745 337/514/746
f 332/506/738 333/508/737 339/515/747 338/513/745
s 3
f 333/508/740 334/509/739 340/516/748 339/515/749
f 334/511/739 335/510/741 341/517/750 340/518/748
f 335/510/743 336/512/742 342/519/751 341/517/750
s 1
f 336/512/744 331/507/736 337/514/746 342/519/752
f 337/514/746 338/513/745 344/520/753 343/521/754
f 338/513/745 339/515/747 345/522/755 344/520/753
s 3
f 339/515/749 340/516/748 346/523/756 345/522/757
f 340/518/748 341/517/750 347/524/758 346/525/756
f 341/517/750 342/519/751 348/526/759 347/524/758
s 1
f 342/519/752 337/514/746 343/521/754 348/526/760
s 5
f 349/527/761 350/528/762 356/529/763 355/530/764
f 350/528/765 351/531/766 357/532/767 356/529/768
s 7
f 351/531/769 352/533/770 358/534/771 357/532/772
f 352/533/770 353/535/773 359/536/774 358/534/771
f 353/535/775 354/537/776 360/538/777 359/536/778
s 5
f 354/537/779 349/539/761 355/540/764 360/538/780
f 355/530/764 356/529/763 362/541/781 361/542/782
f 356/529/768 357/532/767 363/543/783 362/541/784
s 7
f 357/532/772 358/534/771 364/544/785 363/543/786
f 358/534/771 359/536/774 365/545/787 364/544/785
f 359/536/778 360/538/777 366/546/788 365/545/789
s 5
f 360/538/780 355/540/764 361/547/782 366/546/790
f 361/542/782 362/541/781 368/548/791 367/549/792
f 362/541/784 363/543/783 369/550/793 368/548/794
s 7
f 363/543/786 364/544/785 370/551/795 369/550/796
f 364/544/785 365/545/787 371/552/797 370/551/795
f 365/545/789 366/546/788 372/553/798 371/552/799
s 5
f 366/546/790 361/547/782 367/554/792 372/553/800
f 367/549/792 368/548/791 374/555/801 373/556/802
f 368/548/794 369/550/793 375/557/803 374/555/804
s 7
f 369/550/796 370/551/795 376/558/805 375/557/806
f 370/551/795 371/552/797 377/559/807 376/558/805
f 371/552/799 372/553/798 378/560/808 377/559/809
s 5
f 372/553/800 367/554/792 373/561/802 378/560/810
f 373/556/802 374/555/801 380/562/811 379/563/812
f 374/555/804 375/557/803 381/564/813 380/562/814
s 7
f 375/557/806 376/558/805 382/565/815 381/564/816
f 376/558/805 377/559/807 383/566/817 382/565/815
f 377/559/809 378/560/808 384/567/818 383/566/819
s 5
f 378/560/810 373/561/802 379/568/812 384/567/820
f 379/563/812 380/562/811 386/569/821 385/570/822
f 380/562/814 381/564/813 387/571/823 386/569/824
s 7
f 381/564/816 382/565/815 388/572/825 387/571/826
f 382/565/815 383/566/817 389/573/827 388/572/825
f 383/566/819 384/567/818 390/574/828 389/573/829
s 5
f 384/567/820 379/568/812 385/575/822 390/574/830
f 385/570/822 386/569/821 392/576/831 391/577/832
f 386/569/824 387/571/823 393/578/833 392/576/834
s 7
f 387/571/826 388/572/825 394/579/835 393/578/836
f 388/572/825 389/573/827 395/580/837 394/579/835
f 389/573/829 390/574/828 396/581/838 395/580/839
s 5
f 390/574/830 385/575/822 391/582/832 396/581/840
f 391/577/832 392/576/831 398/583/841 397/584/842
f 392/576/834 393/578/833 399/585/843 398/583/844
s 7
f 393/578/836 394/579/835 400/586/845 399/585/846
f 394/579/835 395/580/837 401/587/847 400/586/845
f 395/580/839 396/581/838 402/588/848 401/587/849
s 5
f 396/581/840 391/582/832 397/589/842 402/588/850
f 397/584/842 398/583/841 404/590/851 403/591/852
f 398/583/844 399/585/843 405/592/853 404/590/854
s 7
f 399/585/846 400/586/845 406/593/855 405/592/856
f 400/586/845 401/587/847 407/594/857 406/593/855
f 401/587/849 402/588/848 408/595/858 407/594/859
s 5
f 402/588/850 397/589/842 403/596/852 408/595/860
f 403/591/852 404/590/851 410/597/861 409/598/862
f 404/590/854 405/592/853 411/599/863 410/597/864
s 7
f 405/592/856 406/593/855 412/600/865 411/599/866
f 406/593/855 407/594/857 413/601/867 412/600/865
f 407/594/859 408/595/858 414/602/868 413/601/869
s 5
f 408/595/860 403/596/852 409/603/862 414/602/870
f 409/598/862 410/597/861 416/604/871 415/605/872
f 410/597/864 411/599/863 417/606/873 416/604/874
s 7
f 411/599/866 412/600/865 418/607/875 417/606/876
f 412/600/865 413/601/867 419/608/877 418/607/875
f 413/601/869 414/602/868 420/609/878 419/608/879
s 5
f 414/602/870 409/603/862 415/610/872 420/609/880
f 415/605/872 416/604/871 422/611/881 421/612/882
f 416/604/874 417/606/873 423/613/883 422/611/884
s 7
f 417/606/876 418/607/875 424/614/885 423/613/886
f 418/607/875 419/608/877 425/615/887 424/614/885
f 419/608/879 420/609/878 426/616/888 425/615/889
s 5
f 420/609/880 415/610/872 421/617/882 426/616/890
f 421/612/882 422/611/881 428/618/891 427/619/892
f 422/611/884 423/613/883 429/620/893 428/618/894
s 7
f 423/613/886 424/614/885 430/621/895 429/620/896
f 424/614/885 425/615/887 431/622/897 430/621/895
f 425/615/889 426/616/888 432/623/898 431/622/899
s 5
f 426/616/890 421/617/882 427/624/892 432/623/900
f 427/619/892 428/618/891 434/625/901 433/626/902
f 428/618/894 429/620/893 435/627/903 434/625/904
s 7
f 429/620/896 430/621/895 436/628/905 435/627/906
f 430/621/895 431/622/897 437/629/907 436/628/905
f 431/622/899 432/623/898 438/630/908 437/629/909
s 5
f 432/623/900 427/624/892 433/631/902 438/630/910
f 433/626/902 434/625/901 440/632/911 439/633/912
f 434/625/904 435/627/903 441/634/913 440/632/914
s 7
f 435/627/906 436/628/905 442/635/915 441/634/916
f 436/628/905 437/629/907 443/636/917 442/635/915
f 437/629/909 438/630/908 444/637/918 443/636/919
s 5
f 438/630/910 433/631/902 439/638/912 444/637/920
f 439/633/912 440/632/911 446/639/921 445/640/922
f 440/632/914 441/634/913 447/641/923 446/639/921
s 7
f 441/634/916 442/635/915 448/642/924 447/641/925
f 442/635/915 443/636/917 449/643/926 448/642/924
f 443/636/919 444/637/918 450/644/927 449/643/926
s 5
f 444/637/920 439/638/912 445/645/922 450/644/928
f 445/640/922 446/639/921 452/646/929 451/647/930
f 446/639/921 447/641/923 453/648/931 452/646/929
s 7
f 447/641/925 448/642/924 454/649/932 453/648/933
f 448/642/924 449/643/926 455/650/934 454/649/932
f 449/643/926 450/644/927 456/651/935 455/650/934
s 5
f 450/644/928 445/645/922 451/652/930 456/651/936
f 451/647/930 452/646/929 458/653/937 457/654/938
f 452/646/929 453/648/931 459/655/939 458/653/937
s 7
f 453/648/933 454/649/932 460/656/940 459/655/941
f 454/649/932 455/650/934 461/657/942 460/656/940
f 455/650/934 456/651/935 462/658/943 461/657/942
s 5
f 456/651/936 451/652/930 457/659/938 462/658/944
f 457/654/938 458/653/937 464/660/945 463/661/946
f 458/653/937 459/655/939 465/662/947 464/660/945
s 7
f 459/655/941 460/656/940 466/663/948 465/662/949
f 460/656/940 461/657/942 467/664/950 466/663/948
f 461/657/942 462/658/943 468/665/951 467/664/950
s 5
f 462/658/944 457/659/938 463/666/946 468/665/952
f 463/661/946 464/660/945 470/667/953 469/668/954
f 464/660/945 465/662/947 471/669/955 470/667/956
s 7
f 465/662/949 466/663/948 472/670/957 471/669/958
f 466/663/948 467/664/950 473/671/959 472/670/957
f 467/664/950 468/665/951 474/672/960 473/671/961
s 5
f 468/665/952 463/666/946 469/673/954 474/672/962
f 469/668/954 470/667/953 476/674/963 475/675/964
f 470/667/956 471/669/955 477/676/965 476/674/966
s 7
f 471/669/958 472/670/957 478/677/967 477/676/968
f 472/670/957 473/671/959 479/678/969 478/677/967
f 473/671/961 474/672/960 480/679/970 479/678/971
s 5
f 474/672/962 469/673/954 475/680/964 480/679/972
f 475/675/964 476/674/963 482/681/973 481/682/974
f 476/674/966 477/676/965 483/683/975 482/681/976
s 7
f 477/676/968 478/677/967 484/684/977 483/683/978
f 478/677/967 479/678/969 485/685/979 484/684/977
f 479/678/971 480/679/970 486/686/980 485/685/981
s 5
f 480/679/972 475/680/964 481/687/974 486/686/982
f 481/682/974 482/681/973 488/688/983 487/689/984
f 482/681/976 483/683/975 489/690/985 488/688/986
s 7
f 483/683/978 484/684/977 490/691/987 489/690/988
f 484/684/977 485/685/979 491/692/989 490/691/987
f 485/685/981 486/686/980 492/693/990 491/692/991
s 5
f 486/686/982 481/687/974 487/694/984 492/693/992
f 487/689/984 488/688/983 494/695/993 493/696/994
f 488/688/986 489/690/985 495/697/995 494/695/996
s 7
f 489/690/988 490/691/987 496/698/997 495/697/998
f 490/691/987 491/692/989 497/699/999 496/698/997
f 491/692/991 492/693/990 498/700/1000 497/699/1001
s 5
f 492/693/992 487/694/984 493/701/994 498/700/1002
f 493/696/994 494/695/993 500/702/1003 499/703/1004
f 494/695/996 495/697/995 501/704/1005 500/702/1006
s 7
f 495/697/998 496/698/997 502/705/1007 501/704/1008
f 496/698/997 497/699/999 503/706/1009 502/705/1007
f 497/699/1001 498/700/1000 504/707/1010 503/706/1011
s 5
f 498/700/1002 493/701/994 499/708/1004 504/707/1012
f 499/703/1004 500/702/1003 506/709/1013 505/710/1014
f 500/702/1006 501/704/1005 507/711/1015 506/709/1016
s 7
f 501/704/1008 502/705/1007 508/712/1017 507/711/1018
f 502/705/1007 503/706/1009 509/713/1019 508/712/1017
f 503/706/1011 504/707/1010 510/714/1020 509/713/1021
s 5
f 504/707/1012 499/708/1004 505/715/1014 510/714/1022
f 505/710/1014 506/709/1013 512/716/1023 511/717/1024
f 506/709/1016 507/711/1015 513/718/1025 512/716/1026
s 7
f 507/711/1018 508/712/1017 514/719/1027 513/718/1028
f 508/712/1017 509/713/1019 515/720/1029 514/719/1027
f 509/713/1021 510/714/1020 516/721/1030 515/720/1031
s 5
f 510/714/1022 505/715/1014 511/722/1024 516/721/1032
f 511/717/1024 512/716/1023 518/723/1033 517/724/1034
f 512/716/1026 513/718/1025 519/725/1035 518/723/1036
s 7
f 513/718/1028 514/719/1027 520/726/1037 519/725/1038
f 514/719/1027 515/720/1029 521/727/1039 520/726/1037
f 515/720/1031 516/721/1030 522/728/1040 521/727/1041
s 5
f 516/721/1032 511/722/1024 517/729/1034 522/728/1042
f 517/724/1034 518/723/1033 524/730/1043 523/731/1044
f 518/723/1036 519/725/1035 525/732/1045 524/730/1046
s 7
f 519/725/1038 520/726/1037 526/733/1047 525/732/1048
f 520/726/1037 521/727/1039 527/734/1049 526/733/1047
f 521/727/1041 522/728/1040 528/735/1050 527/734/1051
s 5
f 522/728/1042 517/729/1034 523/736/1044 528/735/1052
f 523/731/1044 524/730/1043 530/737/1053 529/738/1054
f 524/730/1046 525/732/1045 531/739/1055 530/737/1056
s 7
f 525/732/1048 526/733/1047 532/740/1057 531/739/1058
f 526/733/1047 527/734/1049 533/741/1059 532/740/1057
f 527/734/1051 528/735/1050 534/742/1060 533/741/1061
s 5
f 528/735/1052 523/736/1044 529/743/1054 534/742/1062
f 529/738/1054 530/737/1053 536/744/1063 535/745/1064
f 530/737/1056 531/739/1055 537/746/1065 536/744/1066
s 7
f 531/739/1058 532/740/1057 538/747/1067 537/746/1068
f 532/740/1057 533/741/1059 539/748/1069 538/747/1067
f 533/741/1061 534/742/1060 540/749/1070 539/748/1071
s 5
f 534/742/1062 529/743/1054 535/750/1064 540/749/1072
f 535/745/1064 536/744/1063 542/751/1073 541/752/1074
f 536/744/1066 537/746/1065 543/753/1075 542/751/1073
s 7
f 537/746/1068 538/747/1067 544/754/1076 543/753/1077
f 538/747/1067 539/748/1069 545/755/1078 544/754/1076
f 539/748/1071 540/749/1070 546/756/1079 545/755/1078
s 5
f 540/749/1072 535/750/1064 541/757/1074 546/756/1080
f 541/752/1074 542/751/1073 548/758/1081 547/759/1082
f 542/751/1073 543/753/1075 549/760/1083 548/758/1081
s 7
f 543/753/1077 544/754/1076 550/761/1084 549/760/1085
f 544/754/1076 545/755/1078 551/762/1086 550/761/1084
f 545/755/1078 546/756/1079 552/763/1087 551/762/1086
s 5
f 546/756/1080 541/757/1074 547/764/1082 552/763/1088
s 9
f 553/765/1089 554/766/1090 560/767/1091 559/768/1092
f 554/766/1093 555/769/1094 561/770/1095 560/767/1096
s 11
f 555/769/1097 556/771/1098 562/772/1099 561/770/1100
f 556/771/1098 557/773/1101 563/774/1102 562/772/1099
f 557/773/1103 558/775/1104 564/776/1105 563/774/1106
s 9
f 558/775/1107 553/777/1089 559/778/1092 564/776/1108
f 559/768/1092 560/767/1091 566/779/1109 565/780/1110
f 560/767/1096 561/770/1095 567/781/1111 566/779/1112
s 11
f 561/770/1100 562/772/1099 568/782/1113 567/781/1114
f 562/772/1099 563/774/1102 569/783/1115 568/782/1113
f 563/774/1106 564/776/1105 570/784/1116 569/783/1117
s 9
f 564/776/1108 559/778/1092 565/785/1110 570/784/1118
f 565/780/1110 566/779/1109 572/786/1119 571/787/1120
f 566/779/1112 567/781/1111 573/788/1121 572/786/1122
s 11
f 567/781/1114 568/782/1113 574/789/1123 573/788/1124
f 568/782/1113 569/783/1115 575/790/1125 574/789/1123
f 569/783/1117 570/784/1116 576/791/1126 575/790/1127
s 9
f 570/784/1118 565/785/1110 571/792/1120 576/791/1128
f 571/787/1120 572/786/1119 578/793/1129 577/794/1130
f 572/786/1122 573/788/1121 579/795/1131 578/793/1132
s 11
f 573/788/1124 574/789/1123 580/796/1133 579/795/1134
f 574/789/1123 575/790/1125 581/797/1135 580/796/1133
f 575/790/1127 576/791/1126 582/798/1136 581/797/1137
s 9
f 576/791/1128 571/792/1120 577/799/1130 582/798/1138
f 577/794/1130 578/793/1129 584/800/1139 583/801/1140
f 578/793/1132 579/795/1131 585/802/1141 584/800/1142
s 11
f 579/795/1134 580/796/1133 586/803/1143 585/802/1144
f 580/796/1133 581/797/1135 587/804/1145 586/803/1143
f 581/797/1137 582/798/1136 588/805/1146 587/804/1147
s 9
f 582/798/1138 577/799/1130 583/806/1140 588/805/1148
f 583/801/1140 584/800/1139 590/807/1149 589/808/1150
f 584/800/1142 585/802/1141 591/809/1151 590/807/1152
s 11
f 585/802/1144 586/803/1143 592/810/1153 591/809/1154
f 586/803/1143 587/804/1145 593/811/1155 592/810/1153
f 587/804/1147 588/805/1146 594/812/1156 593/811/1157
s 9
f 588/805/1148 583/806/1140 589/813/1150 594/812/1158
f 589/808/1150 590/807/1149 596/814/1159 595/815/1160
f 590/807/1152 591/809/1151 597/816/1161 596/814/1162
s 11
f 591/809/1154 592/810/1153 598/817/1163 597/816/1164
f 592/810/1153 593/811/1155 599/818/1165 598/817/1163
f 593/811/1157 594/812/1156 600/819/1166 599/818/1167
s 9
f 594/812/1158 589/813/1150 595/820/1160 600/819/1168
f 595/815/1160 596/814/1159 602/821/1169 601/822/1170
f 596/814/1162 597/816/1161 603/823/1171 602/821/1172
s 11
f 597/816/1164 598/817/1163 604/824/1173 603/823/1174
f 598/817/1163 599/818/1165 605/825/1175 604/824/1173
f 599/818/1167 600/819/1166 606/826/1176 605/825/1177
s 9
f 600/819/1168 595/820/1160 601/827/1170 606/826/1178
f 601/822/1170 602/821/1169 608/828/1179 607/829/1180
f 602/821/1172 603/823/1171 609/830/1181 608/828/1182
s 11
f 603/823/1174 604/824/1173 610/831/1183 609/830/1184
f 604/824/1173 605/825/1175 611/832/1185 610/831/1183
f 605/825/1177 606/826/1176 612/833/1186 611/832/1187
s 9
f 606/826/1178 601/827/1170 607/834/1180 612/833/1188
f 607/829/1180 608/828/1179 614/835/1189 613/836/1190
f 608/828/1182 609/830/1181 615/837/1191 614/835/1192
s 11
f 609/830/1184 610/831/1183 616/838/1193 615/837/1194
f 610/831/1183 611/832/1185 617/839/1195 616/838/1193
f 611/832/1187 612/833/1186 618/840/1196 617/839/1197
s 9
f 612/833/1188 607/834/1180 613/841/1190 618/840/1198
f 613/836/1190 614/835/1189 620/842/1199 619/843/1200
f 614/835/1192 615/837/1191 621/844/1201 620/842/1202
s 11
f 615/837/1194 616/838/1193 622/845/1203 621/844/1204
f 616/838/1193 617/839/1195 623/846/1205 622/845/1203
f 617/839/1197 618/840/1196 624/847/1206 623/846/1207
s 9
f 618/840/1198 613/841/1190 619/848/1200 624/847/1208
f 619/843/1200 620/842/1199 626/849/1209 625/850/1210
f 620/842/1202 621/844/1201 627/851/1211 626/849/1212
s 11
f 621/844/1204 622/845/1203 628/852/1213 627/851/1214
f 622/845/1203 623/846/1205 629/853/1215 628/852/1213
f 623/846/1207 624/847/1206 630/854/1216 629/853/1217
s 9
f 624/847/1208 619/848/1200 625/855/1210 630/854/1218
f 625/850/1210 626/849/1209 632/856/1219 631/857/1220
f 626/849/1212 627/851/1211 633/858/1221 632/856/1222
s 11
f 627/851/1214 628/852/1213 634/859/1223 633/858/1224
f 628/852/1213 629/853/1215 635/860/1225 634/859/1223
f 629/853/1217 630/854/1216 636/861/1226 635/860/1227
s 9
f 630/854/1218 625/855/1210 631/862/1220 636/861/1228
f 631/857/1220 632/856/1219 638/863/1229 637/864/1230
f 632/856/1222 633/858/1221 639/865/1231 638/863/1232
s 11
f 633/858/1224 634/859/1223 640/866/1233 639/865/1234
f 634/859/1223 635/860/1225 641/867/1235 640/866/1233
f 635/860/1227 636/861/1226 642/868/1236 641/867/1237
s 9
f 636/861/1228 631/862/1220 637/869/1230 642/868/1238
f 637/864/1230 638/863/1229 644/870/1239 643/871/1240
f 638/863/1232 639/865/1231 645/872/1241 644/870/1242
s 11
f 639/865/1234 640/866/1233 646/873/1243 645/872/1244
f 640/866/1233 641/867/1235 647/874/1245 646/873/1243
f 641/867/1237 642/868/1236 648/875/1246 647/874/1247
s 9
f 642/868/1238 637/869/1230 643/876/1240 648/875/1248
f 643/871/1240 644/870/1239 650/877/1249 649/878/1250
f 644/870/1242 645/872/1241 651/879/1251 650/877/1249
s 11
f 645/872/1244 646/873/1243 652/880/1252 651/879/1253
f 646/873/1243 647/874/1245 653/881/1254 652/880/1252
f 647/874/1247 648/875/1246 654/882/1255 653/881/1254
s 9
f 648/875/1248 643/876/1240 649/883/1250 654/882/1256
f 649/878/1250 650/877/1249 656/884/1257 655/885/1258
f 650/877/1249 651/879/1251 657/886/1259 656/884/1257
s 11
f 651/879/1253 652/880/1252 658/887/1260 657/886/1261
f 652/880/1252 653/881/1254 659/888/1262 658/887/1260
f 653/881/1254 654/882/1255 660/889/1263 659/888/1262
s 9
f 654/882/1256 649/883/1250 655/890/1258 660/889/1264
f 655/885/1258 656/884/1257 662/891/1265 661/892/1266
f 656/884/1257 657/886/1259 663/893/1267 662/891/1265
s 11
f 657/886/1261 658/887/1260 664/894/1268 663/893/1269
f 658/887/1260 659/888/1262 665/895/1270 664/894/1268
f 659/888/1262 660/889/1263 666/896/1271 665/895/1270
s 9
f 660/889/1264 655/890/1258 661/897/1266 666/896/1272
f 661/892/1266 662/891/1265 668/898/1273 667/899/1274
f 662/891/1265 663/893/1267 669/900/1275 668/898/1273
s 11
f 663/893/1269 664/894/1268 670/901/1276 669/900/1277
f 664/894/1268 665/895/1270 671/902/1278 670/901/1276
f 665/895/1270 666/896/1271 672/903/1279 671/902/1278
s 9
f 666/896/1272 661/897/1266 667/904/1274 672/903/1280
f 667/899/1274 668/898/1273 674/905/1281 673/906/1282
f 668/898/1273 669/900/1275 675/907/1283 674/905/1284
s 11
f 669/900/1277 670/901/1276 676/908/1285 675/907/1286
f 670/901/1276 671/902/1278 677/909/1287 676/908/1285
f 671/902/1278 672/903/1279 678/910/1288 677/909/1289
s 9
f 672/903/1280 667/904/1274 673/911/1282 678/910/1290
f 673/906/1282 674/905/1281 680/912/1291 679/913/1292
f 674/905/1284 675/907/1283 681/914/1293 680/912/1294
s 11
f 675/907/1286 676/908/1285 682/915/1295 681/914/1296
f 676/908/1285 677/909/1287 683/916/1297 682/915/1295
f 677/909/1289 678/910/1288 684/917/1298 683/916/1299
s 9
f 678/910/1290 673/911/1282 679/918/1292 684/917/1300
f 679/913/1292 680/912/1291 686/919/1301 685/920/1302
f 680/912/1294 681/914/1293 687/921/1303 686/919/1304
s 11
f 681/914/1296 682/915/1295 688/922/1305 687/921/1306
f 682/915/1295 683/916/1297 689/923/1307 688/922/1305
f 683/916/1299 684/917/1298 690/924/1308 689/923/1309
s 9
f 684/917/1300 679/918/1292 685/925/1302 690/924/1310
f 685/920/1302 686/919/1301 692/926/1311 691/927/1312
f 686/919/1304 687/921/1303 693/928/1313 692/926/1314
s 11
f 687/921/1306 688/922/1305 694/929/1315 693/928/1316
f 688/922/1305 689/923/1307 695/930/1317 694/929/1315
f 689/923/1309 690/924/1308 696/931/1318 695/930/1319
s 9
f 690/924/1310 685/925/1302 691/932/1312 696/931/1320
f 691/927/1312 692/926/1311 698/933/1321 697/934/1322
f 692/926/1314 693/928/1313 699/935/1323 698/933/1324
s 11
f 693/928/1316 694/929/1315 700/936/1325 699/935/1326
f 694/929/1315 695/930/1317 701/937/1327 700/936/1325
f 695/930/1319 696/931/1318 702/938/1328 701/937/1329
s 9
f 696/931/1320 691/932/1312 697/939/1322 702/938/1330
f 697/934/1322 698/933/1321 704/940/1331 703/941/1332
f 698/933/1324 699/935/1323 705/942/1333 704/940/1334
s 11
f 699/935/1326 700/936/1325 706/943/1335 705/942/1336
f 700/936/1325 701/937/1327 707/944/1337 706/943/1335
f 701/937/1329 702/938/1328 708/945/1338 707/944/1339
s 9
f 702/938/1330 697/939/1322 703/946/1332 708/945/1340
f 703/941/1332 704/940/1331 710/947/1341 709/948/1342
f 704/940/1334 705/942/1333 711/949/1343 710/947/1344
s 11
f 705/942/1336 706/943/1335 712/950/1345 711/949/1346
f 706/943/1335 707/944/1337 713/951/1347 712/950/1345
f 707/944/1339 708/945/1338 714/952/1348 713/951/1349
s 9
f 708/945/1340 703/946/1332 709/953/1342 714/952/1350
f 709/948/1342 710/947/1341 716/954/1351 715/955/1352
f 710/947/1344 711/949/1343 717/956/1353 716/954/1354
s 11
f 711/949/1346 712/950/1345 718/957/1355 717/956/1356
f 712/950/1345 713/951/1347 719/958/1357 718/957/1355
f 713/951/1349 714/952/1348 720/959/1358 719/958/1359
s 9
f 714/952/1350 709/953/1342 715/960/1352 720/959/1360
f 715/955/1352 716/954/1351 722/961/1361 721/962/1362
f 716/954/1354 717/956/1353 723/963/1363 722/961/1364
s 11
f 717/956/1356 718/957/1355 724/964/1365 723/963/1366
f 718/957/1355 719/958/1357 725/965/1367 724/964/1365
f 719/958/1359 720/959/1358 726/966/1368 725/965/1369
s 9
f 720/959/1360 715/960/1352 721/967/1362 726/966/1370
f 721/962/1362 722/961/1361 728/968/1371 727/969/1372
f 722/961/1364 723/963/1363 729/970/1373 728/968/1374
s 11
f 723/963/1366 724/964/1365 730/971/1375 729/970/1376
f 724/964/1365 725/965/1367 731/972/1377 730/971/1375
f 725/965/1369 726/966/1368 732/973/1378 731/972/1379
s 9
f 726/966/1370 721/967/1362 727/974/1372 732/973/1380
f 727/969/1372 728/968/1371 734/975/1381 733/976/1382
f 728/968/1374 729/970/1373 735/977/1383 734/975/1384
s 11
f 729/970/1376 730/971/1375 736/978/1385 735/977/1386
f 730/971/1375 731/972/1377 737/979/1387 736/978/1385
f 731/972/1379 732/973/1378 738/980/1388 737/979/1389
s 9
f 732/973/1380 727/974/1372 733/981/1382 738/980/1390
f 733/976/1382 734/975/1381 740/982/1391 739/983/1392
f 734/975/1384 735/977/1383 741/984/1393 740/982/1394
s 11
f 735/977/1386 736/978/1385 742/985/1395 741/984/1396
f 736/978/1385 737/979/1387 743/986/1397 742/985/1395
f 737/979/1389 738/980/1388 744/987/1398 743/986/1399
s 9
f 738/980/1390 733/981/1382 739/988/1392 744/987/1400
f 739/983/1392 740/982/1391 746/989/1401 745/990/1402
f 740/982/1394 741/984/1393 747/991/1403 746/989/1401
s 11
f 741/984/1396 742/985/1395 748/992/1404 747/991/1405
f 742/985/1395 743/986/1397 749/993/1406 748/992/1404
f 743/986/1399 744/987/1398 750/994/1407 749/993/1406
s 9
f 744/987/1400 739/988/1392 745/995/1402 750/994/1408
f 745/990/1402 746/989/1401 752/996/1409 751/997/1410
f 746/989/1401 747/991/1403 753/998/1411 752/996/1409
s 11
f 747/991/1405 748/992/1404 754/999/1412 753/998/1413
f 748/992/1404 749/993/1406 755/1000/1414 754/999/1412
f 749/993/1406 750/994/1407 756/1001/1415 755/1000/1414
s 9
f 750/994/1408 745/995/1402 751/1002/1410 756/1001/1416
s 13
f 757/1003/1417 758/1004/1418 764/1005/1419 763/1006/1420
f 758/1004/1421 759/1007/1422 765/1008/1423 764/1005/1424
s 15
f 759/1007/1425 760/1009/1426 766/1010/1427 765/1008/1428
f 760/1009/1426 761/1011/1429 767/1012/1430 766/1010/1427
f 761/1011/1431 762/1013/1432 768/1014/1433 767/1012/1434
s 13
f 762/1013/1435 757/1015/1417 763/1016/1420 768/1014/1436
f 763/1006/1420 764/1005/1419 770/1017/1437 769/1018/1438
f 764/1005/1424 765/1008/1423 771/1019/1439 770/1017/1440
s 15
f 765/1008/1428 766/1010/1427 772/1020/1441 771/1019/1442
f 766/1010/1427 767/1012/1430 773/1021/1443 772/1020/1441
f 767/1012/1434 768/1014/1433 774/1022/1444 773/1021/1445
s 13
f 768/1014/1436 763/1016/1420 769/1023/1438 774/1022/1446
f 769/1018/1438 770/1017/1437 776/1024/1447 775/1025/1448
f 770/1017/1440 771/1019/1439 777/1026/1449 776/1024/1450
s 15
f 771/1019/1442 772/1020/1441 778/1027/1451 777/1026/1452
f 772/1020/1441 773/1021/1443 779/1028/1453 778/1027/1451
f 773/1021/1445 774/1022/1444 780/1029/1454 779/1028/1455
s 13
f 774/1022/1446 769/1023/1438 775/1030/1448 780/1029/1456
f 775/1025/1448 776/1024/1447 782/1031/1457 781/1032/1458
f 776/1024/1450 777/1026/1449 783/1033/1459 782/1031/1460
s 15
f 777/1026/1452 778/1027/1451 784/1034/1461 783/1033/1462
f 778/1027/1451 779/1028/1453 785/1035/1463 784/1034/1461
f 779/1028/1455 780/1029/1454 786/1036/1464 785/1035/1465
s 13
f 780/1029/1456 775/1030/1448 781/1037/1458 786/1036/1466
f 781/1032/1458 782/1031/1457 788/1038/1467 787/1039/1468
f 782/1031/1460 783/1033/1459 789/1040/1469 788/1038/1470
s 15
f 783/1033/1462 784/1034/1461 790/1041/1471 789/1040/1472
f 784/1034/1461 785/1035/1463 791/1042/1473 790/1041/1471
f 785/1035/1465 786/1036/1464 792/1043/1474 791/1042/1475
s 13
f 786/1036/1466 781/1037/1458 787/1044/1468 792/1043/1476
f 787/1039/1468 788/1038/1467 794/1045/1477 793/1046/1478
f 788/1038/1470 789/1040/1469 795/1047/1479 794/1045/1480
s 15
f 789/1040/1472 790/1041/1471 796/1048/1481 795/1047/1482
f 790/1041/1471 791/1042/1473 797/1049/1483 796/1048/1481
f 791/1042/1475 792/1043/1474 798/1050/1484 797/1049/1485
s 13
f 792/1043/1476 787/1044/1468 793/1051/1478 798/1050/1486
f 793/1046/1478 794/1045/1477 800/1052/1487 799/1053/1488
f 794/1045/1480 795/1047/1479 801/1054/1489 800/1052/1490
s 15
f 795/1047/1482 796/1048/1481 802/1055/1491 801/1054/1492
f 796/1048/1481 797/1049/1483 803/1056/1493 802/1055/1491
f 797/1049/1485 798/1050/1484 804/1057/1494 803/1056/1495
s 13
f 798/1050/1486 793/1051/1478 799/1058/1488 804/1057/1496
f 799/1053/1488 800/1052/1487 806/1059/1497 805/1060/1498
f 800/1052/1490 801/1054/1489 807/1061/1499 806/1059/1500
s 15
f 801/1054/1492 802/1055/1491 808/1062/1501 807/1061/1502
f 802/1055/1491 803/1056/1493 809/1063/1503 808/1062/1501
f 803/1056/1495 804/1057/1494 810/1064/1504 809/1063/1505
s 13
f 804/1057/1496 799/1058/1488 805/1065/1498 810/1064/1506
f 805/1060/1498 806/1059/1497 812/1066/1507 811/1067/1508
f 806/1059/1500 807/1061/1499 813/1068/1509 812/1066/1510
s 15
f 807/1061/1502 808/1062/1501 814/1069/1511 813/1068/1512
f 808/1062/1501 809/1063/1503 815/1070/1513 814/1069/1511
f 809/1063/1505 810/1064/1504 816/1071/1514 815/1070/1515
s 13
f 810/1064/1506 805/1065/1498 811/1072/1508 816/1071/1516
f 811/1067/1508 812/1066/1507 818/1073/1517 817/1074/1518
f 812/1066/1510 813/1068/1509 819/1075/1519 818/1073/1520
s 15
f 813/1068/1512 814/1069/1511 820/1076/1521 819/1075/1522
f 814/1069/1511 815/1070/1513 821/1077/1523 820/1076/1521
f 815/1070/1515 816/1071/1514 822/1078/1524 821/1077/1525
s 13
f 816/1071/1516 811/1072/1508 817/1079/1518 822/1078/1526
f 817/1074/1518 818/1073/1517 824/1080/1527 823/1081/1528
f 818/1073/1520 819/1075/1519 825/1082/1529 824/1080/1530
s 15
f 819/1075/1522 820/1076/1521 826/1083/1531 825/1082/1532
f 820/1076/1521 821/1077/1523 827/1084/1533 826/1083/1531
f 821/1077/1525 822/1078/1524 828/1085/1534 827/1084/1535
s 13
f 822/1078/1526 817/1079/1518 823/1086/1528 828/1085/1536
f 823/1081/1528 824/1080/1527 830/1087/1537 829/1088/1538
f 824/1080/1530 825/1082/1529 831/1089/1539 830/1087/1540
s 15
f 825/1082/1532 826/1083/1531 832/1090/1541 831/1089/1542
f 826/1083/1531 827/1084/1533 833/1091/1543 832/1090/1541
f 827/1084/1535 828/1085/1534 834/1092/1544 833/1091/1545
s 13
f 828/1085/1536 823/1086/1528 829/1093/1538 834/1092/1546
f 829/1088/1538 830/1087/1537 836/1094/1547 835/1095/1548
f 830/1087/1540 831/1089/1539 837/1096/1549 836/1094/1550
s 15
f 831/1089/1542 832/1090/1541 838/1097/1551 837/1096/1552
f 832/1090/1541 833/1091/1543 839/1098/1553 838/1097/1551
f 833/1091/1545 834/1092/1544 840/1099/1554 839/1098/1555
s 13
f 834/1092/1546 829/1093/1538 835/1100/1548 840/1099/1556
f 835/1095/1548 836/1094/1547 842/1101/1557 841/1102/1558
f 836/1094/1550 837/1096/1549 843/1103/1559 842/1101/1560
s 15
f 837/1096/1552 838/1097/1551 844/1104/1561 843/1103/1562
f 838/1097/1551 839/1098/1553 845/1105/1563 844/1104/1561
f 839/1098/1555 840/1099/1554 846/1106/1564 845/1105/1565
s 13
f 840/1099/1556 835/1100/1548 841/1107/1558 846/1106/1566
f 841/1102/1558 842/1101/1557 848/1108/1567 847/1109/1568
f 842/1101/1560 843/1103/1559 849/1110/1569 848/1108/1570
s 15
f 843/1103/1562 844/1104/1561 850/1111/1571 849/1110/1572
f 844/1104/1561 845/1105/1563 851/1112/1573 850/1111/1571
f 845/1105/1565 846/1106/1564 852/1113/1574 851/1112/1575
s 13
f 846/1106/1566 841/1107/1558 847/1114/1568 852/1113/1576
f 847/1109/1568 848/1108/1567 854/1115/1577 853/1116/1578
f 848/1108/1570 849/1110/1569 855/1117/1579 854/1115/1577
s 15
f 849/1110/1572 850/1111/1571 856/1118/1580 855/1117/1581
f 850/1111/1571 851/1112/1573 857/1119/1582 856/1118/1580
f 851/1112/1575 852/1113/1574 858/1120/1583 857/1119/1582
s 13
f 852/1113/1576 847/1114/1568 853/1121/1578 858/1120/1584
f 853/1116/1578 854/1115/1577 860/1122/1585 859/1123/1586
f 854/1115/1577 855/1117/1579 861/1124/1587 860/1122/1585
s 15
f 855/1117/1581 856/1118/1580 862/1125/1588 861/1124/1589
f 856/1118/1580 857/1119/1582 863/1126/1590 862/1125/1588
f 857/1119/1582 858/1120/1583 864/1127/1591 863/1126/1590
s 13
f 858/1120/1584 853/1121/1578 859/1128/1586 864/1127/1592
f 859/1123/1586 860/1122/1585 866/1129/1593 865/1130/1594
f 860/1122/1585 861/1124/1587 867/1131/1595 866/1129/1593
s 15
f 861/1124/1589 862/1125/1588 868/1132/1596 867/1131/1597
f 862/1125/1588 863/1126/1590 869/1133/1598 868/1132/1596
f 863/1126/1590 864/1127/1591 870/1134/1599 869/1133/1598
s 13
f 864/1127/1592 859/1128/1586 865/1135/1594 870/1134/1600
f 865/1130/1594 866/1129/1593 872/1136/1601 871/1137/1602
f 866/1129/1593 867/1131/1595 873/1138/1603 872/1136/1601
s 15
f 867/1131/1597 868/1132/1596 874/1139/1604 873/1138/1605
f 868/1132/1596 869/1133/1598 875/1140/1606 874/1139/1604
f 869/1133/1598 870/1134/1599 876/1141/1607 875/1140/1606
s 13
f 870/1134/1600 865/1135/1594 871/1142/1602 876/1141/1608
f 871/1137/1602 872/1136/1601 878/1143/1609 877/1144/1610
f 872/1136/1601 873/1138/1603 879/1145/1611 878/1143/1612
s 15
f 873/1138/1605 874/1139/1604 880/1146/1613 879/1145/1614
f 874/1139/1604 875/1140/1606 881/1147/1615 880/1146/1613
f 875/1140/1606 876/1141/1607 882/1148/1616 881/1147/1617
s 13
f 876/1141/1608 871/1142/1602 877/1149/1610 882/1148/1618
f 877/1144/1610 878/1143/1609 884/1150/1619 883/1151/1620
f 878/1143/1612 879/1145/1611 885/1152/1621 884/1150/1622
s 15
f 879/1145/1614 880/1146/1613 886/1153/1623 885/1152/1624
f 880/1146/1613 881/1147/1615 887/1154/1625 886/1153/1623
f 881/1147/1617 882/1148/1616 888/1155/1626 887/1154/1627
s 13
f 882/1148/1618 877/1149/1610 883/1156/1620 888/1155/1628
f 883/1151/1620 884/1150/1619 890/1157/1629 889/1158/1630
f 884/1150/1622 885/1152/1621 891/1159/1631 890/1157/1632
s 15
f 885/1152/1624 886/1153/1623 892/1160/1633 891/1159/1634
f 886/1153/1623 887/1154/1625 893/1161/1635 892/1160/1633
f 887/1154/1627 888/1155/1626 894/1162/1636 893/1161/1637
s 13
f 888/1155/1628 883/1156/1620 889/1163/1630 894/1162/1638
f 889/1158/1630 890/1157/1629 896/1164/1639 895/1165/1640
f 890/1157/1632 891/1159/1631 897/1166/1641 896/1164/1642
s 15
f 891/1159/1634 892/1160/1633 898/1167/1643 897/1166/1644
f 892/1160/1633 893/1161/1635 899/1168/1645 898/1167/1643
f 893/1161/1637 894/1162/1636 900/1169/1646 899/1168/1647
s 13
f 894/1162/1638 889/1163/1630 895/1170/1640 900/1169/1648
f 895/1165/1640 896/1164/1639 902/1171/1649 901/1172/1650
f 896/1164/1642 897/1166/1641 903/1173/1651 902/1171/1652
s 15
f 897/1166/1644 898/1167/1643 904/1174/1653 903/1173/1654
f 898/1167/1643 899/1168/1645 905/1175/1655 904/1174/1653
f 899/1168/1647 900/1169/1646 906/1176/1656 905/1175/1657
s 13
f 900/1169/1648 895/1170/1640 901/1177/1650 906/1176/1658
f 901/1172/1650 902/1171/1649 908/1178/1659 907/1179/1660
f 902/1171/1652 903/1173/1651 909/1180/1661 908/1178/1662
s 15
f 903/1173/1654 904/1174/1653 910/1181/1663 909/1180/1664
f 904/1174/1653 905/1175/1655 911/1182/1665 910/1181/1663
f 905/1175/1657 906/1176/1656 912/1183/1666 911/1182/1667
s 13
f 906/1176/1658 901/1177/1650 907/1184/1660 912/1183/1668
f 907/1179/1660 908/1178/1659 914/1185/1669 913/1186/1670
f 908/1178/1662 909/1180/1661 915/1187/1671 914/1185/1672
s 15
f 909/1180/1664 910/1181/1663 916/1188/1673 915/1187/1674
f 910/1181/1663 911/1182/1665 917/1189/1675 916/1188/1673
f 911/1182/1667 912/1183/1666 918/1190/1676 917/1189/1677
s 13
f 912/1183/1668 907/1184/1660 913/1191/1670 918/1190/1678
f 913/1186/1670 914/1185/1669 920/1192/1679 919/1193/1680
f 914/1185/1672 915/1187/1671 921/1194/1681 920/1192/1682
s 15
f 915/1187/1674 916/1188/1673 922/1195/1683 921/1194/1684
f 916/1188/1673 917/1189/1675 923/1196/1685 922/1195/1683
f 917/1189/1677 918/1190/1676 924/1197/1686 923/1196/1687
s 13
f 918/1190/1678 913/1191/1670 919/1198/1680 924/1197/1688
f 919/1193/1680 920/1192/1679 926/1199/1689 925/1200/1690
f 920/1192/1682 921/1194/1681 927/1201/1691 926/1199/1692
s 15
f 921/1194/1684 922/1195/1683 928/1202/1693 927/1201/1694
f 922/1195/1683 923/1196/1685 929/1203/1695 928/1202/1693
f 923/1196/1687 924/1197/1686 930/1204/1696 929/1203/1697
s 13
f 924/1197/1688 919/1198/1680 925/1205/1690 930/1204/1698
f 925/1200/1690 926/1199/1689 932/1206/1699 931/1207/1700
f 926/1199/1692 927/1201/1691 933/1208/1701 932/1206/1702
s 15
f 927/1201/1694 928/1202/1693 934/1209/1703 933/1208/1704
f 928/1202/1693 929/1203/1695 935/1210/1705 934/1209/1703
f 929/1203/1697 930/1204/1696 936/1211/1706 935/1210/1707
s 13
f 930/1204/1698 925/1205/1690 931/1212/1700 936/1211/1708
f 931/1207/1700 932/1206/1699 938/1213/1709 937/1214/1710
f 932/1206/1702 933/1208/1701 939/1215/1711 938/1213/1712
s 15
f 933/1208/1704 934/1209/1703 940/1216/1713 939/1215/1714
f 934/1209/1703 935/1210/1705 941/1217/1715 940/1216/1713
f 935/1210/1707 936/1211/1706 942/1218/1716 941/1217/1717
s 13
f 936/1211/1708 931/1212/1700 937/1219/1710 942/1218/1718
f 937/1214/1710 938/1213/1709 944/1220/1719 943/1221/1720
f 938/1213/1712 939/1215/1711 945/1222/1721 944/1220/1722
s 15
f 939/1215/1714 940/1216/1713 946/1223/1723 945/1222/1724
f 940/1216/1713 941/1217/1715 947/1224/1725 946/1223/1723
f 941/1217/1717 942/1218/1716 948/1225/1726 947/1224/1727
s 13
f 942/1218/1718 937/1219/1710 943/1226/1720 948/1225/1728
f 943/1221/1720 944/1220/1719 950/1227/1729 949/1228/1730
f 944/1220/1722 945/1222/1721 951/1229/1731 950/1227/1729
s 15
f 945/1222/1724 946/1223/1723 952/1230/1732 951/1229/1733
f 946/1223/1723 947/1224/1725 953/1231/1734 952/1230/1732
f 947/1224/1727 948/1225/1726 954/1232/1735 953/1231/1734
s 13
f 948/1225/1728 943/1226/1720 949/1233/1730 954/1232/1736
f 949/1228/1730 950/1227/1729 956/1234/1737 955/1235/1738
f 950/1227/1729 951/1229/1731 957/1236/1739 956/1234/1737
s 15
f 951/1229/1733 952/1230/1732 958/1237/1740 957/1236/1741
f 952/1230/1732 953/1231/1734 959/1238/1742 958/1237/1740
f 953/1231/1734 954/1232/1735 960/1239/1743 959/1238/1742
s 13
f 954/1232/1736 949/1233/1730 955/1240/1738 960/1239/1744
s 17
f 961/1241/1745 962/1242/1746 968/1243/1747 967/1244/1748
f 962/1242/1749 963/1245/1750 969/1246/1751 968/1243/1752
s 19
f 963/1245/1753 964/1247/1754 970/1248/1755 969/1246/1756
f 964/1247/1754 965/1249/1757 971/1250/1758 970/1248/1755
f 965/1249/1759 966/1251/1760 972/1252/1761 971/1250/1762
s 17
f 966/1251/1763 961/1253/1745 967/1254/1748 972/1252/1764
f 967/1244/1748 968/1243/1747 974/1255/1765 973/1256/1766
f 968/1243/1752 969/1246/1751 975/1257/1767 974/1255/1768
s 19
f 969/1246/1756 970/1248/1755 976/1258/1769 975/1257/1770
f 970/1248/1755 971/1250/1758 977/1259/1771 976/1258/1769
f 971/1250/1762 972/1252/1761 978/1260/1772 977/1259/1773
s 17
f 972/1252/1764 967/1254/1748 973/1261/1766 978/1260/1774
f 973/1256/1766 974/1255/1765 980/1262/1775 979/1263/1776
f 974/1255/1768 975/1257/1767 981/1264/1777 980/1262/1778
s 19
f 975/1257/1770 976/1258/1769 982/1265/1779 981/1264/1780
f 976/1258/1769 977/1259/1771 983/1266/1781 982/1265/1779
f 977/1259/1773 978/1260/1772 984/1267/1782 983/1266/1783
s 17
f 978/1260/1774 973/1261/1766 979/1268/1776 984/1267/1784
f 979/1263/1776 980/1262/1775 986/1269/1785 985/1270/1786
f 980/1262/1778 981/1264/1777 987/1271/1787 986/1269/1788
s 19
f 981/1264/1780 982/1265/1779 988/1272/1789 987/1271/1790
f 982/1265/1779 983/1266/1781 989/1273/1791 988/1272/1789
f 983/1266/1783 984/1267/1782 990/1274/1792 989/1273/1793
s 17
f 984/1267/1784 979/1268/1776 985/1275/1786 990/1274/1794
f 985/1270/1786 986/1269/1785 992/1276/1795 991/1277/1796
f 986/1269/1788 987/1271/1787 993/1278/1797 992/1276/1798
s 19
f 987/1271/1790 988/1272/1789 994/1279/1799 993/1278/1800
f 988/1272/1789 989/1273/1791 995/1280/1801 994/1279/1799
f 989/1273/1793 990/1274/1792 996/1281/1802 995/1280/1803
s 17
f 990/1274/1794 985/1275/1786 991/1282/1796 996/1281/1804
f 991/1277/1796 992/1276/1795 998/1283/1805 997/1284/1806
f 992/1276/1798 993/1278/1797 999/1285/1807 998/1283/1808
s 19
f 993/1278/1800 994/1279/1799 1000/1286/1809 999/1285/1810
f 994/1279/1799 995/1280/1801 1001/1287/1811 1000/1286/1809
f 995/1280/1803 996/1281/1802 1002/1288/1812 1001/1287/1813
s 17
f 996/1281/1804 991/1282/1796 997/1289/1806 1002/1288/1814
f 997/1284/1806 998/1283/1805 1004/1290/1815 1003/1291/1816
f 998/1283/1808 999/1285/1807 1005/1292/1817 1004/1290/1818
s 19
f 999/1285/1810 1000/1286/1809 1006/1293/1819 1005/1292/1820
f 1000/1286/1809 1001/1287/1811 1007/1294/1821 1006/1293/1819
f 1001/1287/1813 1002/1288/1812 1008/1295/1822 1007/1294/1823
s 17
f 1002/1288/1814 997/1289/1806 1003/1296/1816 1008/1295/1824
f 1003/1291/1816 1004/1290/1815 1010/1297/1825 1009/1298/1826
f 1004/1290/1818 1005/1292/1817 1011/1299/1827 1010/1297/1828
s 19
f 1005/1292/1820 1006/1293/1819 1012/1300/1829 1011/1299/1830
f 1006/1293/1819 1007/1294/1821 1013/1301/1831 1012/1300/1829
f 1007/1294/1823 1008/1295/1822 1014/1302/1832 1013/1301/1833
s 17
f 1008/1295/1824 1003/1296/1816 1009/1303/1826 1014/1302/1834
f 1009/1298/1826 1010/1297/1825 1016/1304/1835 1015/1305/1836
f 1010/1297/1828 1011/1299/1827 1017/1306/1837 1016/1304/1838
s 19
f 1011/1299/1830 1012/1300/1829 1018/1307/1839 1017/1306/1840
f 1012/1300/1829 1013/1301/1831 1019/1308/1841 1018/1307/1839
f 1013/1301/1833 1014/1302/1832 1020/1309/1842 1019/1308/1843
s 17
f 1014/1302/1834 1009/1303/1826 1015/1310/1836 1020/1309/1844
f 1015/1305/1836 1016/1304/1835 1022/1311/1845 1021/1312/1846
f 1016/1304/1838 1017/1306/1837 1023/1313/1847 1022/1311/1848
s 19
f 1017/1306/1840 1018/1307/1839 1024/1314/1849 1023/1313/1850
f 1018/1307/1839 1019/1308/1841 1025/1315/1851 1024/1314/1849
f 1019/1308/1843 1020/1309/1842 1026/1316/1852 1025/1315/1853
s 17
f 1020/1309/1844 1015/1310/1836 1021/1317/1846 1026/1316/1854
f 1021/1312/1846 1022/1311/1845 1028/1318/1855 1027/1319/1856
f 1022/1311/1848 1023/1313/1847 1029/1320/1857 1028/1318/1858
s 19
f 1023/1313/1850 1024/1314/1849 1030/1321/1859 1029/1320/1860
f 1024/1314/1849 1025/1315/1851 1031/1322/1861 1030/1321/1859
f 1025/1315/1853 1026/1316/1852 1032/1323/1862 1031/1322/1863
s 17
f 1026/1316/1854 1021/1317/1846 1027/1324/1856 1032/1323/1864
f 1027/1319/1856 1028/1318/1855 1034/1325/1865 1033/1326/1866
f 1028/1318/1858 1029/1320/1857 1035/1327/1867 1034/1325/1868
s 19
f 1029/1320/1860 1030/1321/1859 1036/1328/1869 1035/1327/1870
f 1030/1321/1859 1031/1322/1861 1037/1329/1871 1036/1328/1869
f 1031/1322/1863 1032/1323/1862 1038/1330/1872 1037/1329/1873
s 17
f 1032/1323/1864 1027/1324/1856 1033/1331/1866 1038/1330/1874
f 1033/1326/1866 1034/1325/1865 1040/1332/1875 1039/1333/1876
f 1034/1325/1868 1035/1327/1867 1041/1334/1877 1040/1332/1878
s 19
f 1035/1327/1870 1036/1328/1869 1042/1335/1879 1041/1334/1880
f 1036/1328/1869 1037/1329/1871 1043/1336/1881 1042/1335/1879
f 1037/1329/1873 1038/1330/1872 1044/1337/1882 1043/1336/1883
s 17
f 1038/1330/1874 1033/1331/1866 1039/1338/1876 1044/1337/1884
f 1039/1333/1876 1040/1332/1875 1046/1339/1885 1045/1340/1886
f 1040/1332/1878 1041/1334/1877 1047/1341/1887 1046/1339/1888
s 19
f 1041/1334/1880 1042/1335/1879 1048/1342/1889 1047/1341/1890
f 1042/1335/1879 1043/1336/1881 1049/1343/1891 1048/1342/1889
f 1043/1336/1883 1044/1337/1882 1050/1344/1892 1049/1343/1893
s 17
f 1044/1337/1884 1039/1338/1876 1045/1345/1886 1050/1344/1894
f 1045/1340/1886 1046/1339/1885 1052/1346/1895 1051/1347/1896
f 1046/1339/1888 1047/1341/1887 1053/1348/1897 1052/1346/1898
s 19
f 1047/1341/1890 1048/1342/1889 1054/1349/1899 1053/1348/1900
f 1048/1342/1889 1049/1343/1891 1055/1350/1901 1054/1349/1899
f 1049/1343/1893 1050/1344/1892 1056/1351/1902 1055/1350/1903
s 17
f 1050/1344/1894 1045/1345/1886 1051/1352/1896 1056/1351/1904
f 1051/1347/1896 1052/1346/1895 1058/1353/1905 1057/1354/1906
f 1052/1346/1898 1053/1348/1897 1059/1355/1907 1058/1353/1905
s 19
f 1053/1348/1900 1054/1349/1899 1060/1356/1908 1059/1355/1909
f 1054/1349/1899 1055/1350/1901 1061/1357/1910 1060/1356/1908
f 1055/1350/1903 1056/1351/1902 1062/1358/1911 1061/1357/1910
s 17
f 1056/1351/1904 1051/1352/1896 1057/1359/1906 1062/1358/1912
f 1057/1354/1906 1058/1353/1905 1064/1360/1913 1063/1361/1914
f 1058/1353/1905 1059/1355/1907 1065/1362/1915 1064/1360/1913
s 19
f 1059/1355/1909 1060/1356/1908 1066/1363/1916 1065/1362/1917
f 1060/1356/1908 1061/1357/1910 1067/1364/1918 1066/1363/1916
f 1061/1357/1910 1062/1358/1911 1068/1365/1919 1067/1364/1918
s 17
f 1062/1358/1912 1057/1359/1906 1063/1366/1914 1068/1365/1920
f 1063/1361/1914 1064/1360/1913 1070/1367/1921 1069/1368/1922
f 1064/1360/1913 1065/1362/1915 1071/1369/1923 1070/1367/1921
s 19
f 1065/1362/1917 1066/1363/1916 1072/1370/1924 1071/1369/1925
f 1066/1363/1916 1067/1364/1918 1073/1371/1926 1072/1370/1924
f 1067/1364/1918 1068/1365/1919 1074/1372/1927 1073/1371/1926
s 17
f 1068/1365/1920 1063/1366/1914 1069/1373/1922 1074/1372/1928
f 1069/1368/1922 1070/1367/1921 1076/1374/1929 1075/1375/1930
f 1070/1367/1921 1071/1369/1923 1077/1376/1931 1076/1374/1929
s 19
f 1071/1369/1925 1072/1370/1924 1078/1377/1932 1077/1376/1933
f 1072/1370/1924 1073/1371/1926 1079/1378/1934 1078/1377/1932
f 1073/1371/1926 1074/1372/1927 1080/1379/1935 1079/1378/1934
s 17
f 1074/1372/1928 1069/1373/1922 1075/1380/1930 1080/1379/1936
f 1075/1375/1930 1076/1374/1929 1082/1381/1937 1081/1382/1938
f 1076/1374/1929 1077/1376/1931 1083/1383/1939 1082/1381/1940
s 19
f 1077/1376/1933 1078/1377/1932 1084/1384/1941 1083/1383/1942
f 1078/1377/1932 1079/1378/1934 1085/1385/1943 1084/1384/1941
f 1079/1378/1934 1080/1379/1935 1086/1386/1944 1085/1385/1945
s 17
f 1080/1379/1936 1075/1380/1930 1081/1387/1938 1086/1386/1946
f 1081/1382/1938 1082/1381/1937 1088/1388/1947 1087/1389/1948
f 1082/1381/1940 1083/1383/1939 1089/1390/1949 1088/1388/1950
s 19
f 1083/1383/1942 1084/1384/1941 1090/1391/1951 1089/1390/1952
f 1084/1384/1941 1085/1385/1943 1091/1392/1953 1090/1391/1951
f 1085/1385/1945 1086/1386/1944 1092/1393/1954 1091/1392/1955
s 17
f 1086/1386/1946 1081/1387/1938 1087/1394/1948 1092/1393/1956
f 1087/1389/1948 1088/1388/1947 1094/1395/1957 1093/1396/1958
f 1088/1388/1950 1089/1390/1949 1095/1397/1959 1094/1395/1960
s 19
f 1089/1390/1952 1090/1391/1951 1096/1398/1961 1095/1397/1962
f 1090/1391/1951 1091/1392/1953 1097/1399/1963 1096/1398/1961
f 1091/1392/1955 1092/1393/1954 1098/1400/1964 1097/1399/1965
s 17
f 1092/1393/1956 1087/1394/1948 1093/1401/1958 1098/1400/1966
f 1093/1396/1958 1094/1395/1957 1100/1402/1967 1099/1403/1968
f 1094/1395/1960 1095/1397/1959 1101/1404/1969 1100/1402/1970
s 19
f 1095/1397/1962 1096/1398/1961 1102/1405/1971 1101/1404/1972
f 1096/1398/1961 1097/1399/1963 1103/1406/1973 1102/1405/1971
f 1097/1399/1965 1098/1400/1964 1104/1407/1974 1103/1406/1975
s 17
f 1098/1400/1966 1093/1401/1958 1099/1408/1968 1104/1407/1976
f 1099/1403/1968 1100/1402/1967 1106/1409/1977 1105/1410/1978
f 1100/1402/1970 1101/1404/1969 1107/1411/1979 1106/1409/1980
s 19
f 1101/1404/1972 1102/1405/1971 1108/1412/1981 1107/1411/1982
f 1102/1405/1971 1103/1406/1973 1109/1413/1983 1108/1412/1981
f 1103/1406/1975 1104/1407/1974 1110/1414/1984 1109/1413/1985
s 17
f 1104/1407/1976 1099/1408/1968 1105/1415/1978 1110/1414/1986
f 1105/1410/1978 1106/1409/1977 1112/1416/1987 1111/1417/1988
f 1106/1409/1980 1107/1411/1979 1113/1418/1989 1112/1416/1990
s 19
f 1107/1411/1982 1108/1412/1981 1114/1419/1991 1113/1418/1992
f 1108/1412/1981 1109/1413/1983 1115/1420/1993 1114/1419/1991
f 1109/1413/1985 1110/1414/1984 1116/1421/1994 1115/1420/1995
s 17
f 1110/1414/1986 1105/1415/1978 1111/1422/1988 1116/1421/1996
f 1111/1417/1988 1112/1416/1987 1118/1423/1997 1117/1424/1998
f 1112/1416/1990 1113/1418/1989 1119/1425/1999 1118/1423/2000
s 19
f 1113/1418/1992 1114/1419/1991 1120/1426/2001 1119/1425/2002
f 1114/1419/1991 1115/1420/1993 1121/1427/2003 1120/1426/2001
f 1115/1420/1995 1116/1421/1994 1122/1428/2004 1121/1427/2005
s 17
f 1116/1421/1996 1111/1422/1988 1117/1429/1998 1122/1428/2006
f 1117/1424/1998 1118/1423/1997 1124/1430/2007 1123/1431/2008
f 1118/1423/2000 1119/1425/1999 1125/1432/2009 1124/1430/2010
s 19
f 1119/1425/2002 1120/1426/2001 1126/1433/2011 1125/1432/2012
f 1120/1426/2001 1121/1427/2003 1127/1434/2013 1126/1433/2011
f 1121/1427/2005 1122/1428/2004 1128/1435/2014 1127/1434/2015
s 17
f 1122/1428/2006 1117/1429/1998 1123/1436/2008 1128/1435/2016
f 1123/1431/2008 1124/1430/2007 1130/1437/2017 1129/1438/2018
f 1124/1430/2010 1125/1432/2009 1131/1439/2019 1130/1437/2020
s 19
f 1125/1432/2012 1126/1433/2011 1132/1440/2021 1131/1439/2022
f 1126/1433/2011 1127/1434/2013 1133/1441/2023 1132/1440/2021
f 1127/1434/2015 1128/1435/2014 1134/1442/2024 1133/1441/2025
s 17
f 1128/1435/2016 1123/1436/2008 1129/1443/2018 1134/1442/2026
f 1129/1438/2018 1130/1437/2017 1136/1444/2027 1135/1445/2028
f 1130/1437/2020 1131/1439/2019 1137/1446/2029 1136/1444/2030
s 19
f 1131/1439/2022 1132/1440/2021 1138/1447/2031 1137/1446/2032
f 1132/1440/2021 1133/1441/2023 1139/1448/2033 1138/1447/2031
f 1133/1441/2025 1134/1442/2024 1140/1449/2034 1139/1448/2035
s 17
f 1134/1442/2026 1129/1443/2018 1135/1450/2028 1140/1449/2036
f 1135/1445/2028 1136/1444/2027 1142/1451/2037 1141/1452/2038
f 1136/1444/2030 1137/1446/2029 1143/1453/2039 1142/1451/2040
s 19
f 1137/1446/2032 1138/1447/2031 1144/1454/2041 1143/1453/2042
f 1138/1447/2031 1139/1448/2033 1145/1455/2043 1144/1454/2041
f 1139/1448/2035 1140/1449/2034 1146/1456/2044 1145/1455/2045
s 17
f 1140/1449/2036 1135/1450/2028 1141/1457/2038 1146/1456/2046
f 1141/1452/2038 1142/1451/2037 1148/1458/2047 1147/1459/2048
f 1142/1451/2040 1143/1453/2039 1149/1460/2049 1148/1458/2050
s 19
f 1143/1453/2042 1144/1454/2041 1150/1461/2051 1149/1460/2052
f 1144/1454/2041 1145/1455/2043 1151/1462/2053 1150/1461/2051
f 1145/1455/2045 1146/1456/2044 1152/1463/2054 1151/1462/2055
s 17
f 1146/1456/2046 1141/1457/2038 1147/1464/2048 1152/1463/2056
f 1147/1459/2048 1148/1458/2047 1154/1465/2057 1153/1466/2058
f 1148/1458/2050 1149/1460/2049 1155/1467/2059 1154/1465/2057
s 19
f 1149/1460/2052 1150/1461/2051 1156/1468/2060 1155/1467/2061
f 1150/1461/2051 1151/1462/2053 1157/1469/2062 1156/1468/2060
f 1151/1462/2055 1152/1463/2054 1158/1470/2063 1157/1469/2062
s 17
f 1152/1463/2056 1147/1464/2048 1153/1471/2058 1158/1470/2064
f 1153/1466/2058 1154/1465/2057 1160/1472/2065 1159/1473/2066
f 1154/1465/2057 1155/1467/2059 1161/1474/2067 1160/1472/2065
s 19
f 1155/1467/2061 1156/1468/2060 1162/1475/2068 1161/1474/2069
f 1156/1468/2060 1157/1469/2062 1163/1476/2070 1162/1475/2068
f 1157/1469/2062 1158/1470/2063 1164/1477/2071 1163/1476/2070
s 17
f 1158/1470/2064 1153/1471/2058 1159/1478/2066 1164/1477/2072
s 21
f 1165/1479/2073 1166/1480/2074 1172/1481/2075 1171/1482/2076
f 1166/1480/2074 1167/1483/2077 1173/1484/2078 1172/1481/2075
f 1167/1483/2079 1168/1485/2080 1174/1486/2081 1173/1484/2082
f 1168/1487/2083 1169/1488/2084 1175/1489/2085 1174/1490/2086
f 1169/1488/2084 1170/1491/2087 1176/1492/2088 1175/1489/2085
f 1170/1491/2089 1165/1479/2090 1171/1482/2091 1176/1492/2092
f 1171/1482/2076 1172/1481/2075 1178/1493/2093 1177/1494/2094
f 1172/1481/2075 1173/1484/2078 1179/1495/2095 1178/1493/2093
f 1173/1484/2082 1174/1486/2081 1180/1496/2096 1179/1495/2097
f 1174/1490/2086 1175/1489/2085 1181/1497/2098 1180/1498/2096
f 1175/1489/2085 1176/1492/2088 1182/1499/2099 1181/1497/2098
f 1176/1492/2092 1171/1482/2091 1177/1494/2094 1182/1499/2100
f 1177/1494/2094 1178/1493/2093 1184/1500/2101 1183/1501/2102
f 1178/1493/2093 1179/1495/2095 1185/1502/2103 1184/1500/2101
f 1179/1495/2097 1180/1496/2096 1186/1503/2104 1185/1502/2105
f 1180/1498/2096 1181/1497/2098 1187/1504/2106 1186/1505/2104
f 1181/1497/2098 1182/1499/2099 1188/1506/2107 1187/1504/2106
f 1182/1499/2100 1177/1494/2094 1183/1501/2102 1188/1506/2108
f 1183/1501/2102 1184/1500/2101 1190/1507/2109 1189/1508/2110
f 1184/1500/2101 1185/1502/2103 1191/1509/2111 1190/1507/2109
f 1185/1502/2105 1186/1503/2104 1192/1510/2112 1191/1509/2113
f 1186/1505/2104 1187/1504/2106 1193/1511/2114 1192/1512/2112
f 1187/1504/2106 1188/1506/2107 1194/1513/2115 1193/1511/2114
f 1188/1506/2108 1183/1501/2102 1189/1508/2110 1194/1513/2116
f 1189/1508/2110 1190/1507/2109 1196/1514/2117 1195/1515/2118
f 1190/1507/2109 1191/1509/2111 1197/1516/2119 1196/1514/2117
f 1191/1509/2113 1192/1510/2112 1198/1517/2120 1197/1516/2121
f 1192/1512/2112 1193/1511/2114 1199/1518/2122 1198/1519/2120
f 1193/1511/2114 1194/1513/2115 1200/1520/2123 1199/1518/2122
f 1194/1513/2116 1189/1508/2110 1195/1515/2118 1200/1520/2124
f 1195/1515/2118 1196/1514/2117 1202/1521/2125 1201/1522/2126
f 1196/1514/2117 1197/1516/2119 1203/1523/2127 1202/1521/2128
f 1197/1516/2121 1198/1517/2120 1204/1524/2129 1203/1523/2130
f 1198/1519/2120 1199/1518/2122 1205/1525/2131 1204/1526/2129
f 1199/1518/2122 1200/1520/2123 1206/1527/2132 1205/1525/2133
f 1200/1520/2124 1195/1515/2118 1201/1522/2126 1206/1527/2134
f 1201/1522/2126 1202/1521/2125 1208/1528/2135 1207/1529/2136
f 1202/1521/2128 1203/1523/2127 1209/1530/2137 1208/1528/2138
f 1203/1523/2130 1204/1524/2129 1210/1531/2139 1209/1530/2140
f 1204/1526/2129 1205/1525/2131 1211/1532/2141 1210/1533/2139
f 1205/1525/2133 1206/1527/2132 1212/1534/2142 1211/1532/2143
f 1206/1527/2134 1201/1522/2126 1207/1529/2136 1212/1534/2144
f 1207/1529/2136 1208/1528/2135 1214/1535/2145 1213/1536/2146
f 1208/1528/2138 1209/1530/2137 1215/1537/2147 1214/1535/2148
f 1209/1530/2140 1210/1531/2139 1216/1538/2149 1215/1537/2150
f 1210/1533/2139 1211/1532/2141 1217/1539/2151 1216/1540/2149
f 1211/1532/2143 1212/1534/2142 1218/1541/2152 1217/1539/2153
f 1212/1534/2144 1207/1529/2136 1213/1536/2146 1218/1541/2154
f 1213/1536/2146 1214/1535/2145 1220/1542/2155 1219/1543/2156
f 1214/1535/2148 1215/1537/2147 1221/1544/2157 1220/1542/2155
f 1215/1537/2150 1216/1538/2149 1222/1545/2158 1221/1544/2159
f 1216/1540/2149 1217/1539/2151 1223/1546/2160 1222/1547/2158
f 1217/1539/2153 1218/1541/2152 1224/1548/2161 1223/1546/2160
f 1218/1541/2154 1213/1536/2146 1219/1543/2156 1224/1548/2162
f 1219/1543/2156 1220/1542/2155 1226/1549/2163 1225/1550/2164
f 1220/1542/2155 1221/1544/2157 1227/1551/2165 1226/1549/2163
f 1221/1544/2159 1222/1545/2158 1228/1552/2166 1227/1551/2167
f 1222/1547/2158 1223/1546/2160 1229/1553/2168 1228/1554/2166
f 1223/1546/2160 1224/1548/2161 1230/1555/2169 1229/1553/2168
f 1224/1548/2162 1219/1543/2156 1225/1550/2164 1230/1555/2170
f 1225/1550/2164 1226/1549/2163 1232/1556/2171 1231/1557/2172
f 1226/1549/2163 1227/1551/2165 1233/1558/2173 1232/1556/2171
f 1227/1551/2167 1228/1552/2166 1234/1559/2174 1233/1558/2175
f 1228/1554/2166 1229/1553/2168 1235/1560/2176 1234/1561/2174
f 1229/1553/2168 1230/1555/2169 1236/1562/2177 1235/1560/2176
f 1230/1555/2170 1225/1550/2164 1231/1557/2172 1236/1562/2178
f 1231/1557/2172 1232/1556/2171 1238/1563/2179 1237/1564/2180
f 1232/1556/2171 1233/1558/2173 1239/1565/2181 1238/1563/2179
f 1233/1558/2175 1234/1559/2174 1240/1566/2182 1239/1565/2183
f 1234/1561/2174 1235/1560/2176 1241/1567/2184 1240/1568/2182
f 1235/1560/2176 1236/1562/2177 1242/1569/2185 1241/1567/2184
f 1236/1562/2178 1231/1557/2172 1237/1564/2180 1242/1569/2186
f 1237/1564/2180 1238/1563/2179 1244/1570/2187 1243/1571/2188
f 1238/1563/2179 1239/1565/2181 1245/1572/2189 1244/1570/2187
f 1239/1565/2183 1240/1566/2182 1246/1573/2190 1245/1572/2191
f 1240/1568/2182 1241/1567/2184 1247/1574/2192 1246/1575/2190
f 1241/1567/2184 1242/1569/2185 1248/1576/2193 1247/1574/2192
f 1242/1569/2186 1237/1564/2180 1243/1571/2188 1248/1576/2194
f 1243/1571/2188 1244/1570/2187 1250/1577/2195 1249/1578/2196
f 1244/1570/2187 1245/1572/2189 1251/1579/2197 1250/1577/2198
f 1245/1572/2191 1246/1573/2190 1252/1580/2199 1251/1579/2200
f 1246/1575/2190 1247/1574/2192 1253/1581/2201 1252/1582/2199
f 1247/1574/2192 1248/1576/2193 1254/1583/2202 1253/1581/2203
f 1248/1576/2194 1243/1571/2188 1249/1578/2196 1254/1583/2204
f 1249/1578/2196 1250/1577/2195 1256/1584/2205 1255/1585/2206
f 1250/1577/2198 1251/1579/2197 1257/1586/2207 1256/1584/2208
f 1251/1579/2200 1252/1580/2199 1258/1587/2209 1257/1586/2210
f 1252/1582/2199 1253/1581/2201 1259/1588/2211 1258/1589/2209
f 1253/1581/2203 1254/1583/2202 1260/1590/2212 1259/1588/2213
f 1254/1583/2204 1249/1578/2196 1255/1585/2206 1260/1590/2214
f 1255/1585/2206 1256/1584/2205 1262/1591/2215 1261/1592/2216
f 1256/1584/2208 1257/1586/2207 1263/1593/2217 1262/1591/2215
f 1257/1586/2210 1258/1587/2209 1264/1594/2218 1263/1593/2219
f 1258/1589/2209 1259/1588/2211 1265/1595/2220 1264/1596/2218
f 1259/1588/2213 1260/1590/2212 1266/1597/2221 1265/1595/2220
f 1260/1590/2214 1255/1585/2206 1261/1592/2216 1266/1597/2222
f 1261/1592/2216 1262/1591/2215 1268/1598/2223 1267/1599/2224
f 1262/1591/2215 1263/1593/2217 1269/1600/2225 1268/1598/2223
f 1263/1593/2219 1264/1594/2218 1270/1601/2226 1269/1600/2227
f 1264/1596/2218 1265/1595/2220 1271/1602/2228 1270/1603/2226
f 1265/1595/2220 1266/1597/2221 1272/1604/2229 1271/1602/2228
f 1266/1597/2222 1261/1592/2216 1267/1599/2224 1272/1604/2230
f 1267/1599/2224 1268/1598/2223 1274/1605/2231 1273/1606/2232
f 1268/1598/2223 1269/1600/2225 1275/1607/2233 1274/1605/2231
f 1269/1600/2227 1270/1601/2226 1276/1608/2234 1275/1607/2233
f 1270/1603/2226 1271/1602/2228 1277/1609/2235 1276/1610/2236
f 1271/1602/2228 1272/1604/2229 1278/1611/2237 1277/1609/2235
f 1272/1604/2230 1267/1599/2224 1273/1606/2238 1278/1611/2237
f 1273/1606/2232 1274/1605/2231 1280/1612/2239 1279/1613/2240
f 1274/1605/2231 1275/1607/2233 1281/1614/2241 1280/1612/2242
f 1275/1607/2233 1276/1608/2234 1282/1615/2243 1281/1614/2241
f 1276/1610/2236 1277/1609/2235 1283/1616/2244 1282/1617/2245
f 1277/1609/2235 1278/1611/2237 1284/1618/2246 1283/1616/2244
f 1278/1611/2237 1273/1606/2238 1279/1613/2247 1284/1618/2246
f 1279/1613/2240 1280/1612/2239 1286/1619/2248 1285/1620/2249
f 1280/1612/2242 1281/1614/2241 1287/1621/2250 1286/1619/2251
f 1281/1614/2241 1282/1615/2243 1288/1622/2252 1287/1621/2250
f 1282/1617/2245 1283/1616/2244 1289/1623/2253 1288/1624/2254
f 1283/1616/2244 1284/1618/2246 1290/1625/2255 1289/1623/2253
f 1284/1618/2246 1279/1613/2247 1285/1620/2249 1290/1625/2255
f 1285/1620/2249 1286/1619/2248 1292/1626/2256 1291/1627/2257
f 1286/1619/2251 1287/1621/2250 1293/1628/2258 1292/1626/2259
f 1287/1621/2250 1288/1622/2252 1294/1629/2260 1293/1628/2258
f 1288/1624/2254 1289/1623/2253 1295/1630/2261 1294/1631/2260
f 1289/1623/2253 1290/1625/2255 1296/1632/2262 1295/1630/2263
f 1290/1625/2255 1285/1620/2249 1291/1627/2257 1296/1632/2262
f 1291/1627/2257 1292/1626/2256 1298/1633/2264 1297/1634/2265
f 1292/1626/2259 1293/1628/2258 1299/1635/2266 1298/1633/2267
f 1293/1628/2258 1294/1629/2260 1300/1636/2268 1299/1635/2266
f 1294/1631/2260 1295/1630/2261 1301/1637/2269 1300/1638/2268
f 1295/1630/2263 1296/1632/2262 1302/1639/2270 1301/1637/2271
f 1296/1632/2262 1291/1627/2257 1297/1634/2265 1302/1639/2270
f 1297/1634/2265 1298/1633/2264 1304/1640/2272 1303/1641/2273
f 1298/1633/2267 1299/1635/2266 1305/1642/2274 1304/1640/2272
f 1299/1635/2266 1300/1636/2268 1306/1643/2275 1305/1642/2274
f 1300/1638/2268 1301/1637/2269 1307/1644/2276 1306/1645/2275
f 1301/1637/2271 1302/1639/2270 1308/1646/2277 1307/1644/2278
f 1302/1639/2270 1297/1634/2265 1303/1641/2273 1308/1646/2277
f 1303/1641/2273 1304/1640/2272 1310/1647/2279 1309/1648/2280
f 1304/1640/2272 1305/1642/2274 1311/1649/2281 1310/1647/2279
f 1305/1642/2274 1306/1643/2275 1312/1650/2282 1311/1649/2283
f 1306/1645/2275 1307/1644/2276 1313/1651/2284 1312/1652/2282
f 1307/1644/2278 1308/1646/2277 1314/1653/2285 1313/1651/2286
f 1308/1646/2277 1303/1641/2273 1309/1648/2280 1314/1653/2285
f 1309/1648/2280 1310/1647/2279 1316/1654/2287 1315/1655/2288
f 1310/1647/2279 1311/1649/2281 1317/1656/2289 1316/1654/2287
f 1311/1649/2283 1312/1650/2282 1318/1657/2290 1317/1656/2291
f 1312/1652/2282 1313/1651/2284 1319/1658/2292 1318/1659/2290
f 1313/1651/2286 1314/1653/2285 1320/1660/2293 1319/1658/2294
f 1314/1653/2285 1309/1648/2280 1315/1655/2288 1320/1660/2293
f 1315/1655/2288 1316/1654/2287 1322/1661/2295 1321/1662/2296
f 1316/1654/2287 1317/1656/2289 1323/1663/2297 1322/1661/2295
f 1317/1656/2291 1318/1657/2290 1324/1664/2298 1323/1663/2299
f 1318/1659/2290 1319/1658/2292 1325/1665/2300 1324/1666/2298
f 1319/1658/2294 1320/1660/2293 1326/1667/2301 1325/1665/2300
f 1320/1660/2293 1315/1655/2288 1321/1662/2296 1326/1667/2301
f 1321/1662/2296 1322/1661/2295 1328/1668/2302 1327/1669/2303
f 1322/1661/2295 1323/1663/2297 1329/1670/2304 1328/1668/2302
f 1323/1663/2299 1324/1664/2298 1330/1671/2305 1329/1670/2306
f 1324/1666/2298 1325/1665/2300 1331/1672/2307 1330/1673/2308
f 1325/1665/2300 1326/1667/2301 1332/1674/2309 1331/1672/2307
f 1326/1667/2301 1321/1662/2296 1327/1669/2303 1332/1674/2309
f 1327/1669/2303 1328/1668/2302 1334/1675/2310 1333/1676/2311
f 1328/1668/2302 1329/1670/2304 1335/1677/2312 1334/1675/2310
f 1329/1670/2306 1330/1671/2305 1336/1678/2313 1335/1677/2314
f 1330/1673/2308 1331/1672/2307 1337/1679/2315 1336/1680/2316
f 1331/1672/2307 1332/1674/2309 1338/1681/2317 1337/1679/2315
f 1332/1674/2309 1327/1669/2303 1333/1676/2311 1338/1681/2318
f 1333/1676/2311 1334/1675/2310 1340/1682/2319 1339/1683/2320
f 1334/1675/2310 1335/1677/2312 1341/1684/2321 1340/1682/2319
f 1335/1677/2314 1336/1678/2313 1342/1685/2322 1341/1684/2323
f 1336/1680/2316 1337/1679/2315 1343/1686/2324 1342/1687/2322
f 1337/1679/2315 1338/1681/2317 1344/1688/2325 1343/1686/2324
f 1338/1681/2318 1333/1676/2311 1339/1683/2320 1344/1688/2325
f 1339/1683/2320 1340/1682/2319 1346/1689/2326 1345/1690/2327
f 1340/1682/2319 1341/1684/2321 1347/1691/2328 1346/1689/2326
f 1341/1684/2323 1342/1685/2322 1348/1692/2329 1347/1691/2330
f 1342/1687/2322 1343/1686/2324 1349/1693/2331 1348/1694/2329
f 1343/1686/2324 1344/1688/2325 1350/1695/2332 1349/1693/2333
f 1344/1688/2325 1339/1683/2320 1345/1690/2334 1350/1695/2332
f 1345/1690/2327 1346/1689/2326 1352/1696/2335 1351/1697/2336
f 1346/1689/2326 1347/1691/2328 1353/1698/2337 1352/1696/2335
f 1347/1691/2330 1348/1692/2329 1354/1699/2338 1353/1698/2337
f 1348/1694/2329 1349/1693/2331 1355/1700/2339 1354/1701/2338
f 1349/1693/2333 1350/1695/2332 1356/1702/2340 1355/1700/2341
f 1350/1695/2332 1345/1690/2334 1351/1697/2336 1356/1702/2340
f 1351/1697/2336 1352/1696/2335 1358/1703/2342 1357/1704/2343
f 1352/1696/2335 1353/1698/2337 1359/1705/2344 1358/1703/2345
f 1353/1698/2337 1354/1699/2338 1360/1706/2346 1359/1705/2344
f 1354/1701/2338 1355/1700/2339 1361/1707/2347 1360/1708/2346
f 1355/1700/2341 1356/1702/2340 1362/1709/2348 1361/1707/2349
f 1356/1702/2340 1351/1697/2336 1357/1704/2343 1362/1709/2348
f 1357/1704/2343 1358/1703/2342 1364/1710/2350 1363/1711/2351
f 1358/1703/2345 1359/1705/2344 1365/1712/2352 1364/1710/2350
f 1359/1705/2344 1360/1706/2346 1366/1713/2353 1365/1712/2352
f 1360/1708/2346 1361/1707/2347 1367/1714/2354 1366/1715/2353
f 1361/1707/2349 1362/1709/2348 1368/1716/2355 1367/1714/2356
f 1362/1709/2348 1357/1704/2343 1363/1711/2351 1368/1716/2355
f 1363/1711/2351 1364/1710/2350 1370/1717/2357 1369/1718/2358
f 1364/1710/2350 1365/1712/2352 1371/1719/2359 1370/1717/2357
f 1365/1712/2352 1366/1713/2353 1372/1720/2360 1371/1719/2361
f 1366/1715/2353 1367/1714/2354 1373/1721/2362 1372/1722/2360
f 1367/1714/2356 1368/1716/2355 1374/1723/2363 1373/1721/2362
f 1368/1716/2355 1363/1711/2351 1369/1718/2358 1374/1723/2363
f 1369/1718/2358 1370/1717/2357 1376/1724/2364 1375/1725/2365
f 1370/1717/2357 1371/1719/2359 1377/1726/2366 1376/1724/2364
f 1371/1719/2361 1372/1720/2360 1378/1727/2367 1377/1726/2368
f 1372/1722/2360 1373/1721/2362 1379/1728/2369 1378/1729/2370
f 1373/1721/2362 1374/1723/2363 1380/1730/2371 1379/1728/2369
f 1374/1723/2363 1369/1718/2358 1375/1725/2372 1380/1730/2371
f 1375/1725/2365 1376/1724/2364 1382/1731/2373 1381/1732/2374
f 1376/1724/2364 1377/1726/2366 1383/1733/2375 1382/1731/2373
f 1377/1726/2368 1378/1727/2367 1384/1734/2376 1383/1733/2375
f 1378/1729/2370 1379/1728/2369 1385/1735/2377 1384/1736/2376
f 1379/1728/2369 1380/1730/2371 1386/1737/2378 1385/1735/2379
f 1380/1730/2371 1375/1725/2372 1381/1732/2380 1386/1737/2378
f 1381/1732/2374 1382/1731/2373 1388/1738/2381 1387/1739/2382
f 1382/1731/2373 1383/1733/2375 1389/1740/2383 1388/1738/2384
f 1383/1733/2375 1384/1734/2376 1390/1741/2385 1389/1740/2383
f 1384/1736/2376 1385/1735/2377 1391/1742/2386 1390/1743/2385
f 1385/1735/2379 1386/1737/2378 1392/1744/2387 1391/1742/2388
f 1386/1737/2378 1381/1732/2380 1387/1739/2382 1392/1744/2387
f 1387/1739/2382 1388/1738/2381 1394/1745/2389 1393/1746/2390
f 1388/1738/2384 1389/1740/2383 1395/1747/2391 1394/1745/2392
f 1389/1740/2383 1390/1741/2385 1396/1748/2393 1395/1747/2391
f 1390/1743/2385 1391/1742/2386 1397/1749/2394 1396/1750/2393
f 1391/1742/2388 1392/1744/2387 1398/1751/2395 1397/1749/2394
f 1392/1744/2387 1387/1739/2382 1393/1746/2390 1398/1751/2395
f 1393/1746/2390 1394/1745/2389 1400/1752/2396 1399/1753/2397
f 1394/1745/2392 1395/1747/2391 1401/1754/2398 1400/1752/2396
f 1395/1747/2391 1396/1748/2393 1402/1755/2399 1401/1754/2398
f 1396/1750/2393 1397/1749/2394 1403/1756/2400 1402/1757/2399
f 1397/1749/2394 1398/1751/2395 1404/1758/2401 1403/1756/2400
f 1398/1751/2395 1393/1746/2390 1399/1753/2397 1404/1758/2402
f 1399/1753/2397 1400/1752/2396 1406/1759/2403 1405/1760/2404
f 1400/1752/2396 1401/1754/2398 1407/1761/2405 1406/1759/2403
f 1401/1754/2398 1402/1755/2399 1408/1762/2406 1407/1761/2407
f 1402/1757/2399 1403/1756/2400 1409/1763/2408 1408/1764/2406
f 1403/1756/2400 1404/1758/2401 1410/1765/2409 1409/1763/2408
f 1404/1758/2402 1399/1753/2397 1405/1760/2404 1410/1765/2410
f 1405/1760/2404 1406/1759/2403 1412/1766/2411 1411/1767/2412
f 1406/1759/2403 1407/1761/2405 1413/1768/2413 1412/1766/2411
f 1407/1761/2407 1408/1762/2406 1414/1769/2414 1413/1768/2413
f 1408/1764/2406 1409/1763/2408 1415/1770/2415 1414/1771/2414
f 1409/1763/2408 1410/1765/2409 1416/1772/2416 1415/1770/2417
f 1410/1765/2410 1405/1760/2404 1411/1767/2412 1416/1772/2418
f 1411/1767/2412 1412/1766/2411 1418/1773/2419 1417/1774/2420
f 1412/1766/2411 1413/1768/2413 1419/1775/2421 1418/1773/2419
f 1413/1768/2413 1414/1769/2414 1420/1776/2422 1419/1775/2421
f 1414/1771/2414 1415/1770/2415 1421/1777/2423 1420/1778/2422
f 1415/1770/2417 1416/1772/2416 1422/1779/2424 1421/1777/2425
f 1416/1772/2418 1411/1767/2412 1417/1774/2426 1422/1779/2427
s off
f 1423/1780/2428 1424/1781/2429 1426/1782/2430 1425/1783/2431
f 1425/1784/2432 1426/1785/2433 1428/1786/2434 1427/1787/2435
f 1427/1788/2436 1428/1789/2437 1430/1790/2438 1429/1791/2439
f 1429/1791/2440 1430/1790/2441 1424/1781/2442 1423/1780/2443
f 1424/1781/2444 1430/1790/2445 1428/1792/2446 1426/1793/2447
f 1429/1791/2448 1423/1780/2449 1425/1794/2450 1427/1795/2451
f 1431/1796/2452 1432/1797/2453 1434/1798/2454 1433/1799/2455
f 1433/1800/2456 1434/1801/2457 1436/1802/2458 1435/1803/2459
f 1435/1804/2460 1436/1805/2461 1438/1806/2462 1437/1807/2463
f 1437/1807/2464 1438/1806/2465 1432/1797/2466 1431/1796/2467
f 1432/1797/2468 1438/1806/2469 1436/1808/2470 1434/1809/2471
f 1437/1807/2472 1431/1796/2473 1433/1810/2474 1435/1811/2475
f 1439/1812/2476 1440/1813/2477 1442/1814/2478 1441/1815/2479
f 1441/1816/2480 1442/1817/2481 1444/1818/2482 1443/1819/2483
f 1443/1820/2484 1444/1821/2485 1446/1822/2486 1445/1823/2487
f 1445/1823/2488 1446/1822/2489 1440/1813/2490 1439/1812/2491
f 1440/1813/2492 1446/1822/2493 1444/1824/2494 1442/1825/2495
f 1445/1823/2496 1439/1812/2497 1441/1826/2498 1443/1827/2499
f 1447/1828/2500 1448/1829/2501 1450/1830/2502 1449/1831/2503
f 1449/1832/2504 1450/1833/2505 1452/1834/2506 1451/1835/2507
f 1451/1836/2508 1452/1837/2509 1454/1838/2510 1453/1839/2511
f 1453/1839/2512 1454/1838/2513 1448/1829/2514 1447/1828/2515
f 1448/1829/2516 1454/1838/2517 1452/1840/2518 1450/1841/2519
f 1453/1839/2520 1447/1828/2521 1449/1842/2522 1451/1843/2523
f 1455/1844/2524 1456/1845/2525 1458/1846/2526 1457/1847/2527
f 1457/1848/2528 1458/1849/2529 1460/1850/2530 1459/1851/2531
f 1459/1852/2532 1460/1853/2533 1462/1854/2534 1461/1855/2535
f 1461/1855/2536 1462/1854/2537 1456/1845/2538 1455/1844/2539
f 1456/1845/2540 1462/1854/2541 1460/1856/2542 1458/1857/2543
f 1461/1855/2544 1455/1844/2545 1457/1858/2546 1459/1859/2547
f 1463/1860/2548 1464/1861/2549 1466/1862/2550 1465/1863/2551
f 1465/1864/2552 1466/1865/2553 1468/1866/2554 1467/1867/2555
f 1467/1868/2556 1468/1869/2557 1470/1870/2558 1469/1871/2559
f 1469/1871/2560 1470/1870/2561 1464/1861/2562 1463/1860/2563
f 1464/1861/2564 1470/1870/2565 1468/1872/2566 1466/1873/2567
f 1469/1871/2568 1463/1860/2569 1465/1874/2570 1467/1875/2571
f 1471/1876/2572 1472/1877/2573 1474/1878/2574 1473/1879/2575
f 1473/1880/2576 1474/1881/2577 1476/1882/2578 1475/1883/2579
f 1475/1884/2580 1476/1885/2581 1478/1886/2582 1477/1887/2583
f 1477/1887/2584 1478/1886/2585 1472/1877/2586 1471/1876/2587
f 1472/1877/2588 1478/1886/2589 1476/1888/2590 1474/1889/2591
f 1477/1887/2592 1471/1876/2593 1473/1890/2594 1475/1891/2595
f 1479/1892/2596 1480/1893/2597 1482/1894/2598 1481/1895/2599
f 1481/1896/2600 1482/1897/2601 1484/1898/2602 1483/1899/2603
f 1483/1900/2604 1484/1901/2605 1486/1902/2606 1485/1903/2607
f 1485/1903/2608 1486/1902/2609 1480/1893/2610 1479/1892/2611
f 1480/1893/2612 1486/1902/2613 1484/1904/2614 1482/1905/2615
f 1485/1903/2616 1479/1892/2617 1481/1906/2618 1483/1907/2619
f 1487/1908/2620 1488/1909/2621 1490/1910/2622 1489/1911/2623
f 1489/1912/2624 1490/1913/2625 1492/1914/2626 1491/1915/2627
f 1491/1916/2628 1492/1917/2629 1494/1918/2630 1493/1919/2631
f 1493/1919/2632 1494/1918/2633 1488/1909/2634 1487/1908/2635
f 1488/1909/2636 1494/1918/2637 1492/1920/2638 1490/1921/2639
f 1493/1919/2640 1487/1908/2641 1489/1922/2642 1491/1923/2643
f 1495/1924/2644 1496/1925/2645 1498/1926/2646 1497/1927/2647
f 1497/1928/2648 1498/1929/2649 1500/1930/2650 1499/1931/2651
f 1499/1932/2652 1500/1933/2653 1502/1934/2654 1501/1935/2655
f 1501/1935/2656 1502/1934/2657 1496/1925/2658 1495/1924/2659
f 1496/1925/2660 1502/1934/2661 1500/1936/2662 1498/1937/2663
f 1501/1935/2664 1495/1924/2665 1497/1938/2666 1499/1939/2667
f 1503/1940/2668 1504/1941/2669 1506/1942/2670 1505/1943/2671
f 1505/1944/2672 1506/1945/2673 1508/1946/2674 1507/1947/2675
f 1507/1948/2676 1508/1949/2677 1510/1950/2678 1509/1951/2679
f 1509/1951/2680 1510/1950/2681 1504/1941/2682 1503/1940/2683
f 1504/1941/2684 1510/1950/2685 1508/1952/2686 1506/1953/2687
f 1509/1951/2688 1503/1940/2689 1505/1954/2690 1507/1955/2691
f 1511/1956/2692 1512/1957/2693 1514/1958/2694 1513/1959/2695
f 1513/1960/2696 1514/1961/2697 1516/1962/2698 1515/1963/2699
f 1515/1964/2700 1516/1965/2701 1518/1966/2702 1517/1967/2703
f 1517/1967/2704 1518/1966/2705 1512/1957/2706 1511/1956/2707
f 1512/1957/2708 1518/1966/2709 1516/1968/2710 1514/1969/2711
f 1517/1967/2712 1511/1956/2713 1513/1970/2714 1515/1971/2715
f 1519/1972/2716 1520/1973/2717 1522/1974/2718 1521/1975/2719
f 1521/1976/2720 1522/1977/2721 1524/1978/2722 1523/1979/2723
f 1523/1980/2724 1524/1981/2725 1526/1982/2726 1525/1983/2727
f 1525/1983/2728 1526/1982/2729 1520/1973/2730 1519/1972/2731
f 1520/1973/2732 1526/1982/2733 1524/1984/2734 1522/1985/2735
f 1525/1983/2736 1519/1972/2737 1521/1986/2738 1523/1987/2739
f 1527/1988/2740 1528/1989/2741 1530/1990/2742 1529/1991/2743
f 1529/1992/2744 1530/1993/2745 1532/1994/2746 1531/1995/2747
f 1531/1996/2748 1532/1997/2749 1534/1998/2750 1533/1999/2751
f 1533/1999/2752 1534/1998/2753 1528/1989/2754 1527/1988/2755
f 1528/1989/2756 1534/1998/2757 1532/2000/2758 1530/2001/2759
f 1533/1999/2760 1527/1988/2761 1529/2002/2762 1531/2003/2763
f 1535/2004/2764 1536/2005/2765 1538/2006/2766 1537/2007/2767
f 1537/2008/2768 1538/2009/2769 1540/2010/2770 1539/2011/2771
f 1539/2012/2772 1540/2013/2773 1542/2014/2774 1541/2015/2775
f 1541/2015/2776 1542/2014/2777 1536/2005/2778 1535/2004/2779
f 1536/2005/2780 1542/2014/2781 1540/2016/2782 1538/2017/2783
f 1541/2015/2784 1535/2004/2785 1537/2018/2786 1539/2019/2787
f 1543/2020/2788 1544/2021/2789 1546/2022/2790 1545/2023/2791
f 1545/2024/2792 1546/2025/2793 1548/2026/2794 1547/2027/2795
f 1547/2028/2796 1548/2029/2797 1550/2030/2798 1549/2031/2799
f 1549/2031/2800 1550/2030/2801 1544/2021/2802 1543/2020/2803
f 1544/2021/2804 1550/2030/2805 1548/2032/2806 1546/2033/2807
f 1549/2031/2808 1543/2020/2809 1545/2034/2810 1547/2035/2811
f 1551/2036/2812 1552/2037/2813 1554/2038/2814 1553/2039/2815
f 1553/2040/2816 1554/2041/2817 1556/2042/2818 1555/2043/2819
f 1555/2044/2820 1556/2045/2821 1558/2046/2822 1557/2047/2823
f 1557/2047/2824 1558/2046/2825 1552/2037/2826 1551/2036/2827
f 1552/2037/2828 1558/2046/2829 1556/2048/2830 1554/2049/2831
f 1557/2047/2832 1551/2036/2833 1553/2050/2834 1555/2051/2835
f 1559/2052/2836 1560/2053/2837 1562/2054/2838 1561/2055/2839
f 1561/2056/2840 1562/2057/2841 1564/2058/2842 1563/2059/2843
f 1563/2060/2844 1564/2061/2845 1566/2062/2846 1565/2063/2847
f 1565/2063/2848 1566/2062/2849 1560/2053/2850 1559/2052/2851
f 1560/2053/2852 1566/2062/2853 1564/2064/2854 1562/2065/2855
f 1565/2063/2856 1559/2052/2857 1561/2066/2858 1563/2067/2859
g default
v 418.632169 1.039855 -94.519388
v 399.050427 1.039855 -94.897886
v 364.245671 1.039855 -78.003127
v 346.018644 1.039855 -43.877326
v 345.640120 1.039855 -24.295610
v 362.534882 1.039855 10.509127
v 396.660715 1.039855 28.736268
v 416.242432 1.039855 29.114750
v 451.047112 1.039847 12.220095
v 469.274208 1.039855 -21.905763
v 469.652775 1.039855 -41.487509
v 452.758007 1.039855 -76.292220
v 418.632169 70.162608 -94.519388
v 399.050427 70.162608 -94.897886
v 364.245671 70.162608 -78.003127
v 346.018644 70.162608 -43.877326
v 345.640120 70.162608 -24.295610
v 362.534882 70.162608 10.509127
v 396.660715 70.162608 28.736268
v 416.242432 70.162608 29.114750
v 451.047112 70.162608 12.220095
v 469.274208 70.162608 -21.905763
v 469.652775 70.162608 -41.487509
v 452.758007 70.162608 -76.292220
v 439.620595 70.162619 -63.653064
v 415.432860 70.162619 -76.571999
v 401.553859 70.162619 -76.840374
v 376.884925 70.162619 -64.865602
v 363.965913 70.162619 -40.677964
v 363.697736 70.162619 -26.798956
v 375.672364 70.162619 -2.130107
v 399.860032 70.162619 10.788887
v 413.739026 70.162619 11.057244
v 438.407846 70.162619 -0.917398
v 451.326947 70.162619 -25.105127
v 451.595157 70.162619 -38.984155
v 439.620595 1.189532 -63.653064
v 415.432860 1.189532 -76.571999
v 401.553859 1.189532 -76.840374
v 376.884925 1.189532 -64.865602
v 363.965913 1.189532 -40.677964
v 363.697736 1.189532 -26.798956
v 375.672364 1.189532 -2.130107
v 399.860032 1.189532 10.788887
v 413.739026 1.189532 11.057244
v 438.407846 1.189532 -0.917398
v 451.326947 1.189532 -25.105127
v 451.595157 1.189532 -38.984155
v 326.636306 1.039855 -44.580705
v 327.351350 1.039855 -25.008354
v 327.351350 70.162608 -25.008354
v 326.636306 70.162608 -44.580705
v 487.395352 1.039855 -22.529914
v 488.155019 1.039855 -42.100589
v 488.155019 70.162608 -42.100589
v 487.395341 70.162608 -22.529903
v 345.019191 223.674787 -42.915752
v 344.269906 223.674787 -22.977336
v 325.275947 223.674787 -43.271939
v 325.641474 223.674787 -23.363321
v 471.582351 223.674772 -23.329648
v 470.994309 223.674772 -42.778149
v 488.727241 223.674772 -23.811290
v 489.864812 223.674772 -43.745536
v 345.640133 192.336910 -24.295597
v 327.351339 192.336910 -25.008344
v 326.636296 192.336910 -44.580695
v 346.018649 192.336910 -43.877320
v 469.652778 192.206840 -41.487506
v 470.028823 192.206840 -22.631753
v 488.155019 192.206825 -42.100589
v 487.395341 192.206825 -22.529903
v 495.962041 193.123062 -42.492856
v 495.673676 193.222879 -22.909788
v 504.516620 222.464054 -43.968026
v 508.731882 223.063555 -24.460565
v 319.197220 194.062163 -26.710511
v 317.049706 195.296582 -46.138658
v 303.326247 220.715131 -21.668497
v 301.461421 222.139961 -41.441636
v 469.652778 148.297692 -41.487506
v 488.155019 148.297692 -42.100589
v 487.395341 148.297692 -22.529903
v 469.757302 148.297692 -22.370530
v 345.640138 148.538534 -24.295602
v 327.351350 148.538534 -25.008354
v 326.636306 148.538534 -44.580705
v 346.018649 148.538534 -43.877320
v 487.395341 162.509070 -22.529903
v 469.845174 162.509085 -22.455069
v 469.652762 162.509085 -41.487501
v 488.155009 162.509070 -42.100578
v 345.640133 162.749942 -24.295597
v 327.351347 162.749942 -25.008336
v 326.636296 162.749942 -44.580695
v 346.018649 162.749942 -43.877320
v 485.972617 170.487802 36.226233
v 468.334622 170.487802 36.385565
v 485.972617 184.699225 36.226233
v 468.422472 184.699240 36.301046
v 344.217426 170.728689 34.460514
v 325.928640 170.728689 33.747774
v 344.217421 184.940097 34.460519
v 325.928640 184.940097 33.747774
v 470.049516 170.459729 -98.311216
v 488.551752 170.459729 -98.924282
v 470.049516 184.671152 -98.311216
v 488.551752 184.671137 -98.924282
v 327.033039 170.700601 -101.404409
v 346.415385 170.700601 -100.701011
v 327.033039 184.912009 -101.404409
v 346.415385 184.912009 -100.701011
vt 0.192947 0.001098
vt 0.243393 0.000007
vt 0.236221 0.159821
vt 0.195838 0.158363
vt 0.340734 0.012244
vt 0.318096 0.168587
vt 0.430824 0.031290
vt 0.632750 0.206546
vt 0.678061 0.045167
vt 0.723789 0.045175
vt 0.723761 0.206561
vt 0.678033 0.206553
vt 0.766493 0.206569
vt 0.727018 0.002565
vt 0.094421 0.428106
vt 0.115313 0.588220
vt 0.192947 0.420009
vt 0.196451 0.577343
vt 0.243415 0.418717
vt 0.236849 0.578642
vt 0.340865 0.430547
vt 0.318799 0.587064
vt 0.431111 0.449190
vt 0.443558 0.623234
vt 0.485888 0.461848
vt 0.531615 0.461846
vt 0.531620 0.623232
vt 0.485892 0.623234
vt 0.397834 0.623803
vt 0.528508 0.418736
vt 0.094441 0.008818
vt 0.114690 0.168935
vt 0.623617 0.132354
vt 0.316250 0.255305
vt 0.284311 0.255303
vt 0.221220 0.255299
vt 0.158130 0.255295
vt 0.126192 0.255293
vt 0.063101 0.255289
vt 0.632490 0.255325
vt 0.600552 0.255324
vt 0.537461 0.255320
vt 0.474370 0.255315
vt 0.442431 0.255314
vt 0.379331 0.418726
vt 0.316240 0.418722
vt 0.284302 0.418720
vt 0.221211 0.418716
vt 0.158120 0.418712
vt 0.126182 0.418710
vt 0.063091 0.418706
vt 0.632480 0.418742
vt 0.600542 0.418740
vt 0.537451 0.418736
vt 0.474360 0.418732
vt 0.442422 0.418730
vt 0.575182 0.561489
vt 0.577113 0.605769
vt 0.841465 0.150907
vt 0.887268 0.151767
vt 0.258790 0.797909
vt 0.887650 0.561738
vt 0.213146 0.757496
vt 0.258910 0.753874
vt 0.575321 0.751921
vt 0.575347 0.783139
vt 0.891035 0.370995
vt 0.136084 0.957288
vt 0.999999 0.676215
vt 0.998223 0.751845
vt 0.771820 0.963796
vt 0.922507 0.958026
vt 0.723711 0.491811
vt 0.766443 0.491819
vt 0.846922 0.022245
vt 0.956010 0.134166
vt 0.890867 0.099134
vt 0.844242 0.095453
vt 0.812171 0.491827
vt 0.677983 0.491803
vt 0.574856 0.908176
vt 0.445359 0.908183
vt 0.531634 0.908178
vt 0.233200 0.637134
vt 0.329451 0.737917
vt 0.259599 0.719665
vt 0.213609 0.710772
vt 0.485906 0.908181
vt 0.922498 0.815619
vt 0.879306 0.817236
vt 0.996602 0.805173
vt 0.953410 0.803561
vt 0.953419 0.945968
vt 0.740777 0.952079
vt 0.812971 0.815835
vt 0.771809 0.817119
vt 0.740766 0.805401
vt 0.844084 0.804302
vt 0.136082 0.810611
vt 0.093353 0.810022
vt 0.209852 0.798300
vt 0.167123 0.798890
vt 0.167125 0.945567
vt 0.860121 0.358942
vt 0.936287 0.229819
vt 0.891021 0.228588
vt 0.860107 0.216535
vt 0.967199 0.217760
vt 1.000000 0.698867
vt 0.998109 0.729193
vt 0.575182 0.698051
vt 0.575207 0.729269
vt 0.064281 0.230079
vt 0.126525 0.207437
vt 0.043563 0.255281
vt 0.307981 0.626763
vt 0.237378 0.617883
vt 0.197877 0.620340
vt 0.127375 0.626773
vt 0.065531 0.650032
vt 0.371922 0.230966
vt 0.307266 0.208089
vt 0.236616 0.199025
vt 0.197089 0.201332
vt 0.000000 0.418702
vt 0.624512 0.068337
vt 0.379341 0.255309
vt 0.610203 0.039256
vt 0.558939 0.000903
vt 0.494922 0.000008
vt 0.000010 0.255285
vt 0.465841 0.014316
vt 0.427488 0.065581
vt 0.426593 0.129598
vt 0.440902 0.158679
vt 0.492166 0.197032
vt 0.556183 0.197927
vt 0.585264 0.183618
vt 0.000000 0.028185
vt 0.034357 0.197043
vt 0.443554 0.461849
vt 0.402935 0.614068
vt 0.000000 0.447815
vt 0.430971 0.232060
vt 0.632778 0.045159
vt 0.401824 0.196187
vt 0.005923 0.233513
vt 0.372117 0.650014
vt 0.034926 0.616485
vt 0.393675 0.255312
vt 0.139774 0.758971
vt 0.000013 0.960837
vt 0.883901 0.491827
vt 0.281188 0.632517
vt 0.332774 0.799570
vt 0.038099 0.959138
vt 0.961367 0.196418
vt 0.000000 0.625227
vt 0.039573 0.625537
vt 0.579742 0.675400
vt 0.768762 0.150119
vt 0.900277 0.007392
vt 0.855123 0.000000
vt 0.960383 0.153642
vt 0.237744 0.618173
vt 0.332105 0.756281
vt 0.139002 0.799540
vt 0.212762 0.797514
vt 0.883238 0.674896
vt 0.886297 0.604937
vt 0.766909 0.195485
vt 0.840606 0.196826
vt 0.578582 0.491826
vt 0.887861 0.195290
vt 0.142628 0.739603
vt 0.276989 0.650407
vt 0.776858 0.127473
vt 0.892555 0.025696
vt 0.812183 0.422748
vt 0.062313 0.944979
vt 0.444927 0.838844
vt 0.848401 0.947589
vt 0.936301 0.372226
vt 0.766461 0.389559
vt 0.812982 0.962512
vt 0.400088 0.806216
vt 0.575476 0.675399
vt 0.999869 0.782307
vt 0.574853 0.838839
vt 0.531630 0.838841
vt 0.485903 0.838843
vt 0.699815 0.950990
vt 0.485901 0.805663
vt 0.444719 0.805665
vt 0.879314 0.959643
vt 0.531629 0.805660
vt 0.400491 0.839382
vt 0.401329 0.908715
vt 0.574842 0.623231
vt 0.574851 0.805658
vt 0.574837 0.461845
vt 0.482789 0.419627
vt 0.921257 0.782462
vt 0.848393 0.805182
vt 0.878065 0.784079
vt 0.996611 0.947580
vt 0.699804 0.804313
vt 0.811730 0.782677
vt 0.770774 0.783954
vt 0.844095 0.950979
vt 0.814841 0.217775
vt 0.937189 0.196651
vt 0.891923 0.195420
vt 0.814855 0.360182
vt 0.967213 0.360167
vt 0.136539 0.777433
vt 0.062311 0.798302
vt 0.093810 0.776844
vt 0.209854 0.944977
vt 0.766455 0.422740
vt 0.677995 0.422724
vt 0.723723 0.422732
vt 0.678001 0.389544
vt 0.632718 0.389536
vt 0.812189 0.389567
vt 0.093355 0.956699
vt 0.723729 0.389552
vt 0.812221 0.206577
vt 0.766522 0.045183
vt 0.681363 0.000005
vt 0.632712 0.422716
vt 0.632700 0.491795
vn 0.327340 0.000000 -0.944907
vn -0.290579 0.000000 -0.956851
vn -0.290579 0.000000 -0.956851
vn 0.327340 0.000000 -0.944907
vn -0.693310 0.000000 -0.720640
vn -0.693310 0.000000 -0.720640
vn -0.882067 0.000000 -0.471123
vn -0.882067 0.000000 -0.471123
vn -0.999333 0.000000 0.036509
vn -0.999333 0.000000 0.036509
vn -0.999333 0.000000 0.036509
vn -0.999333 0.000000 0.036509
vn -0.899614 0.000000 0.436686
vn -0.899614 0.000000 0.436686
vn -0.720640 0.000000 0.693309
vn -0.720640 0.000000 0.693309
vn -0.327339 0.000000 0.944907
vn -0.327339 0.000000 0.944907
vn 0.290578 0.000000 0.956851
vn 0.290578 0.000000 0.956851
vn 0.693309 0.000000 0.720640
vn 0.693309 0.000000 0.720640
vn 0.882067 0.000000 0.471124
vn 0.882067 0.000000 0.471124
vn 0.999247 0.000000 0.038788
vn 0.999247 0.000000 0.038788
vn 0.999247 0.000000 0.038788
vn 0.999247 0.000000 0.038788
vn 0.899614 0.000000 -0.436687
vn 0.899614 0.000000 -0.436687
vn 0.720640 0.000000 -0.693309
vn 0.720640 0.000000 -0.693309
vn -0.000000 1.000000 -0.000000
vn -0.000000 1.000000 -0.000000
vn -0.000000 1.000000 -0.000000
vn -0.000000 1.000000 -0.000000
vn -0.000000 1.000000 -0.000000
vn -0.000000 1.000000 -0.000000
vn -0.000000 1.000000 -0.000000
vn -0.000000 1.000000 -0.000000
vn -0.000000 1.000000 -0.000000
vn -0.000000 1.000000 -0.000000
vn -0.000000 1.000000 -0.000000
vn -0.000000 1.000000 -0.000000
vn 0.000000 1.000000 -0.000001
vn 0.000000 1.000000 -0.000001
vn 0.000000 1.000000 -0.000001
vn 0.000000 1.000000 -0.000001
vn 0.000000 1.000000 -0.000001
vn 0.000000 1.000000 -0.000001
vn 0.000000 1.000000 -0.000001
vn 0.000000 1.000000 -0.000001
vn -0.000000 1.000000 -0.000001
vn -0.000000 1.000000 -0.000001
vn -0.000000 1.000000 -0.000001
vn -0.000000 1.000000 -0.000001
vn -0.000001 1.000000 -0.000000
vn -0.000001 1.000000 -0.000000
vn -0.000001 1.000000 -0.000000
vn -0.000001 1.000000 -0.000000
vn -0.000001 1.000000 0.000000
vn -0.000001 1.000000 0.000000
vn -0.000001 1.000000 0.000000
vn -0.000001 1.000000 0.000000
vn -0.000001 1.000000 0.000000
vn -0.000001 1.000000 0.000000
vn -0.000001 1.000000 0.000000
vn -0.000001 1.000000 0.000000
vn -0.000000 1.000000 0.000001
vn -0.000000 1.000000 0.000001
vn -0.000000 1.000000 0.000001
vn -0.000000 1.000000 0.000001
vn -0.000000 1.000000 0.000001
vn -0.000000 1.000000 0.000001
vn -0.000000 1.000000 0.000001
vn -0.000000 1.000000 0.000001
vn 0.000000 1.000000 0.000001
vn 0.000000 1.000000 0.000001
vn 0.000000 1.000000 0.000001
vn 0.000000 1.000000 0.000001
vn 0.000000 1.000000 0.000000
vn 0.000000 1.000000 0.000000
vn 0.000000 1.000000 0.000000
vn 0.000000 1.000000 0.000000
vn 0.000001 1.000000 -0.000000
vn 0.000001 1.000000 -0.000000
vn 0.000001 1.000000 -0.000000
vn 0.000001 1.000000 -0.000000
vn 0.000001 1.000000 -0.000000
vn 0.000001 1.000000 -0.000000
vn 0.000001 1.000000 -0.000000
vn 0.000001 1.000000 -0.000000
vn -0.471122 0.000000 0.882068
vn -0.471122 0.000000 0.882068
vn -0.471122 0.000000 0.882068
vn -0.471122 0.000000 0.882068
vn -0.019333 0.000000 0.999813
vn -0.019333 0.000000 0.999813
vn -0.019333 0.000000 0.999813
vn -0.019333 0.000000 0.999813
vn 0.436689 0.000000 0.899612
vn 0.436689 0.000000 0.899612
vn 0.436689 0.000000 0.899612
vn 0.436689 0.000000 0.899612
vn 0.882066 0.000000 0.471126
vn 0.882066 0.000000 0.471126
vn 0.882066 0.000000 0.471126
vn 0.882066 0.000000 0.471126
vn 0.999813 0.000000 0.019319
vn 0.999813 0.000000 0.019319
vn 0.999813 0.000000 0.019319
vn 0.999813 0.000000 0.019319
vn 0.899614 0.000000 -0.436686
vn 0.899614 0.000000 -0.436686
vn 0.899614 0.000000 -0.436686
vn 0.899614 0.000000 -0.436686
vn 0.471125 0.000000 -0.882067
vn 0.471125 0.000000 -0.882067
vn 0.471125 0.000000 -0.882067
vn 0.471125 0.000000 -0.882067
vn 0.019332 0.000000 -0.999813
vn 0.019332 0.000000 -0.999813
vn 0.019332 0.000000 -0.999813
vn 0.019332 0.000000 -0.999813
vn -0.436687 0.000000 -0.899614
vn -0.436687 0.000000 -0.899614
vn -0.436687 0.000000 -0.899614
vn -0.436687 0.000000 -0.899614
vn -0.882065 0.000000 -0.471127
vn -0.882065 0.000000 -0.471127
vn -0.882065 0.000000 -0.471127
vn -0.882065 0.000000 -0.471127
vn -0.999813 0.000000 -0.019321
vn -0.999813 0.000000 -0.019321
vn -0.999813 0.000000 -0.019321
vn -0.999813 0.000000 -0.019321
vn -0.899615 0.000000 0.436683
vn -0.899615 0.000000 0.436683
vn -0.899615 0.000000 0.436683
vn -0.899615 0.000000 0.436683
vn 0.000000 -1.000000 0.000000
vn 0.000000 -1.000000 0.000000
vn 0.000000 -1.000000 0.000000
vn 0.000000 -1.000000 0.000000
vn -0.038942 0.000000 0.999241
vn -0.038942 0.000000 0.999241
vn -0.038942 0.000000 0.999241
vn -0.038942 0.000000 0.999241
vn 0.000000 1.000000 0.000000
vn 0.000000 1.000000 0.000000
vn 0.000000 1.000000 0.000000
vn 0.000000 1.000000 0.000000
vn 0.036266 0.000000 -0.999342
vn 0.036266 0.000000 -0.999342
vn 0.036266 0.000000 -0.999342
vn 0.036266 0.000000 -0.999342
vn 0.000000 -1.000000 0.000000
vn 0.000000 -1.000000 0.000000
vn 0.000000 -1.000000 0.000000
vn 0.000000 -1.000000 0.000000
vn -0.033117 0.000000 -0.999451
vn -0.033117 0.000000 -0.999451
vn -0.033117 0.000000 -0.999451
vn -0.033117 0.000000 -0.999451
vn 0.000000 1.000000 0.000000
vn 0.000000 1.000000 0.000000
vn 0.000000 1.000000 0.000000
vn 0.000000 1.000000 0.000000
vn 0.034423 -0.000000 0.999407
vn 0.034423 -0.000000 0.999407
vn 0.034423 -0.000000 0.999407
vn 0.034423 -0.000000 0.999407
vn 0.999813 -0.000000 0.019327
vn 0.999813 -0.000000 0.019327
vn 0.999813 -0.000000 0.019327
vn 0.999813 -0.000000 0.019327
vn 0.036266 0.000000 -0.999342
vn 0.036266 0.000000 -0.999342
vn 0.036266 0.000000 -0.999342
vn 0.036266 0.000000 -0.999342
vn -0.999333 0.000000 0.036509
vn -0.999333 0.000000 0.036509
vn -0.999333 -0.000000 0.036509
vn -0.999333 -0.000000 0.036509
vn -0.038942 -0.000000 0.999241
vn -0.038942 -0.000000 0.999241
vn -0.038942 -0.000000 0.999241
vn -0.038942 -0.000000 0.999241
vn -0.999970 0.003070 -0.007081
vn -0.999970 0.003070 -0.007081
vn -0.541929 -0.840416 -0.003838
vn -0.529391 -0.848370 -0.003749
vn 0.021906 0.002906 0.999756
vn 0.021906 0.002906 0.999756
vn 0.021906 0.002906 0.999756
vn 0.021906 0.002906 0.999756
vn 0.999247 0.000000 0.038788
vn 0.999247 0.000000 0.038788
vn 0.999247 0.000000 0.038788
vn 0.999247 0.000000 0.038788
vn -0.033117 0.000000 -0.999451
vn -0.033117 0.000000 -0.999451
vn -0.033117 0.000000 -0.999451
vn -0.033117 0.000000 -0.999451
vn -0.034107 -0.025560 0.999091
vn -0.034245 -0.024832 0.999105
vn -0.029714 -0.048663 0.998373
vn -0.029714 -0.048663 0.998373
vn -0.856560 -0.513334 0.052849
vn -0.856560 -0.513334 0.052849
vn -0.856560 -0.513334 0.052849
vn -0.856560 -0.513334 0.052849
vn 0.031555 0.019046 -0.999320
vn 0.031449 0.019474 -0.999316
vn 0.027052 0.037204 -0.998942
vn 0.027052 0.037204 -0.998942
vn -0.001049 -0.999999 -0.000000
vn -0.001049 -0.999999 -0.000000
vn -0.001049 -0.999999 -0.000000
vn -0.001049 -0.999999 -0.000000
vn 0.010123 -0.005294 -0.999935
vn 0.010123 -0.005294 -0.999935
vn 0.010123 -0.005294 -0.999935
vn 0.010123 -0.005294 -0.999935
vn -0.000000 1.000000 -0.000001
vn -0.000000 1.000000 -0.000001
vn -0.000000 1.000000 -0.000001
vn -0.000000 1.000000 -0.000001
vn -0.005216 -0.009862 0.999938
vn -0.005215 -0.009862 0.999938
vn -0.005215 -0.009862 0.999938
vn -0.005216 -0.009862 0.999938
vn -0.037910 -0.023419 -0.999007
vn -0.037766 -0.022715 -0.999028
vn -0.042210 -0.044510 -0.998117
vn -0.042210 -0.044510 -0.998117
vn 0.934253 -0.345666 -0.087668
vn 0.934253 -0.345666 -0.087668
vn 0.934253 -0.345666 -0.087668
vn 0.934253 -0.345666 -0.087668
vn 0.005146 0.017032 0.999842
vn 0.005328 0.017466 0.999833
vn 0.010999 0.030928 0.999461
vn 0.010999 0.030928 0.999461
vn 0.119539 -0.992813 0.005731
vn 0.119539 -0.992813 0.005731
vn 0.119539 -0.992813 0.005731
vn 0.119539 -0.992813 0.005731
vn -0.027943 -0.046518 -0.998527
vn -0.027943 -0.046518 -0.998527
vn -0.027942 -0.046518 -0.998527
vn -0.027943 -0.046518 -0.998527
vn 0.052006 0.998461 -0.019235
vn 0.052006 0.998461 -0.019235
vn 0.052006 0.998461 -0.019235
vn 0.052006 0.998461 -0.019235
vn 0.035799 0.037730 0.998646
vn 0.035799 0.037730 0.998646
vn 0.035799 0.037730 0.998646
vn 0.035799 0.037730 0.998646
vn -0.253240 -0.967329 -0.012031
vn -0.253240 -0.967329 -0.012031
vn -0.253240 -0.967329 -0.012031
vn -0.253240 -0.967329 -0.012031
vn 0.004348 -0.113251 0.993557
vn 0.004348 -0.113251 0.993557
vn 0.004348 -0.113251 0.993557
vn 0.004348 -0.113251 0.993557
vn -0.093788 0.994748 0.040989
vn -0.093788 0.994748 0.040989
vn -0.093788 0.994748 0.040989
vn -0.093788 0.994748 0.040989
vn -0.003777 0.101590 -0.994819
vn -0.003777 0.101590 -0.994819
vn -0.003777 0.101590 -0.994819
vn -0.003777 0.101590 -0.994819
vn -0.033116 0.000000 -0.999452
vn -0.033116 0.000000 -0.999452
vn -0.033116 0.000000 -0.999452
vn -0.033116 0.000000 -0.999452
vn 0.999247 0.000000 0.038788
vn 0.999247 0.000000 0.038788
vn 0.006653 0.002953 0.999973
vn 0.006653 0.002953 0.999973
vn 0.006653 0.002953 0.999973
vn 0.006653 0.002953 0.999973
vn -0.038942 -0.000000 0.999241
vn -0.038942 -0.000000 0.999241
vn -0.038942 -0.000000 0.999241
vn -0.038942 -0.000000 0.999241
vn -0.999333 -0.000000 0.036509
vn -0.999333 -0.000000 0.036509
vn 0.036267 0.000000 -0.999342
vn 0.036267 0.000000 -0.999342
vn 0.036267 0.000000 -0.999342
vn 0.036267 0.000000 -0.999342
vn -0.000774 0.002977 0.999995
vn -0.000774 0.002977 0.999995
vn -0.222937 0.974827 0.003382
vn -0.229601 0.973279 0.003482
vn -0.999883 0.003136 0.015002
vn -0.999883 0.003136 0.015002
vn -0.033117 -0.000000 -0.999452
vn -0.033117 -0.000000 -0.999452
vn 0.999247 -0.000000 0.038788
vn 0.999247 -0.000000 0.038788
vn -0.038942 0.000000 0.999241
vn -0.038942 0.000000 0.999241
vn -0.999333 -0.000000 0.036509
vn -0.999333 -0.000000 0.036509
vn 0.036266 0.000000 -0.999342
vn 0.036266 0.000000 -0.999342
vn 0.999813 0.000000 0.019327
vn 0.999813 0.000000 0.019327
vn 0.999813 0.000000 0.019327
vn 0.999813 0.000000 0.019327
vn 0.003193 -0.935477 0.353374
vn 0.003193 -0.935477 0.353374
vn 0.003193 -0.935477 0.353374
vn 0.003193 -0.935477 0.353374
vn 0.999707 0.000000 0.024207
vn 0.999707 0.000000 0.024207
vn 0.999707 0.000000 0.024207
vn 0.999707 0.000000 0.024207
vn -0.001506 0.935494 -0.353340
vn -0.001506 0.935494 -0.353340
vn -0.001506 0.935494 -0.353340
vn -0.001506 0.935494 -0.353340
vn -0.999631 0.006023 -0.026479
vn -0.999631 0.006023 -0.026479
vn -0.999631 0.006023 -0.026479
vn -0.999631 0.006023 -0.026479
vn -0.013756 -0.935528 0.352983
vn -0.013756 -0.935528 0.352984
vn -0.013756 -0.935528 0.352983
vn -0.013756 -0.935528 0.352983
vn 0.999707 0.000001 0.024207
vn 0.999707 0.000001 0.024207
vn 0.999707 0.000001 0.024207
vn 0.999707 0.000001 0.024207
vn 0.013756 0.935528 -0.352984
vn 0.013756 0.935528 -0.352984
vn 0.013756 0.935528 -0.352984
vn 0.013756 0.935528 -0.352984
vn -0.999707 0.000000 -0.024207
vn -0.999707 0.000000 -0.024207
vn -0.999707 0.000000 -0.024207
vn -0.999707 0.000000 -0.024207
vn -0.012041 -0.931554 -0.363403
vn -0.012041 -0.931554 -0.363403
vn -0.012041 -0.931554 -0.363403
vn -0.012042 -0.931554 -0.363403
vn -0.999976 -0.000001 -0.006982
vn -0.999976 -0.000001 -0.006982
vn -0.999976 -0.000001 -0.006982
vn -0.999976 -0.000001 -0.006982
vn 0.012042 0.931554 0.363404
vn 0.012042 0.931554 0.363404
vn 0.012042 0.931554 0.363404
vn 0.012042 0.931554 0.363404
vn 0.999976 0.000000 0.006982
vn 0.999976 0.000000 0.006982
vn 0.999976 0.000000 0.006982
vn 0.999976 0.000000 0.006982
vn 0.013182 -0.931600 -0.363246
vn 0.013182 -0.931600 -0.363246
vn 0.013182 -0.931600 -0.363246
vn 0.013182 -0.931600 -0.363246
vn -0.999976 -0.000000 -0.006982
vn -0.999976 -0.000000 -0.006982
vn -0.999976 -0.000000 -0.006982
vn -0.999976 -0.000000 -0.006982
vn -0.013182 0.931600 0.363246
vn -0.013182 0.931600 0.363246
vn -0.013182 0.931600 0.363246
vn -0.013182 0.931600 0.363246
vn 0.999976 0.000000 0.006982
vn 0.999976 0.000000 0.006982
vn 0.999976 0.000000 0.006982
vn 0.999976 0.000000 0.006982
vn -0.001944 -0.999998 -0.000014
vn -0.001944 -0.999998 -0.000014
vn 0.019326 0.000000 -0.999813
vn 0.019326 0.000000 -0.999813
vn 0.019326 0.000000 -0.999813
vn 0.019326 0.000000 -0.999813
vn 0.001943 0.999998 0.000009
vn 0.001943 0.999998 0.000009
vn -0.015156 0.003021 0.999881
vn -0.015156 0.003021 0.999881
vn -0.015156 0.003021 0.999881
vn -0.015156 0.003021 0.999881
s 1
g village_well_RE _village_well
usemtl pasted__lambert2SG
f 1567/2068/2860 1568/2069/2861 1580/2070/2862 1579/2071/2863
f 1580/2070/2862 1568/2069/2861 1569/2072/2864 1581/2073/2865
f 1581/2073/2865 1569/2072/2864 1570/2074/2866 1582/2213/2867
s off
f 1615/2076/2868 1616/2077/2869 1617/2078/2870 1618/2079/2871
s 2
f 1583/2216/2872 1571/2210/2873 1572/2082/2874 1584/2083/2875
f 1584/2083/2875 1572/2082/2874 1573/2084/2876 1585/2085/2877
f 1573/2084/2876 1574/2086/2878 1586/2087/2879 1585/2085/2877
f 1586/2087/2879 1574/2086/2878 1575/2088/2880 1587/2089/2881
f 1587/2089/2881 1575/2088/2880 1576/2090/2882 1588/2209/2883
s off
f 1619/2092/2884 1620/2093/2885 1621/2094/2886 1622/2095/2887
s 1
f 1589/2207/2888 1577/2206/2889 1578/2098/2890 1590/2099/2891
f 1590/2099/2891 1578/2098/2890 1567/2068/2860 1579/2071/2863
s off
f 1603/2100/2892 1604/2205/2893 1605/2204/2894 1606/2203/2895 1607/2202/2896 1608/2201/2897 1609/2200/2898 1610/2199/2899 1611/2197/2900 1612/2196/2901 1613/2195/2902 1614/2193/2903
f 1591/2181/2904 1590/2099/2905 1579/2071/2906 1592/2191/2907
f 1579/2071/2908 1580/2070/2909 1593/2190/2910 1592/2191/2911
f 1593/2190/2912 1580/2070/2913 1581/2073/2914 1594/2189/2915
f 1594/2189/2916 1581/2073/2917 1582/2213/2918 1595/2188/2919
f 1582/2213/2920 1583/2211/2921 1596/2217/2922 1595/2188/2923
f 1596/2187/2924 1583/2216/2925 1584/2083/2926 1597/2186/2927
f 1597/2186/2928 1584/2083/2929 1585/2085/2930 1598/2185/2931
f 1585/2085/2932 1586/2087/2933 1599/2184/2934 1598/2185/2935
f 1599/2184/2936 1586/2087/2937 1587/2089/2938 1600/2183/2939
f 1600/2183/2940 1587/2089/2941 1588/2209/2942 1601/2215/2943
f 1588/2214/2944 1589/2207/2945 1602/2180/2946 1601/2182/2947
f 1602/2180/2948 1589/2207/2949 1590/2099/2950 1591/2181/2951
f 1603/2194/2952 1591/2112/2953 1592/2113/2954 1604/2101/2955
f 1592/2113/2956 1593/2114/2957 1605/2102/2958 1604/2101/2959
f 1605/2102/2960 1593/2114/2961 1594/2115/2962 1606/2103/2963
f 1606/2103/2964 1594/2115/2965 1595/2116/2966 1607/2104/2967
f 1595/2116/2968 1596/2117/2969 1608/2105/2970 1607/2104/2971
f 1608/2105/2972 1596/2117/2973 1597/2118/2974 1609/2106/2975
f 1609/2106/2976 1597/2118/2977 1598/2192/2978 1610/2198/2979
f 1598/2119/2980 1599/2120/2981 1611/2108/2982 1610/2107/2983
f 1611/2108/2984 1599/2120/2985 1600/2121/2986 1612/2109/2987
f 1612/2109/2988 1600/2121/2989 1601/2122/2990 1613/2110/2991
f 1601/2122/2992 1602/2123/2993 1614/2111/2994 1613/2110/2995
f 1614/2111/2996 1602/2123/2997 1591/2112/2998 1603/2194/2999
f 1570/2297/3000 1571/2081/3001 1616/2077/3002 1615/2076/3003
f 1571/2296/3004 1583/2080/3005 1617/2078/3006 1616/2077/3007
f 1624/2241/3008 1623/2239/3009 1625/2126/3010 1626/2127/3011
f 1582/2075/3012 1570/2212/3013 1615/2076/3014 1618/2079/3015
f 1576/2269/3016 1577/2097/3017 1620/2093/3018 1619/2092/3019
f 1577/2268/3020 1589/2266/3021 1621/2094/3022 1620/2093/3023
f 1628/2128/3024 1627/2235/3025 1629/2130/3026 1630/2131/3027
f 1588/2091/3028 1576/2208/3029 1619/2092/3030 1622/2095/3031
f 1583/2080/3032 1582/2295/3033 1654/2292/3034 1651/2251/3035
f 1582/2075/3036 1618/2079/3037 1653/2290/3038 1654/2291/3039
s 3
f 1618/2079/3040 1617/2078/3041 1652/2294/3042 1653/2290/3043
s off
f 1617/2078/3044 1583/2080/3045 1651/2251/3046 1652/2294/3047
s 4
f 1589/2096/3048 1588/2091/3049 1650/2261/3050 1647/2253/3051
s off
f 1588/2091/3052 1622/2095/3053 1649/2260/3054 1650/2261/3055
s 5
f 1622/2095/3056 1621/2094/3057 1648/2263/3058 1649/2260/3059
s off
f 1621/2094/3060 1589/2266/3061 1647/2267/3062 1648/2263/3063
s 6
f 1632/2231/3064 1631/2224/3065 1624/2241/3066 1626/2127/3067
s off
f 1644/2142/3068 1643/2245/3069 1645/2144/3070 1646/2145/3071
s 7
f 1634/2238/3072 1633/2228/3073 1625/2126/3074 1623/2239/3075
s off
f 1631/2225/3076 1634/2226/3077 1635/2223/3078 1636/2219/3079
f 1634/2227/3080 1623/2125/3081 1628/2237/3082 1635/2236/3083
f 1623/2125/3084 1624/2124/3085 1627/2129/3086 1628/2237/3087
f 1624/2124/3088 1631/2240/3089 1636/2220/3090 1627/2129/3091
s 8
f 1637/2233/3092 1635/2222/3093 1628/2128/3094 1630/2131/3095
s off
f 1640/2151/3096 1639/2243/3097 1641/2153/3098 1642/2154/3099
s 9
f 1636/2234/3100 1638/2218/3101 1629/2130/3102 1627/2235/3103
s off
f 1638/2232/3104 1637/2221/3105 1639/2243/3106 1640/2151/3107
f 1637/2233/3108 1630/2131/3109 1641/2153/3110 1639/2152/3111
f 1630/2131/3112 1629/2130/3113 1642/2154/3114 1641/2153/3115
f 1629/2130/3116 1638/2218/3117 1640/2242/3118 1642/2154/3119
f 1633/2230/3120 1632/2229/3121 1643/2245/3122 1644/2142/3123
f 1632/2231/3124 1626/2127/3125 1645/2144/3126 1643/2143/3127
f 1626/2127/3128 1625/2126/3129 1646/2145/3130 1645/2144/3131
f 1625/2126/3132 1633/2228/3133 1644/2244/3134 1646/2145/3135
f 1672/2156/3136 1671/2157/3137 1673/2272/3138 1674/2270/3139
s 5
f 1649/2260/3059 1648/2263/3058 1658/2257/3140 1655/2258/3141
s off
f 1664/2162/3142 1663/2163/3143 1665/2276/3144 1666/2275/3145
f 1668/2166/3146 1667/2167/3147 1669/2285/3148 1670/2283/3149
s 3
f 1653/2290/3043 1652/2294/3042 1660/2289/3150 1661/2288/3151
s off
f 1676/2172/3152 1675/2173/3153 1677/2280/3154 1678/2279/3155
s 9
f 1656/2248/3156 1655/2258/3157 1638/2155/3101 1636/2149/3100
s 10
f 1657/2264/3158 1656/2248/3159 1636/2149/3160 1635/2265/3161
s 8
f 1658/2257/3162 1657/2256/3163 1635/2148/3093 1637/2150/3092
s 5
f 1655/2258/3141 1658/2257/3140 1637/2150/3164 1638/2155/3165
s 6
f 1660/2289/3166 1659/2287/3167 1631/2141/3065 1632/2140/3064
s 3
f 1661/2288/3151 1660/2289/3150 1632/2140/3168 1633/2147/3169
s 7
f 1662/2298/3170 1661/2288/3171 1633/2147/3073 1634/2299/3072
s off
f 1659/2287/3172 1662/2246/3173 1634/2146/3174 1631/2141/3175
f 1650/2252/3176 1649/2138/3177 1663/2163/3178 1664/2162/3179
f 1649/2138/3180 1655/2161/3181 1665/2164/3182 1663/2163/3183
f 1655/2161/3184 1656/2259/3185 1666/2274/3186 1665/2164/3187
f 1656/2277/3188 1650/2252/3189 1664/2162/3190 1666/2165/3191
f 1652/2135/3192 1651/2293/3193 1667/2167/3194 1668/2166/3195
f 1651/2293/3196 1659/2247/3197 1669/2284/3198 1667/2167/3199
f 1659/2286/3200 1660/2170/3201 1670/2169/3202 1669/2168/3203
f 1660/2170/3204 1652/2135/3205 1668/2166/3206 1670/2169/3207
f 1648/2139/3208 1647/2262/3209 1671/2157/3210 1672/2156/3211
f 1647/2262/3212 1657/2249/3213 1673/2271/3214 1671/2157/3215
f 1657/2273/3216 1658/2160/3217 1674/2159/3218 1673/2158/3219
f 1658/2160/3220 1648/2139/3221 1672/2156/3222 1674/2159/3223
f 1654/2250/3224 1653/2134/3225 1675/2173/3226 1676/2172/3227
f 1653/2134/3228 1661/2171/3229 1677/2174/3230 1675/2173/3231
f 1661/2171/3232 1662/2281/3233 1678/2278/3234 1677/2174/3235
f 1662/2282/3236 1654/2250/3237 1676/2172/3238 1678/2175/3239
s 4
f 1651/2133/3240 1654/2132/3241 1647/2137/3051 1650/2255/3050
s off
f 1654/2132/3242 1662/2179/3243 1657/2177/3244 1647/2137/3245
s 10
f 1662/2179/3246 1659/2178/3247 1656/2176/3159 1657/2177/3158
s off
f 1659/2178/3248 1651/2254/3249 1650/2136/3250 1656/2176/3251
